CbWHA1_10.1.p1	CFAC1_160030700.1-p1	1053
CbWHA1_100.1.p1	CFAC1_160017800.1-p1	721
CbWHA1_1000.1.p1	CFAC1_300048100.1-p1	1373
CbWHA1_1001.1.p1	CFAC1_300048200.1-p1	768
CbWHA1_1003.1.p1	CFAC1_300048400.1-p1	1326
CbWHA1_1004.1.p1	CFAC1_300048500.1-p1	496
CbWHA1_1006.1.p1	CFAC1_300048800.1-p1	253
CbWHA1_1007.1.p1	CFAC1_300049700.1-p1	202
CbWHA1_1008.1.p1	CFAC1_300048900.1-p1	1874
CbWHA1_1011.1.p1	CFAC1_300049300.1-p1	321
CbWHA1_1012.1.p1	CFAC1_300049500.1-p1	826
CbWHA1_1013.1.p1	CFAC1_300049600.1-p1	274
CbWHA1_1014.1.p1	CFAC1_300049800.1-p1	155
CbWHA1_1016.1.p1	CFAC1_300050000.1-p1	615
CbWHA1_1017.1.p1	CFAC1_300050100.1-p1	377
CbWHA1_1019.1.p1	CFAC1_300050700.1-p1	286
CbWHA1_102.1.p1	CFAC1_290027500.1-p1	533
CbWHA1_1020.1.p1	CFAC1_300050900.1-p1	494
CbWHA1_1021.1.p1	CFAC1_300051000.1-p1	524
CbWHA1_1022.1.p1	CFAC1_300051100.1-p1	368
CbWHA1_1023.1.p1	CFAC1_300051200.1-p1	348
CbWHA1_1025.1.p1	CFAC1_300051400.1-p1	82.8
CbWHA1_1026.1.p1	CFAC1_300051600.1-p1	943
CbWHA1_1027.1.p1	CFAC1_300051700.1-p1	330
CbWHA1_1028.1.p1	CFAC1_300051800.1-p1	162
CbWHA1_1030.1.p1	CFAC1_300052000.1-p1	597
CbWHA1_1032.1.p1	CFAC1_300052100.1-p1	419
CbWHA1_1033.1.p1	CFAC1_300052200.1-p1	961
CbWHA1_1035.1.p1	CFAC1_300052600.1-p1	654
CbWHA1_1036.1.p1	CFAC1_300052700.1-p1	488
CbWHA1_1037.1.p1	CFAC1_300052800.1-p1	628
CbWHA1_1039.1.p1	CFAC1_300053000.1-p1	516
CbWHA1_1040.1.p1	CFAC1_300053100.1-p1	451
CbWHA1_1042.1.p1	CFAC1_300053900.1-p1	917
CbWHA1_1043.1.p1	CFAC1_300053400.1-p1	2222
CbWHA1_1045.1.p1	CFAC1_300053600.1-p1	1034
CbWHA1_1046.1.p1	CFAC1_300053700.1-p1	875
CbWHA1_1047.1.p1	CFAC1_300053800.1-p1	1400
CbWHA1_1048.1.p1	CFAC1_300054000.1-p1	1302
CbWHA1_105.1.p1	CFAC1_290027600.1-p1	302
CbWHA1_1050.1.p1	CFAC1_300054100.1-p1	1167
CbWHA1_1051.1.p1	CFAC1_300054200.1-p1	209
CbWHA1_1052.1.p1	CFAC1_300054300.1-p1	754
CbWHA1_1053.1.p1	CFAC1_300054300.1-p1	753
CbWHA1_1054.1.p1	CFAC1_300054400.1-p1	889
CbWHA1_1055.1.p1	CFAC1_300054500.1-p1	600
CbWHA1_1056.1.p1	CFAC1_300054800.1-p1	704
CbWHA1_1057.1.p1	CFAC1_300054900.1-p1	1001
CbWHA1_1059.1.p1	CFAC1_300055100.1-p1	498
CbWHA1_106.1.p1	CFAC1_290027900.1-p1	881
CbWHA1_1060.1.p1	CFAC1_300055300.1-p1	644
CbWHA1_1061.1.p1	CFAC1_300055400.1-p1	677
CbWHA1_1062.1.p1	CFAC1_300055600.1-p1	410
CbWHA1_1063.1.p1	CFAC1_300055800.1-p1	967
CbWHA1_1064.1.p1	CFAC1_300056000.1-p1	1299
CbWHA1_1065.1.p1	CFAC1_300056200.1-p1	356
CbWHA1_1066.1.p1	CFAC1_300056300.1-p1	875
CbWHA1_1067.1.p1	CFAC1_300056400.1-p1	896
CbWHA1_1068.1.p1	CFAC1_300056500.1-p1	756
CbWHA1_1069.1.p1	CFAC1_290058300.1-p1	796
CbWHA1_107.1.p1	CFAC1_290028100.1-p1	1388
CbWHA1_1070.1.p1	CFAC1_300056700.1-p1	1358
CbWHA1_1071.1.p1	CFAC1_300056800.1-p1	320
CbWHA1_1072.1.p1	CFAC1_300057100.1-p1	724
CbWHA1_1073.1.p1	CFAC1_300058400.1-p1	1095
CbWHA1_1074.1.p1	CFAC1_300057500.1-p1	636
CbWHA1_1075.1.p1	CFAC1_300057600.1-p1	410
CbWHA1_1076.1.p1	CFAC1_300057700.1-p1	890
CbWHA1_1077.1.p1	CFAC1_300057800.1-p1	1501
CbWHA1_1078.1.p1	CFAC1_300057900.1-p1	567
CbWHA1_1079.1.p1	CFAC1_300058000.1-p1	639
CbWHA1_108.1.p1	CFAC1_290028200.1-p1	565
CbWHA1_1082.1.p1	CFAC1_190043100.1-p1	934
CbWHA1_1084.1.p1	CFAC1_190043300.1-p1	289
CbWHA1_1085.1.p1	CFAC1_190043200.1-p1	952
CbWHA1_1086.1.p1	CFAC1_190043000.1-p1	1137
CbWHA1_1087.1.p1	CFAC1_190042900.1-p1	1872
CbWHA1_1088.1.p1	CFAC1_190042800.1-p1	983
CbWHA1_1089.1.p1	CFAC1_190042700.1-p1	520
CbWHA1_109.1.p1	CFAC1_290028700.1-p1	714
CbWHA1_1090.1.p1	CFAC1_190042600.1-p1	455
CbWHA1_1091.1.p1	CFAC1_190042400.1-p1	760
CbWHA1_1092.1.p1	CFAC1_190042300.1-p1	662
CbWHA1_1094.1.p1	CFAC1_190042000.1-p1	775
CbWHA1_1096.1.p1	CFAC1_190041800.1-p1	680
CbWHA1_1097.1.p1	CFAC1_190041700.1-p1	1847
CbWHA1_1098.1.p1	CFAC1_190041500.1-p1	1188
CbWHA1_1099.1.p1	CFAC1_190041400.1-p1	533
CbWHA1_11.1.p1	CFAC1_160030600.1-p1	747
CbWHA1_1100.1.p1	CFAC1_190041200.1-p1	337
CbWHA1_1102.1.p1	CFAC1_190040900.1-p1	1302
CbWHA1_1103.1.p1	CFAC1_190040800.1-p1	293
CbWHA1_1106.1.p1	CFAC1_190040400.1-p1	585
CbWHA1_1107.1.p1	CFAC1_190040300.1-p1	1139
CbWHA1_1108.1.p1	CFAC1_190040200.1-p1	832
CbWHA1_111.1.p1	CFAC1_290028400.1-p1	392
CbWHA1_1110.1.p1	CFAC1_190039900.1-p1	290
CbWHA1_1111.1.p1	CFAC1_190039700.1-p1	610
CbWHA1_1112.1.p1	CFAC1_190039500.1-p1	728
CbWHA1_1113.1.p1	CFAC1_190039400.1-p1	534
CbWHA1_1114.1.p1	CFAC1_190039300.1-p1	216
CbWHA1_1115.1.p1	CFAC1_190039000.1-p1	499
CbWHA1_1116.1.p1	CFAC1_300099300.1-p1	706
CbWHA1_1117.1.p1	CFAC1_190038700.1-p1	1003
CbWHA1_1118.1.p1	CFAC1_190038600.1-p1	1114
CbWHA1_1119.1.p1	CFAC1_190038400.1-p1	476
CbWHA1_1120.1.p1	CFAC1_190038300.1-p1	177
CbWHA1_1121.1.p1	CFAC1_190038200.1-p1	223
CbWHA1_1122.1.p1	CFAC1_190038100.1-p1	1222
CbWHA1_1123.1.p1	CFAC1_190038000.1-p1	189
CbWHA1_1124.1.p1	CFAC1_190037800.1-p1	412
CbWHA1_1125.1.p1	CFAC1_190037700.1-p1	594
CbWHA1_1126.1.p1	CFAC1_190037600.1-p1	627
CbWHA1_1127.1.p1	CFAC1_190037500.1-p1	612
CbWHA1_1128.1.p1	CFAC1_190037400.1-p1	442
CbWHA1_1129.1.p1	CFAC1_190037300.1-p1	904
CbWHA1_113.1.p1	CFAC1_290028800.1-p1	394
CbWHA1_1130.1.p1	CFAC1_190036300.1-p1	715
CbWHA1_1131.1.p1	CFAC1_190037000.1-p1	251
CbWHA1_1132.1.p1	CFAC1_190036900.1-p1	624
CbWHA1_1133.1.p1	CFAC1_190036800.1-p1	533
CbWHA1_1134.1.p1	CFAC1_190036600.1-p1	280
CbWHA1_1135.1.p1	CFAC1_190036500.1-p1	649
CbWHA1_1136.1.p1	CFAC1_190036200.1-p1	625
CbWHA1_1137.1.p1	CFAC1_190036100.1-p1	126
CbWHA1_1138.1.p1	CFAC1_190036000.1-p1	858
CbWHA1_1139.1.p1	CFAC1_190035900.1-p1	504
CbWHA1_114.1.p1	CFAC1_290028900.1-p1	419
CbWHA1_1141.1.p1	CFAC1_190035600.1-p1	284
CbWHA1_1142.1.p1	CFAC1_190035500.1-p1	439
CbWHA1_1143.1.p1	CFAC1_190035400.1-p1	1006
CbWHA1_1144.1.p1	CFAC1_190035300.1-p1	1102
CbWHA1_1145.1.p1	CFAC1_190035200.1-p1	749
CbWHA1_1146.1.p1	CFAC1_190035000.1-p1	1468
CbWHA1_1147.1.p1	CFAC1_190034900.1-p1	225
CbWHA1_1148.1.p1	CFAC1_190034800.1-p1	389
CbWHA1_1149.1.p1	CFAC1_190034600.1-p1	462
CbWHA1_115.1.p1	CFAC1_290029000.1-p1	555
CbWHA1_1151.1.p1	CFAC1_190033800.1-p1	1050
CbWHA1_1153.1.p1	CFAC1_190034200.1-p1	573
CbWHA1_1154.1.p1	CFAC1_190034100.1-p1	1776
CbWHA1_1156.1.p1	CFAC1_190033900.1-p1	398
CbWHA1_1157.1.p1	CFAC1_190033700.1-p1	1035
CbWHA1_1158.1.p1	CFAC1_190033600.1-p1	829
CbWHA1_1159.1.p1	CFAC1_190033500.1-p1	374
CbWHA1_116.1.p1	CFAC1_290029100.1-p1	565
CbWHA1_1160.1.p1	CFAC1_190033400.1-p1	353
CbWHA1_1161.1.p1	CFAC1_190033200.1-p1	385
CbWHA1_1162.1.p1	CFAC1_190033100.1-p1	272
CbWHA1_1163.1.p1	CFAC1_190032900.1-p1	338
CbWHA1_1164.1.p1	CFAC1_190032700.1-p1	872
CbWHA1_1166.1.p1	CFAC1_190032500.1-p1	523
CbWHA1_1167.1.p1	CFAC1_190032400.1-p1	361
CbWHA1_1168.1.p1	CFAC1_190032300.1-p1	336
CbWHA1_1169.1.p1	CFAC1_190032200.1-p1	521
CbWHA1_117.1.p1	CFAC1_290029200.1-p1	514
CbWHA1_1171.1.p1	CFAC1_190031900.1-p1	824
CbWHA1_1173.1.p1	CFAC1_190031700.1-p1	421
CbWHA1_1174.1.p1	CFAC1_190031600.1-p1	50.4
CbWHA1_1175.1.p1	CFAC1_190031500.1-p1	369
CbWHA1_1177.1.p1	CFAC1_190031400.1-p1	431
CbWHA1_1178.1.p1	CFAC1_190031200.1-p1	403
CbWHA1_1179.1.p1	CFAC1_190031100.1-p1	594
CbWHA1_118.1.p1	CFAC1_290029300.1-p1	561
CbWHA1_1180.1.p1	CFAC1_190031000.1-p1	834
CbWHA1_1181.1.p1	CFAC1_190030800.1-p1	266
CbWHA1_1182.1.p1	CFAC1_190030600.1-p1	589
CbWHA1_1183.1.p1	CFAC1_190030400.1-p1	525
CbWHA1_1184.1.p1	CFAC1_190030300.1-p1	515
CbWHA1_1186.1.p1	CFAC1_190029600.1-p1	132
CbWHA1_1187.1.p1	CFAC1_190029500.1-p1	148
CbWHA1_1188.1.p1	CFAC1_190030000.1-p1	412
CbWHA1_1189.1.p1	CFAC1_190029900.1-p1	400
CbWHA1_1190.1.p1	CFAC1_190029800.1-p1	404
CbWHA1_1192.1.p1	CFAC1_190029400.1-p1	856
CbWHA1_1193.1.p1	CFAC1_190029300.1-p1	250
CbWHA1_1194.1.p1	CFAC1_190029200.1-p1	759
CbWHA1_1195.1.p1	CFAC1_190029100.1-p1	505
CbWHA1_1197.1.p1	CFAC1_190028000.1-p1	543
CbWHA1_1198.1.p1	CFAC1_190027800.1-p1	638
CbWHA1_1200.1.p1	CFAC1_190028700.1-p1	509
CbWHA1_1204.1.p1	CFAC1_190027700.1-p1	1271
CbWHA1_1205.1.p1	CFAC1_190027600.1-p1	317
CbWHA1_1207.1.p1	CFAC1_190027400.1-p1	1760
CbWHA1_1208.1.p1	CFAC1_190027000.1-p1	838
CbWHA1_1209.1.p1	CFAC1_190027300.1-p1	776
CbWHA1_121.1.p1	CFAC1_290029600.1-p1	347
CbWHA1_1210.1.p1	CFAC1_190027200.1-p1	459
CbWHA1_1211.1.p1	CFAC1_190027100.1-p1	182
CbWHA1_1212.1.p1	CFAC1_190026900.1-p1	761
CbWHA1_1213.1.p1	CFAC1_190026800.1-p1	394
CbWHA1_1214.1.p1	CFAC1_190026700.1-p1	810
CbWHA1_1215.1.p1	CFAC1_190026600.1-p1	355
CbWHA1_1216.1.p1	CFAC1_190026400.1-p1	519
CbWHA1_1217.1.p1	CFAC1_190026300.1-p1	639
CbWHA1_1218.1.p1	CFAC1_190026200.1-p1	312
CbWHA1_1219.1.p1	CFAC1_190025700.1-p1	1072
CbWHA1_122.1.p1	CFAC1_290029800.1-p1	854
CbWHA1_1223.1.p1	CFAC1_190025500.1-p1	888
CbWHA1_1224.1.p1	CFAC1_190025400.1-p1	366
CbWHA1_1225.1.p1	CFAC1_290070000.1-p1	143
CbWHA1_1226.1.p1	CFAC1_190024800.1-p1	1281
CbWHA1_1228.1.p1	CFAC1_190024600.1-p1	597
CbWHA1_1229.1.p1	CFAC1_220033400.1-p1	221
CbWHA1_123.1.p1	CFAC1_290029900.1-p1	743
CbWHA1_1231.1.p1	CFAC1_190024200.1-p1	281
CbWHA1_1232.1.p1	CFAC1_190024100.1-p1	367
CbWHA1_1233.1.p1	CFAC1_190024000.1-p1	811
CbWHA1_1235.1.p1	CFAC1_190023700.1-p1	447
CbWHA1_1236.1.p1	CFAC1_190023600.1-p1	2203
CbWHA1_1237.1.p1	CFAC1_190023500.1-p1	991
CbWHA1_1238.1.p1	CFAC1_190023300.1-p1	438
CbWHA1_1239.1.p1	CFAC1_190023200.1-p1	662
CbWHA1_124.1.p1	CFAC1_290030000.1-p1	304
CbWHA1_1241.1.p1	CFAC1_190023000.1-p1	345
CbWHA1_1243.1.p1	CFAC1_190022700.1-p1	540
CbWHA1_1244.1.p1	CFAC1_190022600.1-p1	831
CbWHA1_1246.1.p1	CFAC1_190022300.1-p1	1276
CbWHA1_1247.1.p1	CFAC1_190022100.1-p1	1079
CbWHA1_1248.1.p1	CFAC1_190022000.1-p1	850
CbWHA1_1249.1.p1	CFAC1_190021900.1-p1	498
CbWHA1_125.1.p1	CFAC1_290030100.1-p1	399
CbWHA1_1250.1.p1	CFAC1_190021800.1-p1	145
CbWHA1_1251.1.p1	CFAC1_190021700.1-p1	374
CbWHA1_1252.1.p1	CFAC1_190021600.1-p1	355
CbWHA1_1253.1.p1	CFAC1_190021300.1-p1	727
CbWHA1_1255.1.p1	CFAC1_190020100.1-p1	534
CbWHA1_1256.1.p1	CFAC1_190020000.1-p1	298
CbWHA1_1257.1.p1	CFAC1_190020900.1-p1	526
CbWHA1_1258.1.p1	CFAC1_190020800.1-p1	540
CbWHA1_1259.1.p1	CFAC1_190020700.1-p1	1806
CbWHA1_1260.1.p1	CFAC1_190020600.1-p1	2293
CbWHA1_1261.1.p1	CFAC1_190020500.1-p1	356
CbWHA1_1264.1.p1	CFAC1_190019900.1-p1	1125
CbWHA1_1265.1.p1	CFAC1_190019800.1-p1	511
CbWHA1_1266.1.p1	CFAC1_190019700.1-p1	999
CbWHA1_1269.1.p1	CFAC1_190019400.1-p1	645
CbWHA1_127.1.p1	CFAC1_290030500.1-p1	640
CbWHA1_1270.1.p1	CFAC1_190019300.1-p1	1696
CbWHA1_1271.1.p1	CFAC1_190019200.1-p1	462
CbWHA1_1272.1.p1	CFAC1_190019100.1-p1	1551
CbWHA1_1273.1.p1	CFAC1_190019000.1-p1	853
CbWHA1_1274.1.p1	CFAC1_190018900.1-p1	854
CbWHA1_1276.1.p1	CFAC1_190018700.1-p1	1448
CbWHA1_1277.1.p1	CFAC1_190015500.1-p1	1634
CbWHA1_1278.1.p1	CFAC1_190015400.1-p1	588
CbWHA1_1279.1.p1	CFAC1_190018600.1-p1	599
CbWHA1_1282.1.p1	CFAC1_190015800.1-p1	690
CbWHA1_1283.1.p1	CFAC1_190015600.1-p1	845
CbWHA1_1284.1.p1	CFAC1_190015300.1-p1	573
CbWHA1_1285.1.p1	CFAC1_190015100.1-p1	566
CbWHA1_1288.1.p1	CFAC1_190013400.1-p1	401
CbWHA1_1289.1.p1	CFAC1_190014600.1-p1	1411
CbWHA1_1292.1.p1	CFAC1_190013500.1-p1	506
CbWHA1_1293.1.p1	CFAC1_190013300.1-p1	203
CbWHA1_1294.1.p1	CFAC1_190013200.1-p1	446
CbWHA1_1295.1.p1	CFAC1_190013100.1-p1	1540
CbWHA1_1296.1.p1	CFAC1_190013000.1-p1	459
CbWHA1_1298.1.p1	CFAC1_190012700.1-p1	1056
CbWHA1_1299.1.p1	CFAC1_190012600.1-p1	343
CbWHA1_13.1.p1	CFAC1_160030400.1-p1	475
CbWHA1_130.1.p1	CFAC1_290030700.1-p1	915
CbWHA1_1300.1.p1	CFAC1_190012400.1-p1	632
CbWHA1_1301.1.p1	CFAC1_190012300.1-p1	1060
CbWHA1_1302.1.p1	CFAC1_190012200.1-p1	552
CbWHA1_1303.1.p1	CFAC1_190012100.1-p1	452
CbWHA1_1304.1.p1	CFAC1_190012000.1-p1	807
CbWHA1_1305.1.p1	CFAC1_190011900.1-p1	278
CbWHA1_1306.1.p1	CFAC1_190011800.1-p1	217
CbWHA1_1308.1.p1	CFAC1_190011600.1-p1	278
CbWHA1_1309.1.p1	CFAC1_190011500.1-p1	290
CbWHA1_131.1.p1	CFAC1_290030800.1-p1	1451
CbWHA1_1310.1.p1	CFAC1_190011400.1-p1	599
CbWHA1_1311.1.p1	CFAC1_190011300.1-p1	398
CbWHA1_1312.1.p1	CFAC1_190011200.1-p1	351
CbWHA1_1314.1.p1	CFAC1_190011100.1-p1	625
CbWHA1_1315.1.p1	CFAC1_190010900.1-p1	291
CbWHA1_1316.1.p1	CFAC1_190010800.1-p1	1008
CbWHA1_1317.1.p1	CFAC1_190010700.1-p1	506
CbWHA1_1318.1.p1	CFAC1_190010600.1-p1	468
CbWHA1_1319.1.p1	CFAC1_190010500.1-p1	405
CbWHA1_132.1.p1	CFAC1_290030900.1-p1	804
CbWHA1_1321.1.p1	CFAC1_190010300.1-p1	997
CbWHA1_1322.1.p1	CFAC1_190010200.1-p1	1082
CbWHA1_1323.1.p1	CFAC1_190010100.1-p1	876
CbWHA1_1324.1.p1	CFAC1_190010000.1-p1	457
CbWHA1_1325.1.p1	CFAC1_190009900.1-p1	359
CbWHA1_1326.1.p1	CFAC1_190009800.1-p1	263
CbWHA1_1327.1.p1	CFAC1_190009700.1-p1	1330
CbWHA1_1329.1.p1	CFAC1_190009200.1-p1	308
CbWHA1_133.1.p1	CFAC1_290031000.1-p1	885
CbWHA1_1330.1.p1	CFAC1_190009500.1-p1	663
CbWHA1_1331.1.p1	CFAC1_190009400.1-p1	495
CbWHA1_1332.1.p1	CFAC1_190009300.1-p1	1162
CbWHA1_1333.1.p1	CFAC1_190009100.1-p1	2649
CbWHA1_1334.1.p1	CFAC1_190008900.1-p1	323
CbWHA1_1335.1.p1	CFAC1_190008800.1-p1	429
CbWHA1_1336.1.p1	CFAC1_190008700.1-p1	1749
CbWHA1_1337.1.p1	CFAC1_190008600.1-p1	1409
CbWHA1_1338.1.p1	CFAC1_190008500.1-p1	2762
CbWHA1_1339.1.p1	CFAC1_190008400.1-p1	823
CbWHA1_1341.1.p1	CFAC1_190008200.1-p1	1124
CbWHA1_1342.1.p1	CFAC1_190008100.1-p1	716
CbWHA1_1343.1.p1	CFAC1_190007900.1-p1	1084
CbWHA1_1346.1.p1	CFAC1_190007500.1-p1	1152
CbWHA1_1347.1.p1	CFAC1_190007400.1-p1	1514
CbWHA1_1348.1.p1	CFAC1_190007300.1-p1	434
CbWHA1_1349.1.p1	CFAC1_190007200.1-p1	1677
CbWHA1_135.1.p1	CFAC1_290031300.1-p1	655
CbWHA1_1350.1.p1	CFAC1_190007100.1-p1	442
CbWHA1_1351.1.p1	CFAC1_190007000.1-p1	405
CbWHA1_1352.1.p1	CFAC1_190006600.1-p1	502
CbWHA1_1353.1.p1	CFAC1_190006500.1-p1	456
CbWHA1_1354.1.p1	CFAC1_190006400.1-p1	566
CbWHA1_1355.1.p1	CFAC1_190006300.1-p1	635
CbWHA1_1356.1.p1	CFAC1_190006200.1-p1	595
CbWHA1_1357.1.p1	CFAC1_190006100.1-p1	563
CbWHA1_1358.1.p1	CFAC1_190006000.1-p1	259
CbWHA1_136.1.p1	CFAC1_280022100.1-p1	123
CbWHA1_1360.1.p1	CFAC1_020006100.1-p1	70.9
CbWHA1_137.1.p1	CFAC1_290031700.1-p1	636
CbWHA1_1371.1.p1	CFAC1_140005900.1-p1	1125
CbWHA1_1372.1.p1	CFAC1_140006000.1-p1	205
CbWHA1_1373.1.p1	CFAC1_140006200.1-p1	338
CbWHA1_1374.1.p1	CFAC1_140006300.1-p1	670
CbWHA1_1375.1.p1	CFAC1_140006400.1-p1	639
CbWHA1_1377.1.p1	CFAC1_140006600.1-p1	841
CbWHA1_1378.1.p1	CFAC1_140006700.1-p1	943
CbWHA1_1379.1.p1	CFAC1_140006800.1-p1	1283
CbWHA1_138.1.p1	CFAC1_290031800.1-p1	2671
CbWHA1_1380.1.p1	CFAC1_140006900.1-p1	504
CbWHA1_1381.1.p1	CFAC1_140007000.1-p1	2072
CbWHA1_1382.1.p1	CFAC1_140007100.1-p1	193
CbWHA1_1384.1.p1	CFAC1_140007400.1-p1	882
CbWHA1_1385.1.p1	CFAC1_140007500.1-p1	1129
CbWHA1_1386.1.p1	CFAC1_140007600.1-p1	500
CbWHA1_1387.1.p1	CFAC1_140007600.1-p1	271
CbWHA1_1388.1.p1	CFAC1_140008200.1-p1	420
CbWHA1_1389.1.p1	CFAC1_140008300.1-p1	815
CbWHA1_139.1.p1	CFAC1_290032400.1-p1	378
CbWHA1_1390.1.p1	CFAC1_140008600.1-p1	445
CbWHA1_1392.1.p1	CFAC1_140008800.1-p1	162
CbWHA1_1393.1.p1	CFAC1_140008900.1-p1	287
CbWHA1_1394.1.p1	CFAC1_140009000.1-p1	179
CbWHA1_1395.1.p1	CFAC1_140009100.1-p1	284
CbWHA1_1396.1.p1	CFAC1_140009200.1-p1	707
CbWHA1_1397.1.p1	CFAC1_140009300.1-p1	682
CbWHA1_1398.1.p1	CFAC1_140009400.1-p1	328
CbWHA1_1399.1.p1	CFAC1_140010100.1-p1	560
CbWHA1_14.1.p1	CFAC1_160030200.1-p1	334
CbWHA1_1400.1.p1	CFAC1_140010200.1-p1	838
CbWHA1_1401.1.p1	CFAC1_140010300.1-p1	1887
CbWHA1_1402.1.p1	CFAC1_140010400.1-p1	513
CbWHA1_1403.1.p1	CFAC1_140010600.1-p1	290
CbWHA1_1405.1.p1	CFAC1_140010800.1-p1	472
CbWHA1_1406.1.p1	CFAC1_140010900.1-p1	386
CbWHA1_1407.1.p1	CFAC1_140011100.1-p1	757
CbWHA1_1408.1.p1	CFAC1_140011400.1-p1	812
CbWHA1_1409.1.p1	CFAC1_140011900.1-p1	766
CbWHA1_141.1.p1	CFAC1_290031900.1-p1	1243
CbWHA1_1410.1.p1	CFAC1_140012000.1-p1	780
CbWHA1_1411.1.p1	CFAC1_140012100.1-p1	797
CbWHA1_1412.1.p1	CFAC1_140012300.1-p1	813
CbWHA1_1414.1.p1	CFAC1_140012600.1-p1	535
CbWHA1_1415.1.p1	CFAC1_140012700.1-p1	456
CbWHA1_1416.1.p1	CFAC1_140012900.1-p1	356
CbWHA1_1417.1.p1	CFAC1_140013300.1-p1	835
CbWHA1_142.1.p1	CFAC1_290032000.1-p1	743
CbWHA1_1420.1.p1	CFAC1_140013600.1-p1	1404
CbWHA1_1423.1.p1	CFAC1_140013800.1-p1	383
CbWHA1_1424.1.p1	CFAC1_140013900.1-p1	523
CbWHA1_1425.1.p1	CFAC1_140013900.1-p1	523
CbWHA1_1427.1.p1	CFAC1_140013900.1-p1	514
CbWHA1_1428.1.p1	CFAC1_140014200.1-p1	175
CbWHA1_1429.1.p1	CFAC1_140014300.1-p1	126
CbWHA1_143.1.p1	CFAC1_290032200.1-p1	303
CbWHA1_1430.1.p1	CFAC1_140014400.1-p1	1014
CbWHA1_1433.1.p1	CFAC1_140014700.1-p1	520
CbWHA1_1434.1.p1	CFAC1_140015000.1-p1	223
CbWHA1_1435.1.p1	CFAC1_140014800.1-p1	1324
CbWHA1_1436.1.p1	CFAC1_140014900.1-p1	1181
CbWHA1_144.1.p1	CFAC1_290032300.1-p1	567
CbWHA1_1447.1.p1	CFAC1_140015100.1-p1	887
CbWHA1_1448.1.p1	CFAC1_140015200.1-p1	371
CbWHA1_145.1.p1	CFAC1_220021000.1-p1	206
CbWHA1_1451.1.p1	CFAC1_140015900.1-p1	895
CbWHA1_1452.1.p1	CFAC1_140016000.1-p1	174
CbWHA1_1454.1.p1	CFAC1_140016200.1-p1	1059
CbWHA1_1455.1.p1	CFAC1_140016300.1-p1	373
CbWHA1_1456.1.p1	CFAC1_140016400.1-p1	436
CbWHA1_1457.1.p1	CFAC1_140016500.1-p1	543
CbWHA1_1458.1.p1	CFAC1_140016600.1-p1	671
CbWHA1_146.1.p1	CFAC1_290032700.1-p1	559
CbWHA1_1460.1.p1	CFAC1_140017000.1-p1	1681
CbWHA1_1462.1.p1	CFAC1_140017300.1-p1	1487
CbWHA1_1463.1.p1	CFAC1_140017400.1-p1	637
CbWHA1_1464.1.p1	CFAC1_140017600.1-p1	1019
CbWHA1_1465.1.p1	CFAC1_140017700.1-p1	355
CbWHA1_1466.1.p1	CFAC1_140017800.1-p1	1029
CbWHA1_1468.1.p1	CFAC1_140018100.1-p1	329
CbWHA1_1469.1.p1	CFAC1_140018200.1-p1	426
CbWHA1_147.1.p1	CFAC1_290032800.1-p1	321
CbWHA1_1470.1.p1	CFAC1_140018300.1-p1	1530
CbWHA1_1471.1.p1	CFAC1_140018400.1-p1	344
CbWHA1_1472.1.p1	CFAC1_140018500.1-p1	803
CbWHA1_1473.1.p1	CFAC1_140018600.1-p1	895
CbWHA1_1475.1.p1	CFAC1_140018800.1-p1	849
CbWHA1_1476.1.p1	CFAC1_140018900.1-p1	630
CbWHA1_1477.1.p1	CFAC1_140019000.1-p1	200
CbWHA1_1478.1.p1	CFAC1_140019100.1-p1	991
CbWHA1_148.1.p1	CFAC1_290032900.1-p1	614
CbWHA1_1480.1.p1	CFAC1_140019400.1-p1	47.8
CbWHA1_1481.1.p1	CFAC1_140019500.1-p1	939
CbWHA1_1483.1.p1	CFAC1_140019600.1-p1	2330
CbWHA1_1484.1.p1	CFAC1_140019700.1-p1	1860
CbWHA1_1486.1.p1	CFAC1_140020100.1-p1	1388
CbWHA1_1487.1.p1	CFAC1_140020200.1-p1	667
CbWHA1_1488.1.p1	CFAC1_140020300.1-p1	1011
CbWHA1_1489.1.p1	CFAC1_140020400.1-p1	386
CbWHA1_149.1.p1	CFAC1_290033000.1-p1	576
CbWHA1_1490.1.p1	CFAC1_140020500.1-p1	1327
CbWHA1_1491.1.p1	CFAC1_140020600.1-p1	576
CbWHA1_1492.1.p1	CFAC1_140020700.1-p1	435
CbWHA1_1493.1.p1	CFAC1_140020800.1-p1	1104
CbWHA1_1495.1.p1	CFAC1_140021100.1-p1	385
CbWHA1_1496.1.p1	CFAC1_140021200.1-p1	399
CbWHA1_1497.1.p1	CFAC1_140021300.1-p1	643
CbWHA1_1499.1.p1	CFAC1_140021500.1-p1	1325
CbWHA1_15.1.p1	CFAC1_160030000.1-p1	334
CbWHA1_150.1.p1	CFAC1_290033100.1-p1	4418
CbWHA1_1501.1.p1	CFAC1_140023100.1-p1	973
CbWHA1_1503.1.p1	CFAC1_140022900.1-p1	345
CbWHA1_1504.1.p1	CFAC1_140023000.1-p1	561
CbWHA1_1505.1.p1	CFAC1_140021500.1-p1	1325
CbWHA1_1506.1.p1	CFAC1_140021700.1-p1	1301
CbWHA1_1508.1.p1	CFAC1_140022100.1-p1	631
CbWHA1_1509.1.p1	CFAC1_140022200.1-p1	122
CbWHA1_151.1.p1	CFAC1_290033200.1-p1	1437
CbWHA1_1511.1.p1	CFAC1_140022500.1-p1	637
CbWHA1_1513.1.p1	CFAC1_140022800.1-p1	563
CbWHA1_1514.1.p1	CFAC1_140023200.1-p1	1355
CbWHA1_1515.1.p1	CFAC1_140023300.1-p1	723
CbWHA1_1516.1.p1	CFAC1_140023400.1-p1	403
CbWHA1_1517.1.p1	CFAC1_140023500.1-p1	226
CbWHA1_1518.1.p1	CFAC1_140023600.1-p1	417
CbWHA1_1519.1.p1	CFAC1_140023700.1-p1	933
CbWHA1_152.1.p1	CFAC1_290033300.1-p1	1252
CbWHA1_1520.1.p1	CFAC1_260011100.1-p1	68.2
CbWHA1_1521.1.p1	CFAC1_140024000.1-p1	375
CbWHA1_1522.1.p1	CFAC1_140024100.1-p1	890
CbWHA1_1523.1.p1	CFAC1_140024200.1-p1	136
CbWHA1_1524.1.p1	CFAC1_140024300.1-p1	969
CbWHA1_1525.1.p1	CFAC1_140024500.1-p1	333
CbWHA1_1526.1.p1	CFAC1_140024600.1-p1	534
CbWHA1_1527.1.p1	CFAC1_290073700.1-p1	132
CbWHA1_1528.1.p1	CFAC1_140028200.1-p1	957
CbWHA1_1529.1.p1	CFAC1_140024700.1-p1	222
CbWHA1_1530.1.p1	CFAC1_140024800.1-p1	832
CbWHA1_1531.1.p1	CFAC1_140025000.1-p1	1803
CbWHA1_1532.1.p1	CFAC1_140025000.1-p1	1811
CbWHA1_1533.1.p1	CFAC1_170009150.1-p1	90.1
CbWHA1_1534.1.p1	CFAC1_140025300.1-p1	512
CbWHA1_1535.1.p1	CFAC1_140025400.1-p1	254
CbWHA1_1537.1.p1	CFAC1_140027900.1-p1	292
CbWHA1_1539.1.p1	CFAC1_140028500.1-p1	882
CbWHA1_154.1.p1	CFAC1_290033700.1-p1	697
CbWHA1_1540.1.p1	CFAC1_140028800.1-p1	610
CbWHA1_1541.1.p1	CFAC1_140028900.1-p1	1253
CbWHA1_1546.1.p1	CFAC1_140029000.1-p1	186
CbWHA1_1548.1.p1	CFAC1_020005800.1-p1	161
CbWHA1_155.1.p1	CFAC1_290033800.1-p1	579
CbWHA1_1550.1.p1	CFAC1_260005700.1-p1	186
CbWHA1_1554.1.p1	CFAC1_230008000.1-p1	483
CbWHA1_1555.1.p1	CFAC1_230008100.1-p1	1624
CbWHA1_1556.1.p1	CFAC1_230008200.1-p1	425
CbWHA1_1557.1.p1	CFAC1_230009000.1-p1	1071
CbWHA1_1559.1.p1	CFAC1_230008600.1-p1	394
CbWHA1_156.1.p1	CFAC1_290033900.1-p1	498
CbWHA1_1560.1.p1	CFAC1_230008700.1-p1	866
CbWHA1_1561.1.p1	CFAC1_230008800.1-p1	274
CbWHA1_1563.1.p1	CFAC1_230009100.1-p1	164
CbWHA1_1564.1.p1	CFAC1_230009300.1-p1	886
CbWHA1_1565.1.p1	CFAC1_230009400.1-p1	497
CbWHA1_1566.1.p1	CFAC1_230009500.1-p1	437
CbWHA1_1567.1.p1	CFAC1_230009700.1-p1	710
CbWHA1_1568.1.p1	CFAC1_230009800.1-p1	209
CbWHA1_157.1.p1	CFAC1_290034000.1-p1	244
CbWHA1_1572.1.p1	CFAC1_230010300.1-p1	953
CbWHA1_1573.1.p1	CFAC1_230010400.1-p1	592
CbWHA1_1575.1.p1	CFAC1_230010700.1-p1	989
CbWHA1_1578.1.p1	CFAC1_230010900.1-p1	409
CbWHA1_1579.1.p1	CFAC1_230011100.1-p1	595
CbWHA1_158.1.p1	CFAC1_290034100.1-p1	617
CbWHA1_1582.1.p1	CFAC1_230011500.1-p1	955
CbWHA1_1583.1.p1	CFAC1_230011600.1-p1	345
CbWHA1_1584.1.p1	CFAC1_230011700.1-p1	397
CbWHA1_1585.1.p1	CFAC1_230011900.1-p1	301
CbWHA1_1586.1.p1	CFAC1_230012000.1-p1	1566
CbWHA1_1587.1.p1	CFAC1_230012200.1-p1	701
CbWHA1_1588.1.p1	CFAC1_230012300.1-p1	1137
CbWHA1_1589.1.p1	CFAC1_230012400.1-p1	573
CbWHA1_159.1.p1	CFAC1_290034200.1-p1	954
CbWHA1_1590.1.p1	CFAC1_230012500.1-p1	474
CbWHA1_1591.1.p1	CFAC1_230012600.1-p1	494
CbWHA1_1592.1.p1	CFAC1_230012700.1-p1	523
CbWHA1_1593.1.p1	CFAC1_230012900.1-p1	1783
CbWHA1_1594.1.p1	CFAC1_230013200.1-p1	1306
CbWHA1_1595.1.p1	CFAC1_230013400.1-p1	1017
CbWHA1_1596.1.p1	CFAC1_230013500.1-p1	422
CbWHA1_1597.1.p1	CFAC1_230013600.1-p1	297
CbWHA1_1598.1.p1	CFAC1_230013800.1-p1	296
CbWHA1_1599.1.p1	CFAC1_230014000.1-p1	221
CbWHA1_160.1.p1	CFAC1_290034300.1-p1	1650
CbWHA1_1600.1.p1	CFAC1_230014100.1-p1	205
CbWHA1_1601.1.p1	CFAC1_230014200.1-p1	695
CbWHA1_1602.1.p1	CFAC1_230014300.1-p1	239
CbWHA1_1603.1.p1	CFAC1_230014400.1-p1	804
CbWHA1_1605.1.p1	CFAC1_230014600.1-p1	779
CbWHA1_1606.1.p1	CFAC1_230014700.1-p1	675
CbWHA1_1607.1.p1	CFAC1_230014800.1-p1	153
CbWHA1_1609.1.p1	CFAC1_230015000.1-p1	689
CbWHA1_161.1.p1	CFAC1_290034400.1-p1	1220
CbWHA1_1610.1.p1	CFAC1_230015200.1-p1	986
CbWHA1_1611.1.p1	CFAC1_230015300.1-p1	593
CbWHA1_1612.1.p1	CFAC1_230015400.1-p1	436
CbWHA1_1614.1.p1	CFAC1_230015600.1-p1	191
CbWHA1_1616.1.p1	CFAC1_230015800.1-p1	880
CbWHA1_1619.1.p1	CFAC1_230016100.1-p1	484
CbWHA1_1620.1.p1	CFAC1_230016200.1-p1	321
CbWHA1_1621.1.p1	CFAC1_230016300.1-p1	1553
CbWHA1_1622.1.p1	CFAC1_230016400.1-p1	329
CbWHA1_1623.1.p1	CFAC1_230016500.1-p1	1093
CbWHA1_1624.1.p1	CFAC1_230016600.1-p1	410
CbWHA1_1626.1.p1	CFAC1_230016800.1-p1	594
CbWHA1_1628.1.p1	CFAC1_230017200.1-p1	1646
CbWHA1_1629.1.p1	CFAC1_230017400.1-p1	798
CbWHA1_163.1.p1	CFAC1_290034600.1-p1	1003
CbWHA1_1630.1.p1	CFAC1_230017500.1-p1	2547
CbWHA1_1631.1.p1	CFAC1_230017600.1-p1	1263
CbWHA1_1632.1.p1	CFAC1_230017700.1-p1	185
CbWHA1_1635.1.p1	CFAC1_230017900.1-p1	603
CbWHA1_1636.1.p1	CFAC1_230018000.1-p1	716
CbWHA1_1637.1.p1	CFAC1_230018100.1-p1	344
CbWHA1_1638.1.p1	CFAC1_230018300.1-p1	625
CbWHA1_164.1.p1	CFAC1_290034700.1-p1	563
CbWHA1_1640.1.p1	CFAC1_230018600.1-p1	1270
CbWHA1_1642.1.p1	CFAC1_220024500.1-p1	500
CbWHA1_1645.1.p1	CFAC1_220024100.1-p1	152
CbWHA1_1646.1.p1	CFAC1_220024000.1-p1	366
CbWHA1_1647.1.p1	CFAC1_220023900.1-p1	587
CbWHA1_1648.1.p1	CFAC1_220023800.1-p1	536
CbWHA1_165.1.p1	CFAC1_290034800.1-p1	551
CbWHA1_1651.1.p1	CFAC1_220023500.1-p1	544
CbWHA1_1652.1.p1	CFAC1_220023400.1-p1	524
CbWHA1_1653.1.p1	CFAC1_220023300.1-p1	329
CbWHA1_1654.1.p1	CFAC1_220023200.1-p1	669
CbWHA1_1655.1.p1	CFAC1_220023100.1-p1	1003
CbWHA1_1656.1.p1	CFAC1_220023000.1-p1	2796
CbWHA1_1657.1.p1	CFAC1_220022900.1-p1	1531
CbWHA1_1658.1.p1	CFAC1_220022800.1-p1	605
CbWHA1_1660.1.p1	CFAC1_220022300.1-p1	740
CbWHA1_1661.1.p1	CFAC1_220022200.1-p1	671
CbWHA1_1662.1.p1	CFAC1_220022100.1-p1	1209
CbWHA1_1663.1.p1	CFAC1_220022000.1-p1	493
CbWHA1_1664.1.p1	CFAC1_220021900.1-p1	1747
CbWHA1_1665.1.p1	CFAC1_220021600.1-p1	333
CbWHA1_1666.1.p1	CFAC1_220021600.1-p1	333
CbWHA1_1667.1.p1	CFAC1_220021600.1-p1	333
CbWHA1_1668.1.p1	CFAC1_220021500.1-p1	1583
CbWHA1_1669.1.p1	CFAC1_220021400.1-p1	1271
CbWHA1_1670.1.p1	CFAC1_220021300.1-p1	788
CbWHA1_1671.1.p1	CFAC1_220021200.1-p1	1047
CbWHA1_1672.1.p1	CFAC1_220021100.1-p1	657
CbWHA1_1673.1.p1	CFAC1_220021000.1-p1	204
CbWHA1_1674.1.p1	CFAC1_220020700.1-p1	963
CbWHA1_1676.1.p1	CFAC1_220020600.1-p1	878
CbWHA1_1678.1.p1	CFAC1_220020400.1-p1	400
CbWHA1_1679.1.p1	CFAC1_220020200.1-p1	944
CbWHA1_1680.1.p1	CFAC1_220019700.1-p1	894
CbWHA1_1681.1.p1	CFAC1_220020100.1-p1	1079
CbWHA1_1684.1.p1	CFAC1_220019900.1-p1	681
CbWHA1_1686.1.p1	CFAC1_220019800.1-p1	559
CbWHA1_1688.1.p1	CFAC1_220019500.1-p1	215
CbWHA1_1689.1.p1	CFAC1_220019400.1-p1	493
CbWHA1_169.1.p1	CFAC1_290035400.1-p1	1158
CbWHA1_1690.1.p1	CFAC1_220019300.1-p1	743
CbWHA1_1691.1.p1	CFAC1_220019100.1-p1	625
CbWHA1_1693.1.p1	CFAC1_220018600.1-p1	307
CbWHA1_1694.1.p1	CFAC1_220018900.1-p1	818
CbWHA1_1695.1.p1	CFAC1_220018400.1-p1	438
CbWHA1_1696.1.p1	CFAC1_220018500.1-p1	6517
CbWHA1_1697.1.p1	CFAC1_220018300.1-p1	889
CbWHA1_1699.1.p1	CFAC1_220018100.1-p1	267
CbWHA1_17.1.p1	CFAC1_160029800.1-p1	216
CbWHA1_170.1.p1	CFAC1_290035500.1-p1	539
CbWHA1_1700.1.p1	CFAC1_220018000.1-p1	326
CbWHA1_1702.1.p1	CFAC1_220017700.1-p1	369
CbWHA1_1703.1.p1	CFAC1_220017600.1-p1	421
CbWHA1_1704.1.p1	CFAC1_220017500.1-p1	661
CbWHA1_1705.1.p1	CFAC1_220017400.1-p1	353
CbWHA1_1706.1.p1	CFAC1_220017300.1-p1	1256
CbWHA1_1707.1.p1	CFAC1_220017200.1-p1	597
CbWHA1_1708.1.p1	CFAC1_220017100.1-p1	318
CbWHA1_1709.1.p1	CFAC1_220017000.1-p1	541
CbWHA1_1710.1.p1	CFAC1_220016800.1-p1	193
CbWHA1_1711.1.p1	CFAC1_220016700.1-p1	359
CbWHA1_1713.1.p1	CFAC1_220016500.1-p1	229
CbWHA1_1714.1.p1	CFAC1_220016400.1-p1	951
CbWHA1_1716.1.p1	CFAC1_220016100.1-p1	246
CbWHA1_1717.1.p1	CFAC1_220016000.1-p1	206
CbWHA1_1719.1.p1	CFAC1_220015800.1-p1	117
CbWHA1_172.1.p1	CFAC1_290035700.1-p1	2951
CbWHA1_1720.1.p1	CFAC1_220014600.1-p1	576
CbWHA1_1721.1.p1	CFAC1_220014500.1-p1	822
CbWHA1_1723.1.p1	CFAC1_220015600.1-p1	808
CbWHA1_1727.1.p1	CFAC1_220014800.1-p1	1464
CbWHA1_1728.1.p1	CFAC1_220014400.1-p1	441
CbWHA1_1730.1.p1	CFAC1_220014200.1-p1	325
CbWHA1_1732.1.p1	CFAC1_220013900.1-p1	2827
CbWHA1_1733.1.p1	CFAC1_220013800.1-p1	2263
CbWHA1_1734.1.p1	CFAC1_220013500.1-p1	143
CbWHA1_1735.1.p1	CFAC1_220013700.1-p1	1139
CbWHA1_1736.1.p1	CFAC1_220013600.1-p1	449
CbWHA1_1737.1.p1	CFAC1_220013400.1-p1	170
CbWHA1_1739.1.p1	CFAC1_220013200.1-p1	427
CbWHA1_1741.1.p1	CFAC1_220012900.1-p1	303
CbWHA1_1743.1.p1	CFAC1_220012800.1-p1	1177
CbWHA1_1744.1.p1	CFAC1_220012700.1-p1	291
CbWHA1_1747.1.p1	CFAC1_220012400.1-p1	269
CbWHA1_1749.1.p1	CFAC1_220012400.1-p1	269
CbWHA1_1751.1.p1	CFAC1_220012100.1-p1	1498
CbWHA1_1753.1.p1	CFAC1_220011800.1-p1	622
CbWHA1_1754.1.p1	CFAC1_220011700.1-p1	957
CbWHA1_1755.1.p1	CFAC1_220011600.1-p1	1386
CbWHA1_1756.1.p1	CFAC1_220011500.1-p1	1439
CbWHA1_1757.1.p1	CFAC1_220011400.1-p1	311
CbWHA1_1758.1.p1	CFAC1_220011300.1-p1	107
CbWHA1_1759.1.p1	CFAC1_220010500.1-p1	353
CbWHA1_176.1.p1	CFAC1_290036800.1-p1	496
CbWHA1_1760.1.p1	CFAC1_220011200.1-p1	181
CbWHA1_1761.1.p1	CFAC1_220011100.1-p1	793
CbWHA1_1762.1.p1	CFAC1_220011000.1-p1	265
CbWHA1_1763.1.p1	CFAC1_220010900.1-p1	238
CbWHA1_1764.1.p1	CFAC1_220010800.1-p1	613
CbWHA1_1765.1.p1	CFAC1_220010700.1-p1	900
CbWHA1_1766.1.p1	CFAC1_220010600.1-p1	347
CbWHA1_1767.1.p1	CFAC1_220009700.1-p1	785
CbWHA1_1769.1.p1	CFAC1_220010400.1-p1	498
CbWHA1_177.1.p1	CFAC1_290037000.1-p1	792
CbWHA1_1770.1.p1	CFAC1_220010300.1-p1	68.2
CbWHA1_1771.1.p1	CFAC1_220010200.1-p1	745
CbWHA1_1772.1.p1	CFAC1_220010100.1-p1	698
CbWHA1_1773.1.p1	CFAC1_220009900.1-p1	1050
CbWHA1_1774.1.p1	CFAC1_220009500.1-p1	465
CbWHA1_1775.1.p1	CFAC1_220009400.1-p1	1059
CbWHA1_1776.1.p1	CFAC1_220009300.1-p1	565
CbWHA1_1777.1.p1	CFAC1_220009200.1-p1	2347
CbWHA1_1778.1.p1	CFAC1_220008900.1-p1	1261
CbWHA1_1779.1.p1	CFAC1_220008800.1-p1	221
CbWHA1_1780.1.p1	CFAC1_220008500.1-p1	1150
CbWHA1_1781.1.p1	CFAC1_220008400.1-p1	463
CbWHA1_1782.1.p1	CFAC1_220008300.1-p1	763
CbWHA1_1784.1.p1	CFAC1_220007900.1-p1	902
CbWHA1_1785.1.p1	CFAC1_220007800.1-p1	244
CbWHA1_1786.1.p1	CFAC1_220007600.1-p1	259
CbWHA1_1787.1.p1	CFAC1_220007500.1-p1	203
CbWHA1_1788.1.p1	CFAC1_220007400.1-p1	829
CbWHA1_1796.1.p1	CFAC1_220007300.1-p1	682
CbWHA1_1797.1.p1	CFAC1_220007200.1-p1	365
CbWHA1_1798.1.p1	CFAC1_220007100.1-p1	629
CbWHA1_18.1.p1	CFAC1_160029600.1-p1	961
CbWHA1_180.1.p1	CFAC1_290037400.1-p1	603
CbWHA1_1800.1.p1	CFAC1_230052800.1-p1	177
CbWHA1_1801.1.p1	CFAC1_010019200.1-p1	155
CbWHA1_1803.1.p1	CFAC1_210045500.1-p1	778
CbWHA1_1804.1.p1	CFAC1_210045400.1-p1	730
CbWHA1_1805.1.p1	CFAC1_210045300.1-p1	860
CbWHA1_1806.1.p1	CFAC1_210044500.1-p1	474
CbWHA1_1807.1.p1	CFAC1_210044400.1-p1	506
CbWHA1_1809.1.p1	CFAC1_210045000.1-p1	198
CbWHA1_181.1.p1	CFAC1_290037500.1-p1	590
CbWHA1_1810.1.p1	CFAC1_210044900.1-p1	969
CbWHA1_1811.1.p1	CFAC1_210044300.1-p1	189
CbWHA1_1812.1.p1	CFAC1_210044100.1-p1	489
CbWHA1_1814.1.p1	CFAC1_170010600.1-p1	289
CbWHA1_1816.1.p1	CFAC1_210043600.1-p1	1169
CbWHA1_1817.1.p1	CFAC1_210043400.1-p1	2256
CbWHA1_1818.1.p1	CFAC1_210043300.1-p1	1001
CbWHA1_1819.1.p1	CFAC1_210043200.1-p1	924
CbWHA1_182.1.p1	CFAC1_290037600.1-p1	588
CbWHA1_1820.1.p1	CFAC1_210042800.1-p1	730
CbWHA1_1821.1.p1	CFAC1_210042700.1-p1	1265
CbWHA1_1822.1.p1	CFAC1_210042600.1-p1	520
CbWHA1_1823.1.p1	CFAC1_210042500.1-p1	236
CbWHA1_1824.1.p1	CFAC1_210042400.1-p1	468
CbWHA1_1825.1.p1	CFAC1_210042200.1-p1	897
CbWHA1_1826.1.p1	CFAC1_210042100.1-p1	129
CbWHA1_1827.1.p1	CFAC1_210042000.1-p1	164
CbWHA1_1828.1.p1	CFAC1_210041900.1-p1	245
CbWHA1_183.1.p1	CFAC1_290038200.1-p1	573
CbWHA1_1831.1.p1	CFAC1_210041600.1-p1	556
CbWHA1_1833.1.p1	CFAC1_210041400.1-p1	1560
CbWHA1_1834.1.p1	CFAC1_210041300.1-p1	2025
CbWHA1_1836.1.p1	CFAC1_210041100.1-p1	1668
CbWHA1_1837.1.p1	CFAC1_210041000.1-p1	1421
CbWHA1_1838.1.p1	CFAC1_210040900.1-p1	1925
CbWHA1_184.1.p1	CFAC1_290037800.1-p1	553
CbWHA1_1840.1.p1	CFAC1_210040700.1-p1	2873
CbWHA1_1843.1.p1	CFAC1_210040500.1-p1	250
CbWHA1_1846.1.p1	CFAC1_210040200.1-p1	608
CbWHA1_1847.1.p1	CFAC1_210040100.1-p1	445
CbWHA1_1848.1.p1	CFAC1_210039900.1-p1	426
CbWHA1_185.1.p1	CFAC1_290037800.1-p1	608
CbWHA1_1850.1.p1	CFAC1_210039900.1-p1	422
CbWHA1_1851.1.p1	CFAC1_210039700.1-p1	370
CbWHA1_1854.1.p1	CFAC1_210039300.1-p1	434
CbWHA1_1855.1.p1	CFAC1_210039200.1-p1	604
CbWHA1_1856.1.p1	CFAC1_210039100.1-p1	630
CbWHA1_1858.1.p1	CFAC1_210038900.1-p1	1103
CbWHA1_186.1.p1	CFAC1_290037900.1-p1	142
CbWHA1_1860.1.p1	CFAC1_210038700.1-p1	357
CbWHA1_1861.1.p1	CFAC1_210038600.1-p1	395
CbWHA1_1862.1.p1	CFAC1_210038500.1-p1	553
CbWHA1_1863.1.p1	CFAC1_210038400.1-p1	1265
CbWHA1_1864.1.p1	CFAC1_210038300.1-p1	786
CbWHA1_1865.1.p1	CFAC1_210038100.1-p1	135
CbWHA1_1866.1.p1	CFAC1_210038100.1-p1	233
CbWHA1_1867.1.p1	CFAC1_210038100.1-p1	95.5
CbWHA1_1870.1.p1	CFAC1_210037300.1-p1	1052
CbWHA1_1871.1.p1	CFAC1_210038000.1-p1	746
CbWHA1_1873.1.p1	CFAC1_210037800.1-p1	1279
CbWHA1_1874.1.p1	CFAC1_210037700.1-p1	170
CbWHA1_1875.1.p1	CFAC1_210037400.1-p1	494
CbWHA1_1876.1.p1	CFAC1_210037200.1-p1	763
CbWHA1_1877.1.p1	CFAC1_210037100.1-p1	372
CbWHA1_1878.1.p1	CFAC1_210037000.1-p1	1221
CbWHA1_1879.1.p1	CFAC1_210036900.1-p1	538
CbWHA1_188.1.p1	CFAC1_290038400.1-p1	524
CbWHA1_1881.1.p1	CFAC1_210036700.1-p1	1259
CbWHA1_1882.1.p1	CFAC1_210036600.1-p1	928
CbWHA1_1883.1.p1	CFAC1_210036500.1-p1	188
CbWHA1_1884.1.p1	CFAC1_210036200.1-p1	1259
CbWHA1_1885.1.p1	CFAC1_210036000.1-p1	1050
CbWHA1_1886.1.p1	CFAC1_210036000.1-p1	1050
CbWHA1_1887.1.p1	CFAC1_210036000.1-p1	1050
CbWHA1_1888.1.p1	CFAC1_210036000.1-p1	1050
CbWHA1_1889.1.p1	CFAC1_210036000.1-p1	1050
CbWHA1_189.1.p1	CFAC1_290038600.1-p1	236
CbWHA1_1890.1.p1	CFAC1_210036000.1-p1	1050
CbWHA1_1891.1.p1	CFAC1_210035900.1-p1	758
CbWHA1_1892.1.p1	CFAC1_210035800.1-p1	625
CbWHA1_1893.1.p1	CFAC1_210035700.1-p1	1199
CbWHA1_1894.1.p1	CFAC1_210035600.1-p1	1208
CbWHA1_1895.1.p1	CFAC1_210034900.1-p1	242
CbWHA1_1896.1.p1	CFAC1_210035500.1-p1	47.8
CbWHA1_1897.1.p1	CFAC1_210035400.1-p1	1259
CbWHA1_1898.1.p1	CFAC1_210035300.1-p1	692
CbWHA1_1899.1.p1	CFAC1_210035200.1-p1	1068
CbWHA1_1900.1.p1	CFAC1_210035100.1-p1	1895
CbWHA1_1901.1.p1	CFAC1_210035000.1-p1	360
CbWHA1_1902.1.p1	CFAC1_210034800.1-p1	507
CbWHA1_1904.1.p1	CFAC1_210034600.1-p1	1290
CbWHA1_1905.1.p1	CFAC1_210034500.1-p1	394
CbWHA1_1907.1.p1	CFAC1_210034350.1-p1	1452
CbWHA1_1908.1.p1	CFAC1_210034300.1-p1	823
CbWHA1_191.1.p1	CFAC1_290038900.1-p1	381
CbWHA1_1911.1.p1	CFAC1_210034000.1-p1	896
CbWHA1_1912.1.p1	CFAC1_210033900.1-p1	868
CbWHA1_1913.1.p1	CFAC1_210033800.1-p1	606
CbWHA1_1914.1.p1	CFAC1_210033700.1-p1	696
CbWHA1_1915.1.p1	CFAC1_210033600.1-p1	687
CbWHA1_1916.1.p1	CFAC1_210033400.1-p1	718
CbWHA1_1917.1.p1	CFAC1_210033400.1-p1	718
CbWHA1_1918.1.p1	CFAC1_210033400.1-p1	718
CbWHA1_1919.1.p1	CFAC1_210033400.1-p1	718
CbWHA1_192.1.p1	CFAC1_290039000.1-p1	166
CbWHA1_1920.1.p1	CFAC1_210033300.1-p1	298
CbWHA1_1921.1.p1	CFAC1_210032500.1-p1	664
CbWHA1_1924.1.p1	CFAC1_210032700.1-p1	424
CbWHA1_1925.1.p1	CFAC1_210032600.1-p1	1000
CbWHA1_1927.1.p1	CFAC1_210032300.1-p1	1739
CbWHA1_1928.1.p1	CFAC1_210032200.1-p1	637
CbWHA1_1929.1.p1	CFAC1_210031900.1-p1	263
CbWHA1_193.1.p1	CFAC1_290039300.1-p1	1021
CbWHA1_1930.1.p1	CFAC1_210031800.1-p1	627
CbWHA1_1931.1.p1	CFAC1_210031700.1-p1	1444
CbWHA1_1932.1.p1	CFAC1_210031600.1-p1	95.9
CbWHA1_1933.1.p1	CFAC1_210031300.1-p1	677
CbWHA1_1935.1.p1	CFAC1_210031100.1-p1	456
CbWHA1_1937.1.p1	CFAC1_210030800.1-p1	148
CbWHA1_1938.1.p1	CFAC1_210030700.1-p1	403
CbWHA1_1939.1.p1	CFAC1_210030600.1-p1	609
CbWHA1_194.1.p1	CFAC1_290039400.1-p1	1058
CbWHA1_1940.1.p1	CFAC1_210030500.1-p1	761
CbWHA1_1943.1.p1	CFAC1_210030300.1-p1	986
CbWHA1_1944.1.p1	CFAC1_210030200.1-p1	408
CbWHA1_1945.1.p1	CFAC1_210030100.1-p1	511
CbWHA1_1946.1.p1	CFAC1_210029800.1-p1	479
CbWHA1_1947.1.p1	CFAC1_210029700.1-p1	738
CbWHA1_1948.1.p1	CFAC1_210029500.1-p1	314
CbWHA1_195.1.p1	CFAC1_290039500.1-p1	1050
CbWHA1_1950.1.p1	CFAC1_210029100.1-p1	427
CbWHA1_1951.1.p1	CFAC1_210029000.1-p1	976
CbWHA1_1952.1.p1	CFAC1_210028900.1-p1	589
CbWHA1_1953.1.p1	CFAC1_210028800.1-p1	685
CbWHA1_1955.1.p1	CFAC1_210028600.1-p1	7262
CbWHA1_1957.1.p1	CFAC1_260014100.1-p1	1313
CbWHA1_1959.1.p1	CFAC1_260014600.1-p1	842
CbWHA1_1960.1.p1	CFAC1_260014700.1-p1	409
CbWHA1_1961.1.p1	CFAC1_260014900.1-p1	296
CbWHA1_1962.1.p1	CFAC1_260015000.1-p1	594
CbWHA1_1963.1.p1	CFAC1_260015100.1-p1	231
CbWHA1_1964.1.p1	CFAC1_260015200.1-p1	745
CbWHA1_1966.1.p1	CFAC1_260015500.1-p1	1108
CbWHA1_1967.1.p1	CFAC1_260015600.1-p1	827
CbWHA1_1968.1.p1	CFAC1_260015700.1-p1	276
CbWHA1_197.1.p1	CFAC1_290040300.1-p1	266
CbWHA1_1970.1.p1	CFAC1_260016000.1-p1	451
CbWHA1_1976.1.p1	CFAC1_260016300.1-p1	868
CbWHA1_1977.1.p1	CFAC1_260016400.1-p1	288
CbWHA1_1978.1.p1	CFAC1_260016450.1-p1	1481
CbWHA1_1979.1.p1	CFAC1_260016500.1-p1	897
CbWHA1_1982.1.p1	CFAC1_300059500.1-p1	189
CbWHA1_1984.1.p1	CFAC1_260017100.1-p1	110
CbWHA1_1985.1.p1	CFAC1_260017200.1-p1	550
CbWHA1_199.1.p1	CFAC1_290040300.1-p1	266
CbWHA1_1991.1.p1	CFAC1_300059100.1-p1	347
CbWHA1_1992.1.p1	CFAC1_300059200.1-p1	598
CbWHA1_1993.1.p1	CFAC1_300059600.1-p1	576
CbWHA1_1994.1.p1	CFAC1_300059700.1-p1	508
CbWHA1_1996.1.p1	CFAC1_300060000.1-p1	659
CbWHA1_1997.1.p1	CFAC1_300060100.1-p1	659
CbWHA1_1998.1.p1	CFAC1_300060400.1-p1	657
CbWHA1_20.1.p1	CFAC1_160029400.1-p1	144
CbWHA1_200.1.p1	CFAC1_290040300.1-p1	279
CbWHA1_2002.1.p1	CFAC1_300061200.1-p1	729
CbWHA1_2003.1.p1	CFAC1_300061300.1-p1	1012
CbWHA1_2005.1.p1	CFAC1_300061800.1-p1	661
CbWHA1_2011.1.p1	CFAC1_300062500.1-p1	883
CbWHA1_2012.1.p1	CFAC1_300062600.1-p1	474
CbWHA1_2013.1.p1	CFAC1_300062700.1-p1	602
CbWHA1_2014.1.p1	CFAC1_300062800.1-p1	318
CbWHA1_2015.1.p1	CFAC1_300062900.1-p1	1399
CbWHA1_2016.1.p1	CFAC1_300063000.1-p1	225
CbWHA1_2017.1.p1	CFAC1_300063100.1-p1	327
CbWHA1_2018.1.p1	CFAC1_300063200.1-p1	1002
CbWHA1_2019.1.p1	CFAC1_300063300.1-p1	631
CbWHA1_202.1.p1	CFAC1_290040300.1-p1	279
CbWHA1_2021.1.p1	CFAC1_300063400.1-p1	556
CbWHA1_2022.1.p1	CFAC1_130011100.1-p1	198
CbWHA1_2023.1.p1	CFAC1_300064200.1-p1	518
CbWHA1_2024.1.p1	CFAC1_300064300.1-p1	451
CbWHA1_2025.1.p1	CFAC1_300064700.1-p1	1196
CbWHA1_2026.1.p1	CFAC1_300064800.1-p1	628
CbWHA1_2028.1.p1	CFAC1_300065000.1-p1	716
CbWHA1_2029.1.p1	CFAC1_300065700.1-p1	1194
CbWHA1_203.1.p1	CFAC1_290040300.1-p1	279
CbWHA1_2030.1.p1	CFAC1_300065100.1-p1	1054
CbWHA1_2032.1.p1	CFAC1_300065400.1-p1	516
CbWHA1_2033.1.p1	CFAC1_300065500.1-p1	691
CbWHA1_2034.1.p1	CFAC1_300065600.1-p1	1901
CbWHA1_2035.1.p1	CFAC1_300065800.1-p1	117
CbWHA1_2036.1.p1	CFAC1_300065900.1-p1	1451
CbWHA1_2038.1.p1	CFAC1_300066200.1-p1	1016
CbWHA1_2039.1.p1	CFAC1_300066200.1-p1	1007
CbWHA1_204.1.p1	CFAC1_290040300.1-p1	279
CbWHA1_2041.1.p1	CFAC1_300067500.1-p1	1112
CbWHA1_2043.1.p1	CFAC1_260034600.1-p1	1275
CbWHA1_2044.1.p1	CFAC1_260034600.1-p1	1281
CbWHA1_2045.1.p1	CFAC1_260034600.1-p1	1281
CbWHA1_2046.1.p1	CFAC1_260034600.1-p1	1281
CbWHA1_2047.1.p1	CFAC1_260034600.1-p1	1281
CbWHA1_2048.1.p1	CFAC1_260034600.1-p1	1281
CbWHA1_2049.1.p1	CFAC1_260034600.1-p1	1281
CbWHA1_2050.1.p1	CFAC1_260034600.1-p1	1281
CbWHA1_2051.1.p1	CFAC1_260034600.1-p1	1281
CbWHA1_2052.1.p1	CFAC1_260034600.1-p1	1281
CbWHA1_2053.1.p1	CFAC1_260034600.1-p1	1281
CbWHA1_2054.1.p1	CFAC1_260034600.1-p1	1281
CbWHA1_2055.1.p1	CFAC1_260034600.1-p1	1281
CbWHA1_2056.1.p1	CFAC1_260034600.1-p1	1281
CbWHA1_2057.1.p1	CFAC1_260034600.1-p1	1281
CbWHA1_2058.1.p1	CFAC1_260034600.1-p1	1281
CbWHA1_2059.1.p1	CFAC1_260034600.1-p1	1281
CbWHA1_206.1.p1	CFAC1_290040300.1-p1	279
CbWHA1_2060.1.p1	CFAC1_260034600.1-p1	1281
CbWHA1_2061.1.p1	CFAC1_260034600.1-p1	1233
CbWHA1_2063.1.p1	CFAC1_300069400.1-p1	3199
CbWHA1_2064.1.p1	CFAC1_300069500.1-p1	813
CbWHA1_2065.1.p1	CFAC1_300069600.1-p1	388
CbWHA1_2066.1.p1	CFAC1_300069700.1-p1	85.9
CbWHA1_2067.1.p1	CFAC1_300069900.1-p1	669
CbWHA1_2068.1.p1	CFAC1_300070000.1-p1	724
CbWHA1_2069.1.p1	CFAC1_300070100.1-p1	617
CbWHA1_2070.1.p1	CFAC1_300070200.1-p1	667
CbWHA1_2071.1.p1	CFAC1_300070300.1-p1	610
CbWHA1_2072.1.p1	CFAC1_300070500.1-p1	808
CbWHA1_2073.1.p1	CFAC1_250052800.1-p1	305
CbWHA1_2074.1.p1	CFAC1_300070700.1-p1	506
CbWHA1_2078.1.p1	CFAC1_300071300.1-p1	484
CbWHA1_2079.1.p1	CFAC1_300071400.1-p1	2201
CbWHA1_208.1.p1	CFAC1_290040300.1-p1	279
CbWHA1_2080.1.p1	CFAC1_300071600.1-p1	1614
CbWHA1_2081.1.p1	CFAC1_300071900.1-p1	555
CbWHA1_2082.1.p1	CFAC1_300071700.1-p1	806
CbWHA1_2083.1.p1	CFAC1_300071800.1-p1	365
CbWHA1_2084.1.p1	CFAC1_300072000.1-p1	207
CbWHA1_2085.1.p1	CFAC1_300072100.1-p1	1181
CbWHA1_2086.1.p1	CFAC1_300072200.1-p1	1512
CbWHA1_2087.1.p1	CFAC1_300072400.1-p1	916
CbWHA1_2088.1.p1	CFAC1_300073400.1-p1	533
CbWHA1_2089.1.p1	CFAC1_300072500.1-p1	170
CbWHA1_209.1.p1	CFAC1_290040300.1-p1	279
CbWHA1_2090.1.p1	CFAC1_300073000.1-p1	1898
CbWHA1_2091.1.p1	CFAC1_300073100.1-p1	848
CbWHA1_2092.1.p1	CFAC1_300073200.1-p1	676
CbWHA1_2093.1.p1	CFAC1_300073300.1-p1	942
CbWHA1_2094.1.p1	CFAC1_300073600.1-p1	3440
CbWHA1_2095.1.p1	CFAC1_300073700.1-p1	441
CbWHA1_2096.1.p1	CFAC1_300073900.1-p1	1296
CbWHA1_2097.1.p1	CFAC1_300074000.1-p1	573
CbWHA1_2098.1.p1	CFAC1_300074200.1-p1	576
CbWHA1_21.1.p1	CFAC1_160029300.1-p1	311
CbWHA1_2100.1.p1	CFAC1_300074500.1-p1	397
CbWHA1_2102.1.p1	CFAC1_300074700.1-p1	1036
CbWHA1_2103.1.p1	CFAC1_300074800.1-p1	300
CbWHA1_2104.1.p1	CFAC1_300075000.1-p1	504
CbWHA1_2105.1.p1	CFAC1_300074900.1-p1	175
CbWHA1_2106.1.p1	CFAC1_300075400.1-p1	967
CbWHA1_2107.1.p1	CFAC1_300075300.1-p1	459
CbWHA1_2108.1.p1	CFAC1_300075400.1-p1	967
CbWHA1_2109.1.p1	CFAC1_300076000.1-p1	639
CbWHA1_211.1.p1	CFAC1_290040300.1-p1	279
CbWHA1_2110.1.p1	CFAC1_300075600.1-p1	438
CbWHA1_2111.1.p1	CFAC1_300075700.1-p1	300
CbWHA1_2112.1.p1	CFAC1_300075800.1-p1	145
CbWHA1_2114.1.p1	CFAC1_300076100.1-p1	2168
CbWHA1_2115.1.p1	CFAC1_300076200.1-p1	522
CbWHA1_2116.1.p1	CFAC1_300076300.1-p1	542
CbWHA1_2117.1.p1	CFAC1_300076400.1-p1	919
CbWHA1_2118.1.p1	CFAC1_300076500.1-p1	715
CbWHA1_2119.1.p1	CFAC1_300076800.1-p1	196
CbWHA1_212.1.p1	CFAC1_290040400.1-p1	360
CbWHA1_2120.1.p1	CFAC1_300076600.1-p1	672
CbWHA1_2122.1.p1	CFAC1_300077000.1-p1	878
CbWHA1_2123.1.p1	CFAC1_300077100.1-p1	952
CbWHA1_2124.1.p1	CFAC1_300077200.1-p1	852
CbWHA1_2125.1.p1	CFAC1_300077400.1-p1	351
CbWHA1_2126.1.p1	CFAC1_300077400.1-p1	350
CbWHA1_2129.1.p1	CFAC1_300077500.1-p1	782
CbWHA1_213.1.p1	CFAC1_290040500.1-p1	344
CbWHA1_2131.1.p1	CFAC1_300077800.1-p1	800
CbWHA1_2132.1.p1	CFAC1_300078000.1-p1	796
CbWHA1_2133.1.p1	CFAC1_300078200.1-p1	391
CbWHA1_2134.1.p1	CFAC1_300078300.1-p1	727
CbWHA1_2135.1.p1	CFAC1_300078400.1-p1	773
CbWHA1_2136.1.p1	CFAC1_300078600.1-p1	622
CbWHA1_2137.1.p1	CFAC1_300078800.1-p1	862
CbWHA1_2138.1.p1	CFAC1_300078900.1-p1	1199
CbWHA1_214.1.p1	CFAC1_290040700.1-p1	2220
CbWHA1_2140.1.p1	CFAC1_300079100.1-p1	741
CbWHA1_2141.1.p1	CFAC1_300079200.1-p1	1332
CbWHA1_2142.1.p1	CFAC1_300079300.1-p1	950
CbWHA1_2143.1.p1	CFAC1_300079400.1-p1	1661
CbWHA1_2144.1.p1	CFAC1_300079500.1-p1	1439
CbWHA1_2145.1.p1	CFAC1_300079600.1-p1	1031
CbWHA1_2146.1.p1	CFAC1_300079800.1-p1	716
CbWHA1_2148.1.p1	CFAC1_300080000.1-p1	482
CbWHA1_215.1.p1	CFAC1_290040700.1-p1	2349
CbWHA1_2150.1.p1	CFAC1_300080300.1-p1	264
CbWHA1_2151.1.p1	CFAC1_300080500.1-p1	381
CbWHA1_2152.1.p1	CFAC1_300080600.1-p1	553
CbWHA1_2153.1.p1	CFAC1_300080700.1-p1	519
CbWHA1_2154.1.p1	CFAC1_300080800.1-p1	83.6
CbWHA1_2155.1.p1	CFAC1_300080900.1-p1	1988
CbWHA1_2156.1.p1	CFAC1_300081000.1-p1	1325
CbWHA1_2157.1.p1	CFAC1_300081100.1-p1	924
CbWHA1_2159.1.p1	CFAC1_300081200.1-p1	650
CbWHA1_216.1.p1	CFAC1_290040800.1-p1	1988
CbWHA1_2160.1.p1	CFAC1_300081300.1-p1	946
CbWHA1_2161.1.p1	CFAC1_300081400.1-p1	641
CbWHA1_2162.1.p1	CFAC1_300081500.1-p1	1305
CbWHA1_2163.1.p1	CFAC1_300081700.1-p1	543
CbWHA1_2165.1.p1	CFAC1_300081900.1-p1	174
CbWHA1_2168.1.p1	CFAC1_300082600.1-p1	162
CbWHA1_2169.1.p1	CFAC1_300082700.1-p1	767
CbWHA1_217.1.p1	CFAC1_290040900.1-p1	415
CbWHA1_2170.1.p1	CFAC1_300082800.1-p1	856
CbWHA1_2171.1.p1	CFAC1_300082900.1-p1	652
CbWHA1_2172.1.p1	CFAC1_300083500.1-p1	390
CbWHA1_2173.1.p1	CFAC1_300083000.1-p1	444
CbWHA1_2174.1.p1	CFAC1_300083100.1-p1	113
CbWHA1_2176.1.p1	CFAC1_300083400.1-p1	620
CbWHA1_2178.1.p1	CFAC1_300083700.1-p1	583
CbWHA1_218.1.p1	CFAC1_290041100.1-p1	353
CbWHA1_2180.1.p1	CFAC1_300083900.1-p1	555
CbWHA1_2183.1.p1	CFAC1_300084100.1-p1	1572
CbWHA1_2185.1.p1	CFAC1_300084200.1-p1	854
CbWHA1_2186.1.p1	CFAC1_300084300.1-p1	243
CbWHA1_2187.1.p1	CFAC1_300084400.1-p1	711
CbWHA1_2188.1.p1	CFAC1_300084500.1-p1	588
CbWHA1_219.1.p1	CFAC1_290041300.1-p1	1128
CbWHA1_2190.1.p1	CFAC1_300084800.1-p1	221
CbWHA1_2191.1.p1	CFAC1_300084900.1-p1	1224
CbWHA1_2192.1.p1	CFAC1_300085000.1-p1	783
CbWHA1_2193.1.p1	CFAC1_300085100.1-p1	855
CbWHA1_2195.1.p1	CFAC1_300085200.1-p1	525
CbWHA1_2197.1.p1	CFAC1_300085500.1-p1	1627
CbWHA1_2198.1.p1	CFAC1_300085600.1-p1	229
CbWHA1_2199.1.p1	CFAC1_300085700.1-p1	379
CbWHA1_22.1.p1	CFAC1_160029200.1-p1	1014
CbWHA1_220.1.p1	CFAC1_290041400.1-p1	747
CbWHA1_2201.1.p1	CFAC1_300085900.1-p1	643
CbWHA1_2202.1.p1	CFAC1_300086000.1-p1	1879
CbWHA1_2203.1.p1	CFAC1_300086100.1-p1	869
CbWHA1_2204.1.p1	CFAC1_300086200.1-p1	733
CbWHA1_2205.1.p1	CFAC1_300086500.1-p1	292
CbWHA1_2206.1.p1	CFAC1_300086600.1-p1	931
CbWHA1_2207.1.p1	CFAC1_300086700.1-p1	193
CbWHA1_2208.1.p1	CFAC1_300086800.1-p1	408
CbWHA1_2209.1.p1	CFAC1_300087200.1-p1	351
CbWHA1_221.1.p1	CFAC1_290041500.1-p1	1194
CbWHA1_2210.1.p1	CFAC1_300086900.1-p1	1584
CbWHA1_2212.1.p1	CFAC1_300087100.1-p1	855
CbWHA1_2213.1.p1	CFAC1_300087200.1-p1	392
CbWHA1_2214.1.p1	CFAC1_300087300.1-p1	429
CbWHA1_2216.1.p1	CFAC1_300087500.1-p1	466
CbWHA1_2218.1.p1	CFAC1_300087700.1-p1	572
CbWHA1_2219.1.p1	CFAC1_300087800.1-p1	544
CbWHA1_2220.1.p1	CFAC1_300088100.1-p1	690
CbWHA1_2224.1.p1	CFAC1_300088800.1-p1	589
CbWHA1_2225.1.p1	CFAC1_300088900.1-p1	477
CbWHA1_2226.1.p1	CFAC1_300089000.1-p1	620
CbWHA1_2228.1.p1	CFAC1_300089200.1-p1	566
CbWHA1_2229.1.p1	CFAC1_300089300.1-p1	824
CbWHA1_223.1.p1	CFAC1_290042100.1-p1	1502
CbWHA1_2230.1.p1	CFAC1_300089400.1-p1	276
CbWHA1_2232.1.p1	CFAC1_300089700.1-p1	1091
CbWHA1_2233.1.p1	CFAC1_300089800.1-p1	624
CbWHA1_2235.1.p1	CFAC1_300090100.1-p1	4615
CbWHA1_2236.1.p1	CFAC1_300090200.1-p1	686
CbWHA1_2237.1.p1	CFAC1_300090300.1-p1	786
CbWHA1_2238.1.p1	CFAC1_300090400.1-p1	416
CbWHA1_2239.1.p1	CFAC1_300090500.1-p1	476
CbWHA1_224.1.p1	CFAC1_290042200.1-p1	1865
CbWHA1_2240.1.p1	CFAC1_300090600.1-p1	2013
CbWHA1_2241.1.p1	CFAC1_300090700.1-p1	679
CbWHA1_2243.1.p1	CFAC1_300090900.1-p1	1110
CbWHA1_2244.1.p1	CFAC1_300091000.1-p1	140
CbWHA1_2245.1.p1	CFAC1_300091100.1-p1	134
CbWHA1_2246.1.p1	CFAC1_300091200.1-p1	1480
CbWHA1_2247.1.p1	CFAC1_300091300.1-p1	437
CbWHA1_2248.1.p1	CFAC1_300091800.1-p1	578
CbWHA1_2249.1.p1	CFAC1_300091900.1-p1	640
CbWHA1_225.1.p1	CFAC1_290042300.1-p1	656
CbWHA1_2250.1.p1	CFAC1_300092000.1-p1	160
CbWHA1_2251.1.p1	CFAC1_300092100.1-p1	708
CbWHA1_2252.1.p1	CFAC1_300092200.1-p1	373
CbWHA1_2253.1.p1	CFAC1_300092300.1-p1	937
CbWHA1_2254.1.p1	CFAC1_300092400.1-p1	442
CbWHA1_2255.1.p1	CFAC1_300092500.1-p1	949
CbWHA1_2256.1.p1	CFAC1_300092600.1-p1	372
CbWHA1_2257.1.p1	CFAC1_300092700.1-p1	957
CbWHA1_2259.1.p1	CFAC1_300092900.1-p1	430
CbWHA1_226.1.p1	CFAC1_290042400.1-p1	285
CbWHA1_2260.1.p1	CFAC1_300093000.1-p1	999
CbWHA1_2273.1.p1	CFAC1_300093200.1-p1	557
CbWHA1_2274.1.p1	CFAC1_300093300.1-p1	336
CbWHA1_2275.1.p1	CFAC1_300093400.1-p1	277
CbWHA1_2276.1.p1	CFAC1_300093500.1-p1	1046
CbWHA1_2277.1.p1	CFAC1_300093600.1-p1	402
CbWHA1_2278.1.p1	CFAC1_300093700.1-p1	479
CbWHA1_2279.1.p1	CFAC1_300093800.1-p1	387
CbWHA1_228.1.p1	CFAC1_290042600.1-p1	326
CbWHA1_2280.1.p1	CFAC1_300093900.1-p1	294
CbWHA1_2281.1.p1	CFAC1_300094000.1-p1	793
CbWHA1_2282.1.p1	CFAC1_300094100.1-p1	172
CbWHA1_2283.1.p1	CFAC1_300094900.1-p1	2025
CbWHA1_2285.1.p1	CFAC1_300094200.1-p1	348
CbWHA1_2289.1.p1	CFAC1_300094700.1-p1	786
CbWHA1_2290.1.p1	CFAC1_300094800.1-p1	523
CbWHA1_2291.1.p1	CFAC1_300095000.1-p1	3826
CbWHA1_2292.1.p1	CFAC1_300095100.1-p1	218
CbWHA1_2293.1.p1	CFAC1_300095200.1-p1	106
CbWHA1_2294.1.p1	CFAC1_300095300.1-p1	603
CbWHA1_2295.1.p1	CFAC1_300095400.1-p1	296
CbWHA1_2296.1.p1	CFAC1_300095600.1-p1	586
CbWHA1_2297.1.p1	CFAC1_300096000.1-p1	145
CbWHA1_2298.1.p1	CFAC1_300096100.1-p1	146
CbWHA1_2299.1.p1	CFAC1_300096200.1-p1	227
CbWHA1_23.1.p1	CFAC1_160029100.1-p1	934
CbWHA1_230.1.p1	CFAC1_290042900.1-p1	646
CbWHA1_2300.1.p1	CFAC1_300096300.1-p1	228
CbWHA1_2301.1.p1	CFAC1_300096400.1-p1	1165
CbWHA1_2303.1.p1	CFAC1_300096600.1-p1	318
CbWHA1_2304.1.p1	CFAC1_300096700.1-p1	145
CbWHA1_2305.1.p1	CFAC1_300096800.1-p1	793
CbWHA1_2306.1.p1	CFAC1_300096900.1-p1	1144
CbWHA1_2307.1.p1	CFAC1_300097000.1-p1	2506
CbWHA1_2308.1.p1	CFAC1_300097100.1-p1	205
CbWHA1_2309.1.p1	CFAC1_300097200.1-p1	214
CbWHA1_231.1.p1	CFAC1_290043000.1-p1	427
CbWHA1_2310.1.p1	CFAC1_300097300.1-p1	618
CbWHA1_2311.1.p1	CFAC1_300097400.1-p1	523
CbWHA1_2312.1.p1	CFAC1_300097500.1-p1	552
CbWHA1_2313.1.p1	CFAC1_300097700.1-p1	241
CbWHA1_2315.1.p1	CFAC1_300097800.1-p1	857
CbWHA1_2317.1.p1	CFAC1_300098000.1-p1	485
CbWHA1_2318.1.p1	CFAC1_300098100.1-p1	621
CbWHA1_2319.1.p1	CFAC1_300098200.1-p1	740
CbWHA1_232.1.p1	CFAC1_290043100.1-p1	183
CbWHA1_2320.1.p1	CFAC1_300098300.1-p1	209
CbWHA1_2321.1.p1	CFAC1_300098500.1-p1	901
CbWHA1_2322.1.p1	CFAC1_300098600.1-p1	1149
CbWHA1_2323.1.p1	CFAC1_300098700.1-p1	256
CbWHA1_2324.1.p1	CFAC1_300098800.1-p1	139
CbWHA1_2325.1.p1	CFAC1_300098900.1-p1	245
CbWHA1_2327.1.p1	CFAC1_300099100.1-p1	296
CbWHA1_2328.1.p1	CFAC1_300099200.1-p1	389
CbWHA1_2329.1.p1	CFAC1_300099300.1-p1	2595
CbWHA1_233.1.p1	CFAC1_290043200.1-p1	811
CbWHA1_2330.1.p1	CFAC1_300099400.1-p1	731
CbWHA1_2331.1.p1	CFAC1_300099600.1-p1	792
CbWHA1_2334.1.p1	CFAC1_300100000.1-p1	482
CbWHA1_2335.1.p1	CFAC1_300100200.1-p1	631
CbWHA1_2336.1.p1	CFAC1_300100400.1-p1	1362
CbWHA1_2337.1.p1	CFAC1_300100500.1-p1	909
CbWHA1_2338.1.p1	CFAC1_300100600.1-p1	1117
CbWHA1_2339.1.p1	CFAC1_300100700.1-p1	260
CbWHA1_234.1.p1	CFAC1_290043300.1-p1	48.1
CbWHA1_2341.1.p1	CFAC1_300100900.1-p1	261
CbWHA1_2343.1.p1	CFAC1_300101200.1-p1	563
CbWHA1_2344.1.p1	CFAC1_300101300.1-p1	433
CbWHA1_2345.1.p1	CFAC1_300101400.1-p1	702
CbWHA1_2346.1.p1	CFAC1_300101500.1-p1	1068
CbWHA1_2347.1.p1	CFAC1_300101600.1-p1	409
CbWHA1_2348.1.p1	CFAC1_300101700.1-p1	991
CbWHA1_2349.1.p1	CFAC1_300101800.1-p1	403
CbWHA1_235.1.p1	CFAC1_290043500.1-p1	172
CbWHA1_2352.1.p1	CFAC1_300102100.1-p1	214
CbWHA1_2353.1.p1	CFAC1_300102200.1-p1	892
CbWHA1_2354.1.p1	CFAC1_230023100.1-p1	177
CbWHA1_2355.1.p1	CFAC1_300102400.1-p1	932
CbWHA1_2356.1.p1	CFAC1_300102500.1-p1	1160
CbWHA1_2357.1.p1	CFAC1_300102900.1-p1	1058
CbWHA1_2358.1.p1	CFAC1_300103100.1-p1	421
CbWHA1_2359.1.p1	CFAC1_300103600.1-p1	833
CbWHA1_236.1.p1	CFAC1_290043600.1-p1	297
CbWHA1_2361.1.p1	CFAC1_300103600.1-p1	994
CbWHA1_2362.1.p1	CFAC1_300103600.1-p1	873
CbWHA1_2363.1.p1	CFAC1_300103600.1-p1	873
CbWHA1_2364.1.p1	CFAC1_300103000.1-p1	331
CbWHA1_2365.1.p1	CFAC1_300103700.1-p1	374
CbWHA1_2366.1.p1	CFAC1_300103800.1-p1	564
CbWHA1_2367.1.p1	CFAC1_300103900.1-p1	953
CbWHA1_2368.1.p1	CFAC1_300104000.1-p1	381
CbWHA1_2369.1.p1	CFAC1_300104100.1-p1	748
CbWHA1_2370.1.p1	CFAC1_300104400.1-p1	408
CbWHA1_2371.1.p1	CFAC1_300104500.1-p1	82.8
CbWHA1_2372.1.p1	CFAC1_300104700.1-p1	731
CbWHA1_2374.1.p1	CFAC1_300104900.1-p1	701
CbWHA1_2375.1.p1	CFAC1_300105000.1-p1	356
CbWHA1_2376.1.p1	CFAC1_300105100.1-p1	321
CbWHA1_2377.1.p1	CFAC1_300105200.1-p1	617
CbWHA1_2378.1.p1	CFAC1_300105400.1-p1	627
CbWHA1_2379.1.p1	CFAC1_300105800.1-p1	723
CbWHA1_2380.1.p1	CFAC1_300105900.1-p1	539
CbWHA1_2381.1.p1	CFAC1_300106000.1-p1	280
CbWHA1_2382.1.p1	CFAC1_300106100.1-p1	680
CbWHA1_2383.1.p1	CFAC1_300106200.1-p1	9486
CbWHA1_2385.1.p1	CFAC1_280006700.1-p1	231
CbWHA1_239.1.p1	CFAC1_290044000.1-p1	1070
CbWHA1_2392.1.p1	CFAC1_020005800.1-p1	159
CbWHA1_2398.1.p1	CFAC1_260062500.1-p1	1000
CbWHA1_24.1.p1	CFAC1_160029000.1-p1	429
CbWHA1_240.1.p1	CFAC1_290044100.1-p1	2097
CbWHA1_2401.1.p1	CFAC1_260063100.1-p1	154
CbWHA1_2402.1.p1	CFAC1_260062800.1-p1	1908
CbWHA1_2403.1.p1	CFAC1_260062400.1-p1	675
CbWHA1_2404.1.p1	CFAC1_260062300.1-p1	226
CbWHA1_2405.1.p1	CFAC1_260062200.1-p1	345
CbWHA1_2407.1.p1	CFAC1_260061900.1-p1	369
CbWHA1_2408.1.p1	CFAC1_260061800.1-p1	288
CbWHA1_2409.1.p1	CFAC1_260061700.1-p1	481
CbWHA1_241.1.p1	CFAC1_290044800.1-p1	385
CbWHA1_2410.1.p1	CFAC1_260061600.1-p1	323
CbWHA1_2411.1.p1	CFAC1_260061400.1-p1	1145
CbWHA1_2412.1.p1	CFAC1_260061300.1-p1	471
CbWHA1_2417.1.p1	CFAC1_260060700.1-p1	768
CbWHA1_2418.1.p1	CFAC1_260060700.1-p1	768
CbWHA1_2419.1.p1	CFAC1_260060600.1-p1	632
CbWHA1_242.1.p1	CFAC1_290044200.1-p1	858
CbWHA1_2420.1.p1	CFAC1_260060500.1-p1	434
CbWHA1_2421.1.p1	CFAC1_260060400.1-p1	679
CbWHA1_2422.1.p1	CFAC1_260060200.1-p1	633
CbWHA1_2424.1.p1	CFAC1_010006600.1-p1	167
CbWHA1_2425.1.p1	CFAC1_260059800.1-p1	1187
CbWHA1_2427.1.p1	CFAC1_260059500.1-p1	1117
CbWHA1_2428.1.p1	CFAC1_260059400.1-p1	310
CbWHA1_2429.1.p1	CFAC1_260059200.1-p1	1580
CbWHA1_243.1.p1	CFAC1_290044300.1-p1	189
CbWHA1_2430.1.p1	CFAC1_260059100.1-p1	954
CbWHA1_2432.1.p1	CFAC1_260058900.1-p1	147
CbWHA1_2433.1.p1	CFAC1_260058800.1-p1	637
CbWHA1_2434.1.p1	CFAC1_130017100.1-p1	347
CbWHA1_2435.1.p1	CFAC1_260058500.1-p1	437
CbWHA1_2437.1.p1	CFAC1_260058300.1-p1	75.9
CbWHA1_2438.1.p1	CFAC1_260058200.1-p1	875
CbWHA1_2439.1.p1	CFAC1_260058100.1-p1	419
CbWHA1_2440.1.p1	CFAC1_260057900.1-p1	627
CbWHA1_2441.1.p1	CFAC1_260057800.1-p1	277
CbWHA1_2442.1.p1	CFAC1_260057700.1-p1	605
CbWHA1_2443.1.p1	CFAC1_260057600.1-p1	1548
CbWHA1_2444.1.p1	CFAC1_260057500.1-p1	1019
CbWHA1_2447.1.p1	CFAC1_260057100.1-p1	1129
CbWHA1_2448.1.p1	CFAC1_300011400.1-p1	229
CbWHA1_2449.1.p1	CFAC1_260056900.1-p1	780
CbWHA1_245.1.p1	CFAC1_290044700.1-p1	1240
CbWHA1_2451.1.p1	CFAC1_260056700.1-p1	504
CbWHA1_2453.1.p1	CFAC1_260056500.1-p1	370
CbWHA1_2454.1.p1	CFAC1_260056400.1-p1	373
CbWHA1_2455.1.p1	CFAC1_260056300.1-p1	1801
CbWHA1_2456.1.p1	CFAC1_260056200.1-p1	326
CbWHA1_2457.1.p1	CFAC1_020010700.1-p1	240
CbWHA1_2458.1.p1	CFAC1_260056100.1-p1	699
CbWHA1_2459.1.p1	CFAC1_260056000.1-p1	689
CbWHA1_246.1.p1	CFAC1_290044900.1-p1	972
CbWHA1_2462.1.p1	CFAC1_260055600.1-p1	1697
CbWHA1_2463.1.p1	CFAC1_260055300.1-p1	816
CbWHA1_2464.1.p1	CFAC1_260055200.1-p1	690
CbWHA1_2466.1.p1	CFAC1_260055000.1-p1	548
CbWHA1_2467.1.p1	CFAC1_260054900.1-p1	1419
CbWHA1_2468.1.p1	CFAC1_260054800.1-p1	187
CbWHA1_2469.1.p1	CFAC1_260054700.1-p1	441
CbWHA1_247.1.p1	CFAC1_290045000.1-p1	367
CbWHA1_2471.1.p1	CFAC1_260054600.1-p1	153
CbWHA1_2472.1.p1	CFAC1_260054500.1-p1	663
CbWHA1_2476.1.p1	CFAC1_260054000.1-p1	496
CbWHA1_2477.1.p1	CFAC1_260053800.1-p1	639
CbWHA1_2478.1.p1	CFAC1_260053700.1-p1	755
CbWHA1_2488.1.p1	CFAC1_260054300.1-p1	648
CbWHA1_2489.1.p1	CFAC1_260054200.1-p1	456
CbWHA1_249.1.p1	CFAC1_290045300.1-p1	826
CbWHA1_2490.1.p1	CFAC1_260053600.1-p1	1071
CbWHA1_2492.1.p1	CFAC1_260053400.1-p1	887
CbWHA1_2493.1.p1	CFAC1_260053300.1-p1	203
CbWHA1_2494.1.p1	CFAC1_260053200.1-p1	493
CbWHA1_2495.1.p1	CFAC1_260053100.1-p1	476
CbWHA1_2496.1.p1	CFAC1_260053000.1-p1	311
CbWHA1_2497.1.p1	CFAC1_260052900.1-p1	223
CbWHA1_2498.1.p1	CFAC1_260052800.1-p1	202
CbWHA1_2499.1.p1	CFAC1_260052600.1-p1	767
CbWHA1_250.1.p1	CFAC1_290045700.1-p1	304
CbWHA1_2500.1.p1	CFAC1_260052500.1-p1	975
CbWHA1_2501.1.p1	CFAC1_260052200.1-p1	314
CbWHA1_2502.1.p1	CFAC1_260052100.1-p1	91.3
CbWHA1_2503.1.p1	CFAC1_260052000.1-p1	462
CbWHA1_2507.1.p1	CFAC1_260051700.1-p1	409
CbWHA1_2508.1.p1	CFAC1_260051600.1-p1	723
CbWHA1_2509.1.p1	CFAC1_260051500.1-p1	1139
CbWHA1_251.1.p1	CFAC1_290045400.1-p1	666
CbWHA1_2510.1.p1	CFAC1_260051300.1-p1	740
CbWHA1_2511.1.p1	CFAC1_260051200.1-p1	476
CbWHA1_2512.1.p1	CFAC1_260051100.1-p1	330
CbWHA1_2513.1.p1	CFAC1_260051000.1-p1	496
CbWHA1_2514.1.p1	CFAC1_260050900.1-p1	432
CbWHA1_2515.1.p1	CFAC1_260050700.1-p1	206
CbWHA1_2516.1.p1	CFAC1_260050600.1-p1	928
CbWHA1_2517.1.p1	CFAC1_260050500.1-p1	609
CbWHA1_2518.1.p1	CFAC1_260050300.1-p1	532
CbWHA1_2519.1.p1	CFAC1_260050200.1-p1	291
CbWHA1_252.1.p1	CFAC1_290045500.1-p1	561
CbWHA1_2520.1.p1	CFAC1_260050000.1-p1	518
CbWHA1_2521.1.p1	CFAC1_260049800.1-p1	684
CbWHA1_2522.1.p1	CFAC1_260049600.1-p1	951
CbWHA1_2523.1.p1	CFAC1_260049500.1-p1	294
CbWHA1_2524.1.p1	CFAC1_260048800.1-p1	1182
CbWHA1_2525.1.p1	CFAC1_260048400.1-p1	644
CbWHA1_2527.1.p1	CFAC1_260048800.1-p1	1182
CbWHA1_2528.1.p1	CFAC1_260047300.1-p1	922
CbWHA1_2529.1.p1	CFAC1_260048300.1-p1	206
CbWHA1_253.1.p1	CFAC1_290045600.1-p1	2916
CbWHA1_2531.1.p1	CFAC1_260047500.1-p1	80.1
CbWHA1_2533.1.p1	CFAC1_260047200.1-p1	926
CbWHA1_2534.1.p1	CFAC1_260047100.1-p1	631
CbWHA1_2535.1.p1	CFAC1_260047000.1-p1	497
CbWHA1_2536.1.p1	CFAC1_260046900.1-p1	453
CbWHA1_2537.1.p1	CFAC1_260046800.1-p1	815
CbWHA1_2539.1.p1	CFAC1_260046700.1-p1	881
CbWHA1_254.1.p1	CFAC1_290045800.1-p1	1083
CbWHA1_2540.1.p1	CFAC1_260046500.1-p1	487
CbWHA1_2541.1.p1	CFAC1_260046300.1-p1	861
CbWHA1_2542.1.p1	CFAC1_260046200.1-p1	1165
CbWHA1_2543.1.p1	CFAC1_260046100.1-p1	1884
CbWHA1_2544.1.p1	CFAC1_260046000.1-p1	582
CbWHA1_2545.1.p1	CFAC1_260045900.1-p1	543
CbWHA1_2546.1.p1	CFAC1_260045800.1-p1	346
CbWHA1_2547.1.p1	CFAC1_260045700.1-p1	360
CbWHA1_2548.1.p1	CFAC1_260045600.1-p1	729
CbWHA1_2549.1.p1	CFAC1_260045500.1-p1	3651
CbWHA1_255.1.p1	CFAC1_290046000.1-p1	574
CbWHA1_2550.1.p1	CFAC1_260045400.1-p1	268
CbWHA1_2552.1.p1	CFAC1_260045200.1-p1	317
CbWHA1_2554.1.p1	CFAC1_260045100.1-p1	244
CbWHA1_2555.1.p1	CFAC1_260044800.1-p1	686
CbWHA1_2556.1.p1	CFAC1_260044700.1-p1	548
CbWHA1_2557.1.p1	CFAC1_260044600.1-p1	888
CbWHA1_2558.1.p1	CFAC1_260044400.1-p1	1218
CbWHA1_2559.1.p1	CFAC1_260044300.1-p1	442
CbWHA1_256.1.p1	CFAC1_290046200.1-p1	564
CbWHA1_2560.1.p1	CFAC1_260044100.1-p1	865
CbWHA1_2561.1.p1	CFAC1_260043900.1-p1	716
CbWHA1_2564.1.p1	CFAC1_260043700.1-p1	759
CbWHA1_2565.1.p1	CFAC1_260043600.1-p1	353
CbWHA1_2566.1.p1	CFAC1_260043600.1-p1	352
CbWHA1_2567.1.p1	CFAC1_260043500.1-p1	463
CbWHA1_2569.1.p1	CFAC1_260043400.1-p1	1469
CbWHA1_257.1.p1	CFAC1_290046700.1-p1	1041
CbWHA1_2570.1.p1	CFAC1_260043300.1-p1	646
CbWHA1_2571.1.p1	CFAC1_260043000.1-p1	1754
CbWHA1_2573.1.p1	CFAC1_260042900.1-p1	794
CbWHA1_2575.1.p1	CFAC1_260042400.1-p1	2317
CbWHA1_2579.1.p1	CFAC1_260042100.1-p1	268
CbWHA1_258.1.p1	CFAC1_290046800.1-p1	902
CbWHA1_2580.1.p1	CFAC1_260042000.1-p1	550
CbWHA1_2582.1.p1	CFAC1_260041400.1-p1	896
CbWHA1_2583.1.p1	CFAC1_260041400.1-p1	714
CbWHA1_2584.1.p1	CFAC1_260041100.1-p1	902
CbWHA1_2585.1.p1	CFAC1_260041000.1-p1	639
CbWHA1_2586.1.p1	CFAC1_260040900.1-p1	1370
CbWHA1_2587.1.p1	CFAC1_260040800.1-p1	332
CbWHA1_2589.1.p1	CFAC1_260040300.1-p1	198
CbWHA1_259.1.p1	CFAC1_290046900.1-p1	901
CbWHA1_2590.1.p1	CFAC1_260040600.1-p1	475
CbWHA1_2591.1.p1	CFAC1_260040500.1-p1	278
CbWHA1_2592.1.p1	CFAC1_260040400.1-p1	1707
CbWHA1_2593.1.p1	CFAC1_260040200.1-p1	776
CbWHA1_2595.1.p1	CFAC1_260038700.1-p1	1186
CbWHA1_2596.1.p1	CFAC1_260039400.1-p1	820
CbWHA1_2597.1.p1	CFAC1_260039200.1-p1	508
CbWHA1_2599.1.p1	CFAC1_260038900.1-p1	206
CbWHA1_26.1.p1	CFAC1_160028700.1-p1	640
CbWHA1_260.1.p1	CFAC1_290047000.1-p1	795
CbWHA1_2600.1.p1	CFAC1_260037200.1-p1	1068
CbWHA1_2601.1.p1	CFAC1_260038600.1-p1	2384
CbWHA1_2602.1.p1	CFAC1_260038500.1-p1	230
CbWHA1_2603.1.p1	CFAC1_260038400.1-p1	518
CbWHA1_2605.1.p1	CFAC1_260038300.1-p1	371
CbWHA1_2606.1.p1	CFAC1_260038200.1-p1	355
CbWHA1_2607.1.p1	CFAC1_260038100.1-p1	404
CbWHA1_2608.1.p1	CFAC1_260038000.1-p1	920
CbWHA1_2609.1.p1	CFAC1_260037900.1-p1	178
CbWHA1_261.1.p1	CFAC1_290047100.1-p1	536
CbWHA1_2611.1.p1	CFAC1_260037600.1-p1	650
CbWHA1_2614.1.p1	CFAC1_260036900.1-p1	1189
CbWHA1_2615.1.p1	CFAC1_260036800.1-p1	1293
CbWHA1_2616.1.p1	CFAC1_260036600.1-p1	439
CbWHA1_2618.1.p1	CFAC1_290050100.1-p1	57.8
CbWHA1_2619.1.p1	CFAC1_260036100.1-p1	679
CbWHA1_262.1.p1	CFAC1_290047200.1-p1	224
CbWHA1_2620.1.p1	CFAC1_260036000.1-p1	1340
CbWHA1_2621.1.p1	CFAC1_260035900.1-p1	382
CbWHA1_2622.1.p1	CFAC1_260035800.1-p1	752
CbWHA1_2623.1.p1	CFAC1_260035500.1-p1	1634
CbWHA1_2624.1.p1	CFAC1_260035400.1-p1	471
CbWHA1_2625.1.p1	CFAC1_260035100.1-p1	199
CbWHA1_2626.1.p1	CFAC1_260035000.1-p1	372
CbWHA1_2627.1.p1	CFAC1_260034100.1-p1	759
CbWHA1_2628.1.p1	CFAC1_260034900.1-p1	479
CbWHA1_2629.1.p1	CFAC1_260034800.1-p1	629
CbWHA1_263.1.p1	CFAC1_290047300.1-p1	451
CbWHA1_2631.1.p1	CFAC1_280065700.1-p1	334
CbWHA1_2632.1.p1	CFAC1_280065700.1-p1	334
CbWHA1_2633.1.p1	CFAC1_260033900.1-p1	802
CbWHA1_2635.1.p1	CFAC1_260033700.1-p1	823
CbWHA1_2636.1.p1	CFAC1_280065700.1-p1	334
CbWHA1_2638.1.p1	CFAC1_280065700.1-p1	334
CbWHA1_2639.1.p1	CFAC1_280065700.1-p1	334
CbWHA1_264.1.p1	CFAC1_290047400.1-p1	668
CbWHA1_2640.1.p1	CFAC1_280065700.1-p1	334
CbWHA1_2641.1.p1	CFAC1_280065700.1-p1	334
CbWHA1_2643.1.p1	CFAC1_260033300.1-p1	974
CbWHA1_2644.1.p1	CFAC1_260033100.1-p1	545
CbWHA1_2645.1.p1	CFAC1_260033000.1-p1	1582
CbWHA1_2647.1.p1	CFAC1_260032800.1-p1	227
CbWHA1_265.1.p1	CFAC1_290047500.1-p1	1105
CbWHA1_2650.1.p1	CFAC1_260032200.1-p1	1466
CbWHA1_2651.1.p1	CFAC1_260032100.1-p1	187
CbWHA1_2652.1.p1	CFAC1_260031900.1-p1	823
CbWHA1_2654.1.p1	CFAC1_260031500.1-p1	195
CbWHA1_2655.1.p1	CFAC1_260031300.1-p1	703
CbWHA1_2656.1.p1	CFAC1_260031200.1-p1	1009
CbWHA1_2657.1.p1	CFAC1_260031100.1-p1	531
CbWHA1_2658.1.p1	CFAC1_260031000.1-p1	1376
CbWHA1_266.1.p1	CFAC1_290047600.1-p1	680
CbWHA1_2660.1.p1	CFAC1_260030700.1-p1	320
CbWHA1_2661.1.p1	CFAC1_260030600.1-p1	281
CbWHA1_2662.1.p1	CFAC1_260030300.1-p1	464
CbWHA1_2663.1.p1	CFAC1_260030200.1-p1	398
CbWHA1_2664.1.p1	CFAC1_260030100.1-p1	505
CbWHA1_2665.1.p1	CFAC1_260030000.1-p1	1675
CbWHA1_2667.1.p1	CFAC1_260029800.1-p1	551
CbWHA1_2668.1.p1	CFAC1_260029600.1-p1	378
CbWHA1_2669.1.p1	CFAC1_260029500.1-p1	150
CbWHA1_267.1.p1	CFAC1_290047700.1-p1	275
CbWHA1_2670.1.p1	CFAC1_260029400.1-p1	763
CbWHA1_2672.1.p1	CFAC1_260029000.1-p1	1063
CbWHA1_2675.1.p1	CFAC1_260028600.1-p1	585
CbWHA1_2678.1.p1	CFAC1_260027100.1-p1	473
CbWHA1_2679.1.p1	CFAC1_260028500.1-p1	608
CbWHA1_268.1.p1	CFAC1_290047700.1-p1	253
CbWHA1_2680.1.p1	CFAC1_260028400.1-p1	325
CbWHA1_2681.1.p1	CFAC1_260028200.1-p1	344
CbWHA1_2682.1.p1	CFAC1_260028000.1-p1	315
CbWHA1_2683.1.p1	CFAC1_260027700.1-p1	715
CbWHA1_2684.1.p1	CFAC1_260027000.1-p1	236
CbWHA1_2686.1.p1	CFAC1_260026800.1-p1	558
CbWHA1_2688.1.p1	CFAC1_260026400.1-p1	203
CbWHA1_269.1.p1	CFAC1_290047900.1-p1	1119
CbWHA1_2691.1.p1	CFAC1_260026100.1-p1	902
CbWHA1_2692.1.p1	CFAC1_260026000.1-p1	168
CbWHA1_2696.1.p1	CFAC1_260025400.1-p1	1251
CbWHA1_2698.1.p1	CFAC1_260025100.1-p1	301
CbWHA1_2699.1.p1	CFAC1_260025000.1-p1	229
CbWHA1_27.1.p1	CFAC1_160028600.1-p1	1572
CbWHA1_270.1.p1	CFAC1_290048000.1-p1	265
CbWHA1_2700.1.p1	CFAC1_260024900.1-p1	875
CbWHA1_2701.1.p1	CFAC1_260024800.1-p1	337
CbWHA1_2702.1.p1	CFAC1_260024700.1-p1	575
CbWHA1_2703.1.p1	CFAC1_260023600.1-p1	832
CbWHA1_2704.1.p1	CFAC1_260024600.1-p1	1072
CbWHA1_2705.1.p1	CFAC1_260024500.1-p1	1195
CbWHA1_2706.1.p1	CFAC1_260024200.1-p1	619
CbWHA1_2707.1.p1	CFAC1_260024100.1-p1	459
CbWHA1_2708.1.p1	CFAC1_260024000.1-p1	1024
CbWHA1_2709.1.p1	CFAC1_260023700.1-p1	1313
CbWHA1_271.1.p1	CFAC1_290048100.1-p1	1195
CbWHA1_2710.1.p1	CFAC1_260023500.1-p1	209
CbWHA1_2711.1.p1	CFAC1_260023300.1-p1	784
CbWHA1_2712.1.p1	CFAC1_260023200.1-p1	726
CbWHA1_2713.1.p1	CFAC1_260023100.1-p1	1041
CbWHA1_2714.1.p1	CFAC1_260023000.1-p1	565
CbWHA1_2715.1.p1	CFAC1_260022900.1-p1	384
CbWHA1_2717.1.p1	CFAC1_260022600.1-p1	789
CbWHA1_2718.1.p1	CFAC1_260022500.1-p1	322
CbWHA1_2719.1.p1	CFAC1_260022400.1-p1	512
CbWHA1_2720.1.p1	CFAC1_260022300.1-p1	88.6
CbWHA1_2721.1.p1	CFAC1_260022200.1-p1	422
CbWHA1_2722.1.p1	CFAC1_260022100.1-p1	736
CbWHA1_2723.1.p1	CFAC1_260021700.1-p1	988
CbWHA1_2724.1.p1	CFAC1_260021600.1-p1	449
CbWHA1_2725.1.p1	CFAC1_260021500.1-p1	961
CbWHA1_2726.1.p1	CFAC1_260021200.1-p1	1294
CbWHA1_2727.1.p1	CFAC1_260021100.1-p1	124
CbWHA1_2728.1.p1	CFAC1_260021000.1-p1	1232
CbWHA1_2729.1.p1	CFAC1_260020900.1-p1	375
CbWHA1_2730.1.p1	CFAC1_260020800.1-p1	640
CbWHA1_2731.1.p1	CFAC1_260020500.1-p1	990
CbWHA1_2732.1.p1	CFAC1_260020700.1-p1	392
CbWHA1_2734.1.p1	CFAC1_260020400.1-p1	592
CbWHA1_2735.1.p1	CFAC1_260020300.1-p1	430
CbWHA1_2736.1.p1	CFAC1_260020200.1-p1	112
CbWHA1_2737.1.p1	CFAC1_260020100.1-p1	666
CbWHA1_2739.1.p1	CFAC1_260019900.1-p1	747
CbWHA1_274.1.p1	CFAC1_290048400.1-p1	966
CbWHA1_2740.1.p1	CFAC1_260019800.1-p1	516
CbWHA1_2741.1.p1	CFAC1_260019500.1-p1	815
CbWHA1_2742.1.p1	CFAC1_260019400.1-p1	496
CbWHA1_2743.1.p1	CFAC1_260019300.1-p1	533
CbWHA1_2744.1.p1	CFAC1_260019200.1-p1	1077
CbWHA1_2746.1.p1	CFAC1_260019000.1-p1	514
CbWHA1_2747.1.p1	CFAC1_220031000.1-p1	49.7
CbWHA1_2748.1.p1	CFAC1_260018700.1-p1	202
CbWHA1_2749.1.p1	CFAC1_260018600.1-p1	173
CbWHA1_275.1.p1	CFAC1_290048600.1-p1	248
CbWHA1_2750.1.p1	CFAC1_260018500.1-p1	749
CbWHA1_2752.1.p1	CFAC1_260017800.1-p1	669
CbWHA1_2753.1.p1	CFAC1_260018300.1-p1	439
CbWHA1_2755.1.p1	CFAC1_260017900.1-p1	414
CbWHA1_2756.1.p1	CFAC1_260017700.1-p1	231
CbWHA1_2757.1.p1	CFAC1_260017600.1-p1	679
CbWHA1_2758.1.p1	CFAC1_260017500.1-p1	321
CbWHA1_276.1.p1	CFAC1_290048700.1-p1	953
CbWHA1_2761.1.p1	CFAC1_210024000.1-p1	358
CbWHA1_2762.1.p1	CFAC1_210024100.1-p1	706
CbWHA1_2763.1.p1	CFAC1_210024200.1-p1	795
CbWHA1_2764.1.p1	CFAC1_210024300.1-p1	227
CbWHA1_2765.1.p1	CFAC1_210024600.1-p1	355
CbWHA1_2767.1.p1	CFAC1_210024700.1-p1	518
CbWHA1_2768.1.p1	CFAC1_210024900.1-p1	1261
CbWHA1_2769.1.p1	CFAC1_210025000.1-p1	762
CbWHA1_277.1.p1	CFAC1_290048800.1-p1	1269
CbWHA1_2770.1.p1	CFAC1_210025100.1-p1	1496
CbWHA1_2771.1.p1	CFAC1_210025300.1-p1	964
CbWHA1_2772.1.p1	CFAC1_210025400.1-p1	461
CbWHA1_2773.1.p1	CFAC1_210025500.1-p1	238
CbWHA1_2775.1.p1	CFAC1_170023600.1-p1	1001
CbWHA1_2776.1.p1	CFAC1_170023500.1-p1	919
CbWHA1_2777.1.p1	CFAC1_170023400.1-p1	644
CbWHA1_2779.1.p1	CFAC1_210025600.1-p1	1013
CbWHA1_278.1.p1	CFAC1_290048900.1-p1	346
CbWHA1_2780.1.p1	CFAC1_210025700.1-p1	289
CbWHA1_2784.1.p1	CFAC1_210025900.1-p1	502
CbWHA1_2787.1.p1	CFAC1_210026200.1-p1	889
CbWHA1_2788.1.p1	CFAC1_210026100.1-p1	756
CbWHA1_2791.1.p1	CFAC1_170024500.1-p1	1012
CbWHA1_2792.1.p1	CFAC1_170024400.1-p1	443
CbWHA1_2794.1.p1	CFAC1_170024300.1-p1	392
CbWHA1_2798.1.p1	CFAC1_170023300.1-p1	677
CbWHA1_2799.1.p1	CFAC1_170023300.1-p1	900
CbWHA1_28.1.p1	CFAC1_160028500.1-p1	392
CbWHA1_280.1.p1	CFAC1_290049100.1-p1	1452
CbWHA1_2801.1.p1	CFAC1_170023100.1-p1	981
CbWHA1_2802.1.p1	CFAC1_170023000.1-p1	203
CbWHA1_2803.1.p1	CFAC1_170022900.1-p1	146
CbWHA1_2804.1.p1	CFAC1_170022800.1-p1	438
CbWHA1_2805.1.p1	CFAC1_170022800.1-p1	438
CbWHA1_2806.1.p1	CFAC1_170022700.1-p1	450
CbWHA1_2807.1.p1	CFAC1_170022600.1-p1	179
CbWHA1_2808.1.p1	CFAC1_170022400.1-p1	741
CbWHA1_2809.1.p1	CFAC1_170022300.1-p1	1043
CbWHA1_281.1.p1	CFAC1_290049200.1-p1	168
CbWHA1_2811.1.p1	CFAC1_170022200.1-p1	269
CbWHA1_2812.1.p1	CFAC1_170022100.1-p1	472
CbWHA1_2813.1.p1	CFAC1_170021900.1-p1	355
CbWHA1_2814.1.p1	CFAC1_170021800.1-p1	405
CbWHA1_2815.1.p1	CFAC1_170021700.1-p1	506
CbWHA1_2818.1.p1	CFAC1_170021500.1-p1	416
CbWHA1_2819.1.p1	CFAC1_170021400.1-p1	254
CbWHA1_282.1.p1	CFAC1_290049300.1-p1	1809
CbWHA1_2821.1.p1	CFAC1_170021200.1-p1	1016
CbWHA1_2822.1.p1	CFAC1_170021100.1-p1	274
CbWHA1_2824.1.p1	CFAC1_170021000.1-p1	3148
CbWHA1_2825.1.p1	CFAC1_170020900.1-p1	690
CbWHA1_2826.1.p1	CFAC1_170020800.1-p1	541
CbWHA1_2827.1.p1	CFAC1_170020700.1-p1	561
CbWHA1_2829.1.p1	CFAC1_170020300.1-p1	746
CbWHA1_2830.1.p1	CFAC1_170020100.1-p1	244
CbWHA1_2831.1.p1	CFAC1_170020000.1-p1	1096
CbWHA1_2832.1.p1	CFAC1_170019900.1-p1	258
CbWHA1_2833.1.p1	CFAC1_170019800.1-p1	587
CbWHA1_2834.1.p1	CFAC1_170019700.1-p1	779
CbWHA1_2835.1.p1	CFAC1_170019400.1-p1	806
CbWHA1_284.1.p1	CFAC1_290049500.1-p1	784
CbWHA1_285.1.p1	CFAC1_290049600.1-p1	1170
CbWHA1_2856.1.p1	CFAC1_170019100.1-p1	288
CbWHA1_2857.1.p1	CFAC1_170018900.1-p1	336
CbWHA1_2859.1.p1	CFAC1_290015800.1-p1	387
CbWHA1_286.1.p1	CFAC1_290050000.1-p1	424
CbWHA1_2861.1.p1	CFAC1_290015900.1-p1	1125
CbWHA1_2862.1.p1	CFAC1_290016000.1-p1	1096
CbWHA1_2866.1.p1	CFAC1_170017500.1-p1	167
CbWHA1_287.1.p1	CFAC1_290050100.1-p1	1367
CbWHA1_2870.1.p1	CFAC1_170017100.1-p1	222
CbWHA1_2874.1.p1	CFAC1_170017100.1-p1	222
CbWHA1_2876.1.p1	CFAC1_170017100.1-p1	222
CbWHA1_288.1.p1	CFAC1_290050200.1-p1	564
CbWHA1_2882.1.p1	CFAC1_170017100.1-p1	222
CbWHA1_2884.1.p1	CFAC1_170017100.1-p1	222
CbWHA1_289.1.p1	CFAC1_290050500.1-p1	1427
CbWHA1_29.1.p1	CFAC1_160028300.1-p1	427
CbWHA1_291.1.p1	CFAC1_290050700.1-p1	356
CbWHA1_292.1.p1	CFAC1_290050800.1-p1	575
CbWHA1_293.1.p1	CFAC1_290051000.1-p1	267
CbWHA1_294.1.p1	CFAC1_290051100.1-p1	988
CbWHA1_2942.1.p1	CFAC1_170016800.1-p1	1053
CbWHA1_2944.1.p1	CFAC1_170016500.1-p1	464
CbWHA1_2945.1.p1	CFAC1_170016400.1-p1	374
CbWHA1_2946.1.p1	CFAC1_170016300.1-p1	777
CbWHA1_2948.1.p1	CFAC1_170016100.1-p1	476
CbWHA1_2949.1.p1	CFAC1_170016000.1-p1	664
CbWHA1_295.1.p1	CFAC1_290051300.1-p1	2058
CbWHA1_2950.1.p1	CFAC1_170015900.1-p1	519
CbWHA1_2951.1.p1	CFAC1_170015800.1-p1	729
CbWHA1_2952.1.p1	CFAC1_170015700.1-p1	443
CbWHA1_2953.1.p1	CFAC1_170014200.1-p1	587
CbWHA1_2954.1.p1	CFAC1_170014100.1-p1	565
CbWHA1_2955.1.p1	CFAC1_170014200.1-p1	587
CbWHA1_2956.1.p1	CFAC1_170014200.1-p1	587
CbWHA1_2957.1.p1	CFAC1_170014100.1-p1	565
CbWHA1_2958.1.p1	CFAC1_170014200.1-p1	587
CbWHA1_2959.1.p1	CFAC1_170014100.1-p1	565
CbWHA1_296.1.p1	CFAC1_290051400.1-p1	1728
CbWHA1_2960.1.p1	CFAC1_170014500.1-p1	568
CbWHA1_2961.1.p1	CFAC1_170014200.1-p1	587
CbWHA1_2962.1.p1	CFAC1_170014200.1-p1	587
CbWHA1_2963.1.p1	CFAC1_170014500.1-p1	570
CbWHA1_2964.1.p1	CFAC1_170014200.1-p1	587
CbWHA1_2965.1.p1	CFAC1_170014200.1-p1	587
CbWHA1_2966.1.p1	CFAC1_170014200.1-p1	587
CbWHA1_2967.1.p1	CFAC1_170014500.1-p1	570
CbWHA1_2968.1.p1	CFAC1_170014200.1-p1	587
CbWHA1_2969.1.p1	CFAC1_170014500.1-p1	568
CbWHA1_297.1.p1	CFAC1_290051500.1-p1	1155
CbWHA1_2970.1.p1	CFAC1_170014200.1-p1	587
CbWHA1_2971.1.p1	CFAC1_170014500.1-p1	568
CbWHA1_2972.1.p1	CFAC1_170014200.1-p1	587
CbWHA1_2973.1.p1	CFAC1_170014200.1-p1	587
CbWHA1_2975.1.p1	CFAC1_170013700.1-p1	349
CbWHA1_2977.1.p1	CFAC1_170013700.1-p1	1575
CbWHA1_298.1.p1	CFAC1_290051600.1-p1	753
CbWHA1_2980.1.p1	CFAC1_170013200.1-p1	1489
CbWHA1_2981.1.p1	CFAC1_170013100.1-p1	1266
CbWHA1_2982.1.p1	CFAC1_170012700.1-p1	465
CbWHA1_2983.1.p1	CFAC1_090006200.1-p1	85.9
CbWHA1_2984.1.p1	CFAC1_170012400.1-p1	2004
CbWHA1_2985.1.p1	CFAC1_170012300.1-p1	802
CbWHA1_2987.1.p1	CFAC1_170012100.1-p1	823
CbWHA1_2988.1.p1	CFAC1_170012000.1-p1	537
CbWHA1_2989.1.p1	CFAC1_170011900.1-p1	666
CbWHA1_2990.1.p1	CFAC1_170011800.1-p1	473
CbWHA1_2992.1.p1	CFAC1_170011600.1-p1	323
CbWHA1_2993.1.p1	CFAC1_170011500.1-p1	301
CbWHA1_2994.1.p1	CFAC1_170011400.1-p1	372
CbWHA1_2995.1.p1	CFAC1_170011300.1-p1	177
CbWHA1_2997.1.p1	CFAC1_170011100.1-p1	466
CbWHA1_2998.1.p1	CFAC1_170010800.1-p1	228
CbWHA1_2999.1.p1	CFAC1_170010400.1-p1	718
CbWHA1_30.1.p1	CFAC1_160028200.1-p1	258
CbWHA1_300.1.p1	CFAC1_290051900.1-p1	519
CbWHA1_3000.1.p1	CFAC1_170010700.1-p1	488
CbWHA1_3002.1.p1	CFAC1_300063200.1-p1	97.8
CbWHA1_3003.1.p1	CFAC1_170010100.1-p1	681
CbWHA1_3005.1.p1	CFAC1_170010000.1-p1	692
CbWHA1_3006.1.p1	CFAC1_170009800.1-p1	1110
CbWHA1_3007.1.p1	CFAC1_170009700.1-p1	424
CbWHA1_3008.1.p1	CFAC1_170009600.1-p1	491
CbWHA1_3010.1.p1	CFAC1_170009400.1-p1	204
CbWHA1_3011.1.p1	CFAC1_170009100.1-p1	1241
CbWHA1_3012.1.p1	CFAC1_170009200.1-p1	849
CbWHA1_3014.1.p1	CFAC1_170008900.1-p1	1238
CbWHA1_3016.1.p1	CFAC1_170008700.1-p1	1039
CbWHA1_3017.1.p1	CFAC1_170008700.1-p1	1276
CbWHA1_3019.1.p1	CFAC1_170008400.1-p1	613
CbWHA1_3020.1.p1	CFAC1_170008500.1-p1	1066
CbWHA1_3022.1.p1	CFAC1_170008300.1-p1	264
CbWHA1_3023.1.p1	CFAC1_170008200.1-p1	736
CbWHA1_3024.1.p1	CFAC1_170008100.1-p1	1869
CbWHA1_3025.1.p1	CFAC1_170008000.1-p1	687
CbWHA1_3026.1.p1	CFAC1_170007900.1-p1	551
CbWHA1_3027.1.p1	CFAC1_170007800.1-p1	964
CbWHA1_3028.1.p1	CFAC1_170007600.1-p1	359
CbWHA1_3029.1.p1	CFAC1_170007500.1-p1	257
CbWHA1_303.1.p1	CFAC1_290052300.1-p1	1194
CbWHA1_3030.1.p1	CFAC1_170007400.1-p1	482
CbWHA1_3031.1.p1	CFAC1_170007300.1-p1	624
CbWHA1_3032.1.p1	CFAC1_170007100.1-p1	532
CbWHA1_3033.1.p1	CFAC1_170006700.1-p1	342
CbWHA1_3035.1.p1	CFAC1_030005800.1-p1	263
CbWHA1_3036.1.p1	CFAC1_250006400.1-p1	84.0
CbWHA1_3039.1.p1	CFAC1_020005900.1-p1	140
CbWHA1_304.1.p1	CFAC1_290052500.1-p1	474
CbWHA1_3042.1.p1	CFAC1_240049300.1-p1	761
CbWHA1_3043.1.p1	CFAC1_240049200.1-p1	2049
CbWHA1_3044.1.p1	CFAC1_240049100.1-p1	718
CbWHA1_3045.1.p1	CFAC1_240048800.1-p1	490
CbWHA1_3046.1.p1	CFAC1_240048500.1-p1	507
CbWHA1_3047.1.p1	CFAC1_240048400.1-p1	1494
CbWHA1_3048.1.p1	CFAC1_240048300.1-p1	1474
CbWHA1_3049.1.p1	CFAC1_240048200.1-p1	236
CbWHA1_305.1.p1	CFAC1_290052700.1-p1	493
CbWHA1_3053.1.p1	CFAC1_240047800.1-p1	1077
CbWHA1_3054.1.p1	CFAC1_240047500.1-p1	600
CbWHA1_3055.1.p1	CFAC1_240047400.1-p1	449
CbWHA1_3056.1.p1	CFAC1_240047300.1-p1	473
CbWHA1_3057.1.p1	CFAC1_240047200.1-p1	788
CbWHA1_3058.1.p1	CFAC1_240047100.1-p1	599
CbWHA1_3059.1.p1	CFAC1_240046700.1-p1	817
CbWHA1_306.1.p1	CFAC1_290052800.1-p1	317
CbWHA1_3060.1.p1	CFAC1_240046600.1-p1	131
CbWHA1_3062.1.p1	CFAC1_240046400.1-p1	407
CbWHA1_3066.1.p1	CFAC1_240045600.1-p1	2205
CbWHA1_3069.1.p1	CFAC1_240045100.1-p1	695
CbWHA1_3070.1.p1	CFAC1_240044700.1-p1	778
CbWHA1_3071.1.p1	CFAC1_240044600.1-p1	625
CbWHA1_3072.1.p1	CFAC1_240044500.1-p1	1365
CbWHA1_3073.1.p1	CFAC1_240044400.1-p1	122
CbWHA1_3075.1.p1	CFAC1_240044200.1-p1	2820
CbWHA1_3076.1.p1	CFAC1_240044100.1-p1	1813
CbWHA1_3078.1.p1	CFAC1_240043500.1-p1	392
CbWHA1_3079.1.p1	CFAC1_240043500.1-p1	360
CbWHA1_308.1.p1	CFAC1_290053000.1-p1	468
CbWHA1_3080.1.p1	CFAC1_240043100.1-p1	181
CbWHA1_3081.1.p1	CFAC1_240043000.1-p1	375
CbWHA1_3082.1.p1	CFAC1_240042800.1-p1	640
CbWHA1_3083.1.p1	CFAC1_240042700.1-p1	1774
CbWHA1_3084.1.p1	CFAC1_240042500.1-p1	375
CbWHA1_3085.1.p1	CFAC1_240040500.1-p1	548
CbWHA1_3086.1.p1	CFAC1_240040400.1-p1	526
CbWHA1_3087.1.p1	CFAC1_240040300.1-p1	219
CbWHA1_3089.1.p1	CFAC1_240042300.1-p1	663
CbWHA1_309.1.p1	CFAC1_290053100.1-p1	750
CbWHA1_3093.1.p1	CFAC1_240041500.1-p1	1371
CbWHA1_3094.1.p1	CFAC1_240041400.1-p1	681
CbWHA1_3095.1.p1	CFAC1_240041300.1-p1	1347
CbWHA1_3096.1.p1	CFAC1_240041200.1-p1	532
CbWHA1_3097.1.p1	CFAC1_240040600.1-p1	807
CbWHA1_3098.1.p1	CFAC1_240040200.1-p1	1402
CbWHA1_31.1.p1	CFAC1_270069100.1-p1	75.1
CbWHA1_3100.1.p1	CFAC1_240040000.1-p1	712
CbWHA1_3101.1.p1	CFAC1_240039900.1-p1	1305
CbWHA1_3102.1.p1	CFAC1_240039800.1-p1	1502
CbWHA1_3103.1.p1	CFAC1_240039700.1-p1	1071
CbWHA1_3105.1.p1	CFAC1_240039500.1-p1	941
CbWHA1_3106.1.p1	CFAC1_240039400.1-p1	2047
CbWHA1_3107.1.p1	CFAC1_240039300.1-p1	3036
CbWHA1_3108.1.p1	CFAC1_240039200.1-p1	196
CbWHA1_3109.1.p1	CFAC1_240039100.1-p1	479
CbWHA1_3110.1.p1	CFAC1_240038900.1-p1	734
CbWHA1_3111.1.p1	CFAC1_240038800.1-p1	1046
CbWHA1_3112.1.p1	CFAC1_240038700.1-p1	1008
CbWHA1_3113.1.p1	CFAC1_240038500.1-p1	972
CbWHA1_3114.1.p1	CFAC1_240038400.1-p1	249
CbWHA1_3115.1.p1	CFAC1_240038300.1-p1	727
CbWHA1_3116.1.p1	CFAC1_240038200.1-p1	293
CbWHA1_3119.1.p1	CFAC1_060014300.1-p1	409
CbWHA1_3120.1.p1	CFAC1_060014400.1-p1	537
CbWHA1_3122.1.p1	CFAC1_060014600.1-p1	1152
CbWHA1_3123.1.p1	CFAC1_060014700.1-p1	442
CbWHA1_3124.1.p1	CFAC1_060014800.1-p1	421
CbWHA1_3125.1.p1	CFAC1_060014900.1-p1	629
CbWHA1_3126.1.p1	CFAC1_060015100.1-p1	777
CbWHA1_3128.1.p1	CFAC1_060015600.1-p1	330
CbWHA1_313.1.p1	CFAC1_290053800.1-p1	208
CbWHA1_3133.1.p1	CFAC1_060016000.1-p1	811
CbWHA1_3137.1.p1	CFAC1_060016500.1-p1	743
CbWHA1_3139.1.p1	CFAC1_060017800.1-p1	178
CbWHA1_314.1.p1	CFAC1_290054000.1-p1	189
CbWHA1_3141.1.p1	CFAC1_060018100.1-p1	685
CbWHA1_3142.1.p1	CFAC1_060019700.1-p1	1510
CbWHA1_3144.1.p1	CFAC1_060018200.1-p1	603
CbWHA1_3146.1.p1	CFAC1_060018700.1-p1	415
CbWHA1_3147.1.p1	CFAC1_060018800.1-p1	966
CbWHA1_3148.1.p1	CFAC1_060018900.1-p1	1045
CbWHA1_3149.1.p1	CFAC1_060019000.1-p1	206
CbWHA1_315.1.p1	CFAC1_290054100.1-p1	1302
CbWHA1_3150.1.p1	CFAC1_060019200.1-p1	855
CbWHA1_3151.1.p1	CFAC1_060019300.1-p1	366
CbWHA1_3152.1.p1	CFAC1_060019300.1-p1	366
CbWHA1_3153.1.p1	CFAC1_060019500.1-p1	438
CbWHA1_3154.1.p1	CFAC1_060020000.1-p1	1033
CbWHA1_3155.1.p1	CFAC1_060020100.1-p1	600
CbWHA1_3158.1.p1	CFAC1_060020500.1-p1	312
CbWHA1_316.1.p1	CFAC1_290054200.1-p1	340
CbWHA1_3160.1.p1	CFAC1_060020700.1-p1	201
CbWHA1_3162.1.p1	CFAC1_060021000.1-p1	759
CbWHA1_3163.1.p1	CFAC1_060021100.1-p1	668
CbWHA1_3164.1.p1	CFAC1_060021200.1-p1	402
CbWHA1_3166.1.p1	CFAC1_060021400.1-p1	314
CbWHA1_3167.1.p1	CFAC1_060021500.1-p1	1040
CbWHA1_3168.1.p1	CFAC1_060021600.1-p1	555
CbWHA1_3169.1.p1	CFAC1_060021700.1-p1	863
CbWHA1_317.1.p1	CFAC1_290054300.1-p1	691
CbWHA1_3170.1.p1	CFAC1_060021800.1-p1	861
CbWHA1_3171.1.p1	CFAC1_060021900.1-p1	820
CbWHA1_3173.1.p1	CFAC1_060022100.1-p1	353
CbWHA1_3175.1.p1	CFAC1_060022200.1-p1	1577
CbWHA1_318.1.p1	CFAC1_290054400.1-p1	514
CbWHA1_319.1.p1	CFAC1_290054500.1-p1	679
CbWHA1_32.1.p1	CFAC1_160027900.1-p1	362
CbWHA1_320.1.p1	CFAC1_290054600.1-p1	2964
CbWHA1_321.1.p1	CFAC1_160021000.1-p1	54.3
CbWHA1_324.1.p1	CFAC1_290054900.1-p1	1033
CbWHA1_325.1.p1	CFAC1_290055000.1-p1	719
CbWHA1_326.1.p1	CFAC1_290055100.1-p1	467
CbWHA1_327.1.p1	CFAC1_290055200.1-p1	819
CbWHA1_328.1.p1	CFAC1_290055300.1-p1	287
CbWHA1_329.1.p1	CFAC1_290055600.1-p1	871
CbWHA1_33.1.p1	CFAC1_160027800.1-p1	1159
CbWHA1_330.1.p1	CFAC1_290055700.1-p1	885
CbWHA1_331.1.p1	CFAC1_290055900.1-p1	2347
CbWHA1_333.1.p1	CFAC1_290056100.1-p1	1012
CbWHA1_334.1.p1	CFAC1_290056300.1-p1	989
CbWHA1_336.1.p1	CFAC1_290056500.1-p1	182
CbWHA1_337.1.p1	CFAC1_290056600.1-p1	367
CbWHA1_338.1.p1	CFAC1_290056700.1-p1	395
CbWHA1_339.1.p1	CFAC1_290056800.1-p1	931
CbWHA1_340.1.p1	CFAC1_290056900.1-p1	935
CbWHA1_341.1.p1	CFAC1_290057000.1-p1	268
CbWHA1_342.1.p1	CFAC1_290057100.1-p1	520
CbWHA1_343.1.p1	CFAC1_290057200.1-p1	324
CbWHA1_344.1.p1	CFAC1_290057300.1-p1	108
CbWHA1_346.1.p1	CFAC1_290057700.1-p1	1304
CbWHA1_347.1.p1	CFAC1_290058000.1-p1	838
CbWHA1_348.1.p1	CFAC1_290059000.1-p1	642
CbWHA1_349.1.p1	CFAC1_290059100.1-p1	219
CbWHA1_3508.1.p1	CFAC1_240005400.1-p1	1084
CbWHA1_3509.1.p1	CFAC1_300005500.1-p1	307
CbWHA1_351.1.p1	CFAC1_290058300.1-p1	796
CbWHA1_3511.1.p1	CFAC1_240005800.1-p1	343
CbWHA1_3514.1.p1	CFAC1_240005900.1-p1	607
CbWHA1_3515.1.p1	CFAC1_240006100.1-p1	1038
CbWHA1_3516.1.p1	CFAC1_240005900.1-p1	592
CbWHA1_3517.1.p1	CFAC1_240006100.1-p1	1038
CbWHA1_3518.1.p1	CFAC1_240006200.1-p1	261
CbWHA1_352.1.p1	CFAC1_290058300.1-p1	796
CbWHA1_3520.1.p1	CFAC1_240006700.1-p1	1212
CbWHA1_3521.1.p1	CFAC1_240006800.1-p1	387
CbWHA1_3523.1.p1	CFAC1_240007000.1-p1	1381
CbWHA1_3525.1.p1	CFAC1_240007200.1-p1	1132
CbWHA1_3527.1.p1	CFAC1_240007400.1-p1	311
CbWHA1_3528.1.p1	CFAC1_240007500.1-p1	758
CbWHA1_3529.1.p1	CFAC1_240007600.1-p1	404
CbWHA1_353.1.p1	CFAC1_290058500.1-p1	738
CbWHA1_3530.1.p1	CFAC1_240007700.1-p1	484
CbWHA1_3531.1.p1	CFAC1_240007800.1-p1	587
CbWHA1_3532.1.p1	CFAC1_240007900.1-p1	966
CbWHA1_3538.1.p1	CFAC1_240008900.1-p1	1195
CbWHA1_3539.1.p1	CFAC1_240009000.1-p1	416
CbWHA1_354.1.p1	CFAC1_290058800.1-p1	575
CbWHA1_3541.1.p1	CFAC1_240009500.1-p1	560
CbWHA1_3543.1.p1	CFAC1_240009800.1-p1	560
CbWHA1_3544.1.p1	CFAC1_240009900.1-p1	598
CbWHA1_3545.1.p1	CFAC1_240010000.1-p1	99.4
CbWHA1_3546.1.p1	CFAC1_240010100.1-p1	301
CbWHA1_3547.1.p1	CFAC1_240010200.1-p1	207
CbWHA1_3548.1.p1	CFAC1_240010300.1-p1	1535
CbWHA1_3549.1.p1	CFAC1_240010400.1-p1	732
CbWHA1_355.1.p1	CFAC1_290059200.1-p1	219
CbWHA1_3550.1.p1	CFAC1_240010500.1-p1	671
CbWHA1_3553.1.p1	CFAC1_240011200.1-p1	470
CbWHA1_3557.1.p1	CFAC1_240011600.1-p1	641
CbWHA1_3558.1.p1	CFAC1_240011700.1-p1	471
CbWHA1_356.1.p1	CFAC1_290059300.1-p1	567
CbWHA1_3560.1.p1	CFAC1_240012200.1-p1	466
CbWHA1_3561.1.p1	CFAC1_240012400.1-p1	1088
CbWHA1_3562.1.p1	CFAC1_240012600.1-p1	321
CbWHA1_3563.1.p1	CFAC1_240013100.1-p1	489
CbWHA1_3567.1.p1	CFAC1_240013700.1-p1	531
CbWHA1_3568.1.p1	CFAC1_240013800.1-p1	228
CbWHA1_357.1.p1	CFAC1_290059400.1-p1	502
CbWHA1_3570.1.p1	CFAC1_240014000.1-p1	202
CbWHA1_3572.1.p1	CFAC1_240014200.1-p1	326
CbWHA1_3573.1.p1	CFAC1_240014400.1-p1	1044
CbWHA1_3576.1.p1	CFAC1_240014700.1-p1	860
CbWHA1_3577.1.p1	CFAC1_240014800.1-p1	188
CbWHA1_3578.1.p1	CFAC1_240014900.1-p1	488
CbWHA1_3579.1.p1	CFAC1_240015000.1-p1	541
CbWHA1_358.1.p1	CFAC1_290059500.1-p1	532
CbWHA1_3582.1.p1	CFAC1_240015200.1-p1	273
CbWHA1_3583.1.p1	CFAC1_240015300.1-p1	662
CbWHA1_3584.1.p1	CFAC1_240015400.1-p1	541
CbWHA1_3585.1.p1	CFAC1_240015500.1-p1	451
CbWHA1_3588.1.p1	CFAC1_240015800.1-p1	910
CbWHA1_3589.1.p1	CFAC1_240015900.1-p1	362
CbWHA1_359.1.p1	CFAC1_290059600.1-p1	422
CbWHA1_3590.1.p1	CFAC1_240016000.1-p1	541
CbWHA1_3591.1.p1	CFAC1_240016100.1-p1	1119
CbWHA1_3592.1.p1	CFAC1_240016200.1-p1	189
CbWHA1_3593.1.p1	CFAC1_240016300.1-p1	634
CbWHA1_3594.1.p1	CFAC1_240016400.1-p1	838
CbWHA1_3595.1.p1	CFAC1_240016500.1-p1	907
CbWHA1_3597.1.p1	CFAC1_240016800.1-p1	230
CbWHA1_3599.1.p1	CFAC1_240017200.1-p1	1720
CbWHA1_360.1.p1	CFAC1_290059700.1-p1	982
CbWHA1_3600.1.p1	CFAC1_240017300.1-p1	629
CbWHA1_3601.1.p1	CFAC1_240017400.1-p1	513
CbWHA1_3602.1.p1	CFAC1_240017500.1-p1	105
CbWHA1_3604.1.p1	CFAC1_240017600.1-p1	1419
CbWHA1_3605.1.p1	CFAC1_240017800.1-p1	739
CbWHA1_3607.1.p1	CFAC1_240018200.1-p1	741
CbWHA1_3608.1.p1	CFAC1_240018300.1-p1	1164
CbWHA1_3609.1.p1	CFAC1_240019000.1-p1	844
CbWHA1_361.1.p1	CFAC1_290059800.1-p1	432
CbWHA1_3610.1.p1	CFAC1_240019100.1-p1	718
CbWHA1_3612.1.p1	CFAC1_300012400.1-p1	635
CbWHA1_3613.1.p1	CFAC1_240018700.1-p1	389
CbWHA1_3614.1.p1	CFAC1_240018800.1-p1	576
CbWHA1_3615.1.p1	CFAC1_240018900.1-p1	837
CbWHA1_3616.1.p1	CFAC1_240019200.1-p1	795
CbWHA1_3617.1.p1	CFAC1_240019300.1-p1	394
CbWHA1_3619.1.p1	CFAC1_240019600.1-p1	1008
CbWHA1_362.1.p1	CFAC1_290059900.1-p1	703
CbWHA1_3620.1.p1	CFAC1_240019700.1-p1	340
CbWHA1_3621.1.p1	CFAC1_240020100.1-p1	303
CbWHA1_3622.1.p1	CFAC1_240019800.1-p1	764
CbWHA1_3623.1.p1	CFAC1_240019900.1-p1	1275
CbWHA1_3625.1.p1	CFAC1_240020200.1-p1	368
CbWHA1_3627.1.p1	CFAC1_240020400.1-p1	259
CbWHA1_3628.1.p1	CFAC1_240020900.1-p1	67.8
CbWHA1_363.1.p1	CFAC1_290060000.1-p1	301
CbWHA1_3632.1.p1	CFAC1_240021200.1-p1	578
CbWHA1_3633.1.p1	CFAC1_240021300.1-p1	981
CbWHA1_3634.1.p1	CFAC1_240021400.1-p1	450
CbWHA1_3636.1.p1	CFAC1_240021600.1-p1	440
CbWHA1_3639.1.p1	CFAC1_240021800.1-p1	510
CbWHA1_364.1.p1	CFAC1_290060200.1-p1	773
CbWHA1_3641.1.p1	CFAC1_240022800.1-p1	557
CbWHA1_3642.1.p1	CFAC1_240022800.1-p1	555
CbWHA1_3643.1.p1	CFAC1_240022800.1-p1	557
CbWHA1_3645.1.p1	CFAC1_240023000.1-p1	278
CbWHA1_3646.1.p1	CFAC1_240023100.1-p1	697
CbWHA1_3649.1.p1	CFAC1_240023400.1-p1	1771
CbWHA1_3650.1.p1	CFAC1_240023500.1-p1	457
CbWHA1_3652.1.p1	CFAC1_240023800.1-p1	1707
CbWHA1_3653.1.p1	CFAC1_240023500.1-p1	51.6
CbWHA1_3654.1.p1	CFAC1_240023600.1-p1	298
CbWHA1_3655.1.p1	CFAC1_240024200.1-p1	254
CbWHA1_3656.1.p1	CFAC1_240024300.1-p1	158
CbWHA1_3657.1.p1	CFAC1_240024400.1-p1	573
CbWHA1_3658.1.p1	CFAC1_240024700.1-p1	749
CbWHA1_3659.1.p1	CFAC1_240024500.1-p1	2053
CbWHA1_366.1.p1	CFAC1_290060300.1-p1	1056
CbWHA1_3660.1.p1	CFAC1_240024600.1-p1	874
CbWHA1_3662.1.p1	CFAC1_240025000.1-p1	624
CbWHA1_3664.1.p1	CFAC1_240025200.1-p1	541
CbWHA1_3665.1.p1	CFAC1_240025300.1-p1	297
CbWHA1_3666.1.p1	CFAC1_240025400.1-p1	1091
CbWHA1_3667.1.p1	CFAC1_240025500.1-p1	1169
CbWHA1_3669.1.p1	CFAC1_240025900.1-p1	1147
CbWHA1_367.1.p1	CFAC1_290060400.1-p1	816
CbWHA1_3670.1.p1	CFAC1_240026200.1-p1	721
CbWHA1_3671.1.p1	CFAC1_240026400.1-p1	778
CbWHA1_3672.1.p1	CFAC1_240026600.1-p1	432
CbWHA1_3673.1.p1	CFAC1_240026700.1-p1	300
CbWHA1_3674.1.p1	CFAC1_240026800.1-p1	616
CbWHA1_3675.1.p1	CFAC1_240026900.1-p1	359
CbWHA1_3676.1.p1	CFAC1_240027000.1-p1	246
CbWHA1_3677.1.p1	CFAC1_240027100.1-p1	432
CbWHA1_3679.1.p1	CFAC1_240027400.1-p1	721
CbWHA1_368.1.p1	CFAC1_290060500.1-p1	583
CbWHA1_3683.1.p1	CFAC1_240027600.1-p1	3048
CbWHA1_3684.1.p1	CFAC1_240027800.1-p1	498
CbWHA1_3685.1.p1	CFAC1_240028200.1-p1	824
CbWHA1_3687.1.p1	CFAC1_240028100.1-p1	909
CbWHA1_3689.1.p1	CFAC1_240028400.1-p1	693
CbWHA1_369.1.p1	CFAC1_290060600.1-p1	342
CbWHA1_3690.1.p1	CFAC1_240028500.1-p1	219
CbWHA1_3692.1.p1	CFAC1_240028800.1-p1	932
CbWHA1_3693.1.p1	CFAC1_240028900.1-p1	400
CbWHA1_3694.1.p1	CFAC1_240029100.1-p1	991
CbWHA1_3695.1.p1	CFAC1_240029200.1-p1	531
CbWHA1_3696.1.p1	CFAC1_240029400.1-p1	957
CbWHA1_3697.1.p1	CFAC1_240029500.1-p1	466
CbWHA1_3698.1.p1	CFAC1_240029600.1-p1	784
CbWHA1_3699.1.p1	CFAC1_240029800.1-p1	139
CbWHA1_37.1.p1	CFAC1_160027000.1-p1	1010
CbWHA1_370.1.p1	CFAC1_290060700.1-p1	487
CbWHA1_3701.1.p1	CFAC1_240030900.1-p1	200
CbWHA1_3703.1.p1	CFAC1_240029900.1-p1	617
CbWHA1_3704.1.p1	CFAC1_240030200.1-p1	811
CbWHA1_3705.1.p1	CFAC1_240030300.1-p1	914
CbWHA1_3707.1.p1	CFAC1_240030500.1-p1	783
CbWHA1_3708.1.p1	CFAC1_240030700.1-p1	377
CbWHA1_3709.1.p1	CFAC1_240030900.1-p1	249
CbWHA1_3710.1.p1	CFAC1_240030900.1-p1	184
CbWHA1_3712.1.p1	CFAC1_240031200.1-p1	1474
CbWHA1_3713.1.p1	CFAC1_240031400.1-p1	171
CbWHA1_3715.1.p1	CFAC1_240031600.1-p1	1869
CbWHA1_3716.1.p1	CFAC1_240031900.1-p1	1865
CbWHA1_3717.1.p1	CFAC1_240032700.1-p1	765
CbWHA1_3720.1.p1	CFAC1_240032600.1-p1	396
CbWHA1_3721.1.p1	CFAC1_240032800.1-p1	468
CbWHA1_3722.1.p1	CFAC1_240033000.1-p1	427
CbWHA1_3723.1.p1	CFAC1_240034800.1-p1	618
CbWHA1_3724.1.p1	CFAC1_240034900.1-p1	520
CbWHA1_3725.1.p1	CFAC1_240035100.1-p1	114
CbWHA1_3726.1.p1	CFAC1_190026600.1-p1	122
CbWHA1_3727.1.p1	CFAC1_240035300.1-p1	671
CbWHA1_3728.1.p1	CFAC1_240035400.1-p1	726
CbWHA1_3730.1.p1	CFAC1_240033200.1-p1	823
CbWHA1_3731.1.p1	CFAC1_240033300.1-p1	649
CbWHA1_3732.1.p1	CFAC1_240033400.1-p1	749
CbWHA1_3733.1.p1	CFAC1_240033600.1-p1	405
CbWHA1_3734.1.p1	CFAC1_240033700.1-p1	886
CbWHA1_3735.1.p1	CFAC1_240033800.1-p1	706
CbWHA1_3736.1.p1	CFAC1_240033900.1-p1	707
CbWHA1_3737.1.p1	CFAC1_240034000.1-p1	1948
CbWHA1_3738.1.p1	CFAC1_240034100.1-p1	452
CbWHA1_3739.1.p1	CFAC1_240034300.1-p1	537
CbWHA1_374.1.p1	CFAC1_290060800.1-p1	634
CbWHA1_3740.1.p1	CFAC1_240034500.1-p1	603
CbWHA1_3741.1.p1	CFAC1_240035500.1-p1	663
CbWHA1_3742.1.p1	CFAC1_240035600.1-p1	664
CbWHA1_3743.1.p1	CFAC1_240035700.1-p1	701
CbWHA1_3744.1.p1	CFAC1_240035800.1-p1	600
CbWHA1_3745.1.p1	CFAC1_240035900.1-p1	658
CbWHA1_3746.1.p1	CFAC1_240036000.1-p1	222
CbWHA1_3749.1.p1	CFAC1_240036700.1-p1	659
CbWHA1_375.1.p1	CFAC1_290060900.1-p1	251
CbWHA1_3751.1.p1	CFAC1_240036500.1-p1	796
CbWHA1_3752.1.p1	CFAC1_240036800.1-p1	877
CbWHA1_3753.1.p1	CFAC1_240036900.1-p1	350
CbWHA1_3755.1.p1	CFAC1_240037300.1-p1	1329
CbWHA1_3756.1.p1	CFAC1_240037300.1-p1	1335
CbWHA1_3758.1.p1	CFAC1_240037500.1-p1	1206
CbWHA1_3759.1.p1	CFAC1_240037600.1-p1	1322
CbWHA1_376.1.p1	CFAC1_290061000.1-p1	428
CbWHA1_3760.1.p1	CFAC1_240037800.1-p1	2046
CbWHA1_3763.1.p1	CFAC1_290027200.1-p1	1192
CbWHA1_3764.1.p1	CFAC1_290027100.1-p1	551
CbWHA1_3765.1.p1	CFAC1_290027000.1-p1	830
CbWHA1_3766.1.p1	CFAC1_290026800.1-p1	594
CbWHA1_3767.1.p1	CFAC1_290026700.1-p1	1005
CbWHA1_3768.1.p1	CFAC1_290026600.1-p1	736
CbWHA1_3769.1.p1	CFAC1_290026100.1-p1	127
CbWHA1_377.1.p1	CFAC1_290061100.1-p1	724
CbWHA1_3773.1.p1	CFAC1_290026300.1-p1	588
CbWHA1_3774.1.p1	CFAC1_230052800.1-p1	229
CbWHA1_3775.1.p1	CFAC1_260014000.1-p1	1684
CbWHA1_3778.1.p1	CFAC1_290025600.1-p1	325
CbWHA1_3779.1.p1	CFAC1_290025500.1-p1	360
CbWHA1_378.1.p1	CFAC1_290061200.1-p1	451
CbWHA1_3781.1.p1	CFAC1_290025300.1-p1	436
CbWHA1_3783.1.p1	CFAC1_290025100.1-p1	96.3
CbWHA1_3785.1.p1	CFAC1_290024400.1-p1	833
CbWHA1_3786.1.p1	CFAC1_290024600.1-p1	810
CbWHA1_3787.1.p1	CFAC1_290024500.1-p1	1011
CbWHA1_3789.1.p1	CFAC1_290024000.1-p1	1645
CbWHA1_379.1.p1	CFAC1_290061300.1-p1	348
CbWHA1_3790.1.p1	CFAC1_290023900.1-p1	1722
CbWHA1_3792.1.p1	CFAC1_270056400.1-p1	165
CbWHA1_3795.1.p1	CFAC1_140013900.1-p1	52.4
CbWHA1_3796.1.p1	CFAC1_290023200.1-p1	665
CbWHA1_3797.1.p1	CFAC1_290023100.1-p1	731
CbWHA1_3798.1.p1	CFAC1_290023000.1-p1	257
CbWHA1_3799.1.p1	CFAC1_290022900.1-p1	427
CbWHA1_38.1.p1	CFAC1_160026900.1-p1	95.9
CbWHA1_380.1.p1	CFAC1_290061500.1-p1	1141
CbWHA1_3800.1.p1	CFAC1_290022800.1-p1	358
CbWHA1_3801.1.p1	CFAC1_290022700.1-p1	986
CbWHA1_3802.1.p1	CFAC1_290022600.1-p1	1847
CbWHA1_3803.1.p1	CFAC1_290022500.1-p1	688
CbWHA1_3804.1.p1	CFAC1_290022400.1-p1	874
CbWHA1_3805.1.p1	CFAC1_290022300.1-p1	766
CbWHA1_3806.1.p1	CFAC1_290022200.1-p1	146
CbWHA1_3807.1.p1	CFAC1_290022100.1-p1	333
CbWHA1_3808.1.p1	CFAC1_290022000.1-p1	550
CbWHA1_3809.1.p1	CFAC1_290021900.1-p1	1211
CbWHA1_381.1.p1	CFAC1_290062300.1-p1	224
CbWHA1_3811.1.p1	CFAC1_290021700.1-p1	686
CbWHA1_3815.1.p1	CFAC1_290020900.1-p1	731
CbWHA1_3817.1.p1	CFAC1_290020500.1-p1	625
CbWHA1_382.1.p1	CFAC1_290061700.1-p1	1890
CbWHA1_3820.1.p1	CFAC1_290020100.1-p1	879
CbWHA1_3822.1.p1	CFAC1_290019900.1-p1	174
CbWHA1_3823.1.p1	CFAC1_290019700.1-p1	486
CbWHA1_3824.1.p1	CFAC1_290019600.1-p1	399
CbWHA1_3825.1.p1	CFAC1_290019500.1-p1	780
CbWHA1_3827.1.p1	CFAC1_290019400.1-p1	173
CbWHA1_3828.1.p1	CFAC1_290019300.1-p1	372
CbWHA1_3829.1.p1	CFAC1_290019200.1-p1	3318
CbWHA1_383.1.p1	CFAC1_290061900.1-p1	1024
CbWHA1_3830.1.p1	CFAC1_290018800.1-p1	160
CbWHA1_3831.1.p1	CFAC1_290018700.1-p1	358
CbWHA1_3832.1.p1	CFAC1_290019100.1-p1	248
CbWHA1_3833.1.p1	CFAC1_290019000.1-p1	394
CbWHA1_3834.1.p1	CFAC1_290018900.1-p1	1000
CbWHA1_3835.1.p1	CFAC1_290018600.1-p1	273
CbWHA1_3836.1.p1	CFAC1_290018300.1-p1	784
CbWHA1_3837.1.p1	CFAC1_290018200.1-p1	1189
CbWHA1_384.1.p1	CFAC1_290062100.1-p1	775
CbWHA1_3840.1.p1	CFAC1_290017600.1-p1	756
CbWHA1_3841.1.p1	CFAC1_290017500.1-p1	1134
CbWHA1_3843.1.p1	CFAC1_290017200.1-p1	228
CbWHA1_3844.1.p1	CFAC1_290017100.1-p1	554
CbWHA1_3845.1.p1	CFAC1_290017000.1-p1	1137
CbWHA1_3846.1.p1	CFAC1_290016900.1-p1	935
CbWHA1_3847.1.p1	CFAC1_290016800.1-p1	287
CbWHA1_3848.1.p1	CFAC1_290016700.1-p1	377
CbWHA1_3849.1.p1	CFAC1_290016600.1-p1	1403
CbWHA1_385.1.p1	CFAC1_290062200.1-p1	705
CbWHA1_3850.1.p1	CFAC1_290016400.1-p1	287
CbWHA1_3851.1.p1	CFAC1_290016200.1-p1	233
CbWHA1_3852.1.p1	CFAC1_290016400.1-p1	284
CbWHA1_3853.1.p1	CFAC1_290016300.1-p1	355
CbWHA1_3854.1.p1	CFAC1_290014800.1-p1	647
CbWHA1_3855.1.p1	CFAC1_290014700.1-p1	1036
CbWHA1_3856.1.p1	CFAC1_290014600.1-p1	515
CbWHA1_3857.1.p1	CFAC1_290014500.1-p1	1085
CbWHA1_3858.1.p1	CFAC1_290014400.1-p1	654
CbWHA1_3859.1.p1	CFAC1_290014300.1-p1	290
CbWHA1_386.1.p1	CFAC1_290062400.1-p1	740
CbWHA1_3861.1.p1	CFAC1_290014100.1-p1	297
CbWHA1_3863.1.p1	CFAC1_290014100.1-p1	294
CbWHA1_3865.1.p1	CFAC1_290014100.1-p1	296
CbWHA1_3867.1.p1	CFAC1_290014100.1-p1	296
CbWHA1_3869.1.p1	CFAC1_290014100.1-p1	296
CbWHA1_387.1.p1	CFAC1_290062600.1-p1	202
CbWHA1_3870.1.p1	CFAC1_290014300.1-p1	290
CbWHA1_3871.1.p1	CFAC1_290014300.1-p1	287
CbWHA1_3873.1.p1	CFAC1_290014100.1-p1	311
CbWHA1_3876.1.p1	CFAC1_290013800.1-p1	1241
CbWHA1_3879.1.p1	CFAC1_290013600.1-p1	522
CbWHA1_388.1.p1	CFAC1_290062700.1-p1	604
CbWHA1_3880.1.p1	CFAC1_290013400.1-p1	1429
CbWHA1_3881.1.p1	CFAC1_290013300.1-p1	1520
CbWHA1_3882.1.p1	CFAC1_290013100.1-p1	578
CbWHA1_3883.1.p1	CFAC1_290013000.1-p1	1085
CbWHA1_3884.1.p1	CFAC1_290012900.1-p1	1211
CbWHA1_3887.1.p1	CFAC1_290012500.1-p1	242
CbWHA1_3888.1.p1	CFAC1_290012400.1-p1	570
CbWHA1_3891.1.p1	CFAC1_290012000.1-p1	521
CbWHA1_3892.1.p1	CFAC1_290012100.1-p1	187
CbWHA1_3893.1.p1	CFAC1_290011800.1-p1	443
CbWHA1_3894.1.p1	CFAC1_290011700.1-p1	379
CbWHA1_3895.1.p1	CFAC1_290011600.1-p1	848
CbWHA1_3896.1.p1	CFAC1_290011500.1-p1	546
CbWHA1_3898.1.p1	CFAC1_290011300.1-p1	653
CbWHA1_390.1.p1	CFAC1_290062900.1-p1	934
CbWHA1_3900.1.p1	CFAC1_290011100.1-p1	536
CbWHA1_3902.1.p1	CFAC1_290010800.1-p1	572
CbWHA1_3903.1.p1	CFAC1_290010700.1-p1	519
CbWHA1_3904.1.p1	CFAC1_290010500.1-p1	1103
CbWHA1_3906.1.p1	CFAC1_290010300.1-p1	371
CbWHA1_3908.1.p1	CFAC1_290010200.1-p1	227
CbWHA1_3909.1.p1	CFAC1_290010100.1-p1	492
CbWHA1_391.1.p1	CFAC1_290063000.1-p1	348
CbWHA1_3910.1.p1	CFAC1_290010000.1-p1	802
CbWHA1_3911.1.p1	CFAC1_290009800.1-p1	594
CbWHA1_3912.1.p1	CFAC1_290009700.1-p1	865
CbWHA1_3915.1.p1	CFAC1_290009200.1-p1	1323
CbWHA1_3917.1.p1	CFAC1_290008900.1-p1	517
CbWHA1_3918.1.p1	CFAC1_290008800.1-p1	1058
CbWHA1_3919.1.p1	CFAC1_290008700.1-p1	976
CbWHA1_392.1.p1	CFAC1_290063100.1-p1	486
CbWHA1_3920.1.p1	CFAC1_290008500.1-p1	455
CbWHA1_3921.1.p1	CFAC1_290008400.1-p1	306
CbWHA1_3922.1.p1	CFAC1_290008200.1-p1	978
CbWHA1_3923.1.p1	CFAC1_290008100.1-p1	1051
CbWHA1_3924.1.p1	CFAC1_290008000.1-p1	324
CbWHA1_3925.1.p1	CFAC1_290007900.1-p1	214
CbWHA1_3926.1.p1	CFAC1_290007700.1-p1	491
CbWHA1_3927.1.p1	CFAC1_290007500.1-p1	402
CbWHA1_3928.1.p1	CFAC1_290007400.1-p1	200
CbWHA1_3929.1.p1	CFAC1_290007200.1-p1	453
CbWHA1_3931.1.p1	CFAC1_290007100.1-p1	519
CbWHA1_3933.1.p1	CFAC1_290006100.1-p1	175
CbWHA1_3935.1.p1	CFAC1_290006800.1-p1	376
CbWHA1_3936.1.p1	CFAC1_290006700.1-p1	400
CbWHA1_3937.1.p1	CFAC1_290006300.1-p1	227
CbWHA1_3938.1.p1	CFAC1_290006000.1-p1	487
CbWHA1_3939.1.p1	CFAC1_290005900.1-p1	1809
CbWHA1_3941.1.p1	CFAC1_290005700.1-p1	648
CbWHA1_3946.1.p1	CFAC1_130005200.1-p1	461
CbWHA1_3947.1.p1	CFAC1_130005300.1-p1	540
CbWHA1_3948.1.p1	CFAC1_130005500.1-p1	1733
CbWHA1_3949.1.p1	CFAC1_130005800.1-p1	301
CbWHA1_395.1.p1	CFAC1_290063400.1-p1	571
CbWHA1_3950.1.p1	CFAC1_130005900.1-p1	286
CbWHA1_3951.1.p1	CFAC1_130006000.1-p1	556
CbWHA1_3952.1.p1	CFAC1_130006200.1-p1	585
CbWHA1_3953.1.p1	CFAC1_130006100.1-p1	863
CbWHA1_3954.1.p1	CFAC1_130006300.1-p1	295
CbWHA1_3955.1.p1	CFAC1_130006500.1-p1	487
CbWHA1_3956.1.p1	CFAC1_130006600.1-p1	289
CbWHA1_3959.1.p1	CFAC1_130007100.1-p1	864
CbWHA1_396.1.p1	CFAC1_290063500.1-p1	911
CbWHA1_3961.1.p1	CFAC1_130007500.1-p1	204
CbWHA1_3963.1.p1	CFAC1_130008000.1-p1	1389
CbWHA1_3964.1.p1	CFAC1_130008300.1-p1	657
CbWHA1_3966.1.p1	CFAC1_130008100.1-p1	667
CbWHA1_3967.1.p1	CFAC1_130008200.1-p1	719
CbWHA1_3968.1.p1	CFAC1_130008400.1-p1	989
CbWHA1_3969.1.p1	CFAC1_130008500.1-p1	638
CbWHA1_397.1.p1	CFAC1_290063600.1-p1	335
CbWHA1_3970.1.p1	CFAC1_130008700.1-p1	47.0
CbWHA1_3971.1.p1	CFAC1_130008800.1-p1	196
CbWHA1_3972.1.p1	CFAC1_130009600.1-p1	499
CbWHA1_3973.1.p1	CFAC1_130008900.1-p1	1611
CbWHA1_3974.1.p1	CFAC1_130009000.1-p1	557
CbWHA1_3975.1.p1	CFAC1_130009300.1-p1	454
CbWHA1_3977.1.p1	CFAC1_130009400.1-p1	72.4
CbWHA1_3978.1.p1	CFAC1_130009800.1-p1	1336
CbWHA1_3979.1.p1	CFAC1_130009900.1-p1	225
CbWHA1_398.1.p1	CFAC1_290063700.1-p1	766
CbWHA1_3980.1.p1	CFAC1_130010000.1-p1	1085
CbWHA1_3981.1.p1	CFAC1_130010100.1-p1	1370
CbWHA1_3982.1.p1	CFAC1_130010200.1-p1	442
CbWHA1_3983.1.p1	CFAC1_130010400.1-p1	306
CbWHA1_3984.1.p1	CFAC1_130010500.1-p1	632
CbWHA1_3985.1.p1	CFAC1_130010600.1-p1	232
CbWHA1_399.1.p1	CFAC1_290063800.1-p1	1406
CbWHA1_3991.1.p1	CFAC1_070010000.1-p1	1731
CbWHA1_3992.1.p1	CFAC1_070010100.1-p1	483
CbWHA1_3993.1.p1	CFAC1_070010200.1-p1	243
CbWHA1_3994.1.p1	CFAC1_070010400.1-p1	781
CbWHA1_3995.1.p1	CFAC1_070010500.1-p1	962
CbWHA1_3996.1.p1	CFAC1_070010600.1-p1	798
CbWHA1_3997.1.p1	CFAC1_070010700.1-p1	753
CbWHA1_3998.1.p1	CFAC1_070010800.1-p1	747
CbWHA1_3999.1.p1	CFAC1_070010900.1-p1	1300
CbWHA1_40.1.p1	CFAC1_160026700.1-p1	224
CbWHA1_400.1.p1	CFAC1_290063900.1-p1	439
CbWHA1_4000.1.p1	CFAC1_070011300.1-p1	103
CbWHA1_4002.1.p1	CFAC1_070011600.1-p1	1081
CbWHA1_4003.1.p1	CFAC1_070011800.1-p1	688
CbWHA1_4004.1.p1	CFAC1_070011900.1-p1	868
CbWHA1_4005.1.p1	CFAC1_070012100.1-p1	273
CbWHA1_4006.1.p1	CFAC1_070012300.1-p1	980
CbWHA1_4007.1.p1	CFAC1_070012400.1-p1	992
CbWHA1_4008.1.p1	CFAC1_070012600.1-p1	962
CbWHA1_4009.1.p1	CFAC1_070012800.1-p1	985
CbWHA1_401.1.p1	CFAC1_290064000.1-p1	949
CbWHA1_4012.1.p1	CFAC1_070013000.1-p1	817
CbWHA1_4013.1.p1	CFAC1_070013100.1-p1	466
CbWHA1_4014.1.p1	CFAC1_070013200.1-p1	810
CbWHA1_4015.1.p1	CFAC1_070013400.1-p1	533
CbWHA1_4016.1.p1	CFAC1_070013500.1-p1	220
CbWHA1_4019.1.p1	CFAC1_070013800.1-p1	421
CbWHA1_402.1.p1	CFAC1_290064100.1-p1	884
CbWHA1_4020.1.p1	CFAC1_070014000.1-p1	1099
CbWHA1_4021.1.p1	CFAC1_070014030.1-p1	276
CbWHA1_4022.1.p1	CFAC1_070014070.1-p1	1265
CbWHA1_4023.1.p1	CFAC1_070014200.1-p1	700
CbWHA1_4024.1.p1	CFAC1_070014300.1-p1	743
CbWHA1_4025.1.p1	CFAC1_070014400.1-p1	856
CbWHA1_4026.1.p1	CFAC1_070014500.1-p1	1534
CbWHA1_4027.1.p1	CFAC1_070014600.1-p1	1172
CbWHA1_4028.1.p1	CFAC1_070015000.1-p1	566
CbWHA1_4029.1.p1	CFAC1_070015100.1-p1	165
CbWHA1_403.1.p1	CFAC1_290064200.1-p1	899
CbWHA1_4030.1.p1	CFAC1_070015200.1-p1	1091
CbWHA1_4031.1.p1	CFAC1_070015300.1-p1	335
CbWHA1_4032.1.p1	CFAC1_070015500.1-p1	398
CbWHA1_4033.1.p1	CFAC1_070015600.1-p1	273
CbWHA1_4038.1.p1	CFAC1_070016400.1-p1	1522
CbWHA1_404.1.p1	CFAC1_290064300.1-p1	610
CbWHA1_4040.1.p1	CFAC1_070015900.1-p1	815
CbWHA1_4041.1.p1	CFAC1_070016000.1-p1	443
CbWHA1_4043.1.p1	CFAC1_070016300.1-p1	265
CbWHA1_4044.1.p1	CFAC1_070016500.1-p1	1685
CbWHA1_4045.1.p1	CFAC1_070016500.1-p1	1685
CbWHA1_4046.1.p1	CFAC1_070016800.1-p1	792
CbWHA1_4048.1.p1	CFAC1_070017000.1-p1	412
CbWHA1_4049.1.p1	CFAC1_070017500.1-p1	302
CbWHA1_405.1.p1	CFAC1_290064400.1-p1	604
CbWHA1_4051.1.p1	CFAC1_070017800.1-p1	476
CbWHA1_4052.1.p1	CFAC1_070017600.1-p1	927
CbWHA1_4053.1.p1	CFAC1_070017900.1-p1	294
CbWHA1_4054.1.p1	CFAC1_070018000.1-p1	405
CbWHA1_4055.1.p1	CFAC1_070018700.1-p1	690
CbWHA1_4056.1.p1	CFAC1_070018800.1-p1	417
CbWHA1_4057.1.p1	CFAC1_070018100.1-p1	941
CbWHA1_4061.1.p1	CFAC1_070018500.1-p1	1474
CbWHA1_4062.1.p1	CFAC1_070018600.1-p1	889
CbWHA1_4063.1.p1	CFAC1_070018900.1-p1	259
CbWHA1_4064.1.p1	CFAC1_070019000.1-p1	1026
CbWHA1_4066.1.p1	CFAC1_070019200.1-p1	2874
CbWHA1_4067.1.p1	CFAC1_070019400.1-p1	2866
CbWHA1_4068.1.p1	CFAC1_070019400.1-p1	2457
CbWHA1_4069.1.p1	CFAC1_070019500.1-p1	2636
CbWHA1_407.1.p1	CFAC1_290064500.1-p1	178
CbWHA1_4070.1.p1	CFAC1_070019600.1-p1	3044
CbWHA1_4071.1.p1	CFAC1_070019700.1-p1	515
CbWHA1_4072.1.p1	CFAC1_070019800.1-p1	3112
CbWHA1_4073.1.p1	CFAC1_070019900.1-p1	205
CbWHA1_4074.1.p1	CFAC1_070020000.1-p1	564
CbWHA1_4075.1.p1	CFAC1_070020100.1-p1	566
CbWHA1_4076.1.p1	CFAC1_070020200.1-p1	1273
CbWHA1_4077.1.p1	CFAC1_070020300.1-p1	881
CbWHA1_4078.1.p1	CFAC1_070020500.1-p1	259
CbWHA1_4079.1.p1	CFAC1_070020600.1-p1	139
CbWHA1_408.1.p1	CFAC1_290064600.1-p1	844
CbWHA1_4080.1.p1	CFAC1_070020700.1-p1	867
CbWHA1_4081.1.p1	CFAC1_070020800.1-p1	447
CbWHA1_4082.1.p1	CFAC1_070020900.1-p1	881
CbWHA1_4086.1.p1	CFAC1_020005900.1-p1	135
CbWHA1_409.1.p1	CFAC1_290065400.1-p1	360
CbWHA1_4090.1.p1	CFAC1_030005800.1-p1	277
CbWHA1_4092.1.p1	CFAC1_270029500.1-p1	469
CbWHA1_4093.1.p1	CFAC1_270029600.1-p1	224
CbWHA1_4094.1.p1	CFAC1_270029700.1-p1	687
CbWHA1_4095.1.p1	CFAC1_270029800.1-p1	669
CbWHA1_4096.1.p1	CFAC1_270029900.1-p1	132
CbWHA1_4099.1.p1	CFAC1_270030100.1-p1	1584
CbWHA1_41.1.p1	CFAC1_160026500.1-p1	432
CbWHA1_410.1.p1	CFAC1_290065500.1-p1	543
CbWHA1_4100.1.p1	CFAC1_200005800.1-p1	2172
CbWHA1_4101.1.p1	CFAC1_270030200.1-p1	1865
CbWHA1_4102.1.p1	CFAC1_270030300.1-p1	129
CbWHA1_4105.1.p1	CFAC1_270030500.1-p1	99.4
CbWHA1_4108.1.p1	CFAC1_270030500.1-p1	94.7
CbWHA1_411.1.p1	CFAC1_290064700.1-p1	514
CbWHA1_4110.1.p1	CFAC1_270030700.1-p1	267
CbWHA1_4112.1.p1	CFAC1_270031400.1-p1	343
CbWHA1_4113.1.p1	CFAC1_270031500.1-p1	1576
CbWHA1_4115.1.p1	CFAC1_270031700.1-p1	355
CbWHA1_4119.1.p1	CFAC1_270031800.1-p1	176
CbWHA1_412.1.p1	CFAC1_290064800.1-p1	1457
CbWHA1_4121.1.p1	CFAC1_270031900.1-p1	745
CbWHA1_4122.1.p1	CFAC1_270032000.1-p1	473
CbWHA1_4123.1.p1	CFAC1_270032100.1-p1	989
CbWHA1_4124.1.p1	CFAC1_270032300.1-p1	1407
CbWHA1_4126.1.p1	CFAC1_270032500.1-p1	1467
CbWHA1_4127.1.p1	CFAC1_270032600.1-p1	335
CbWHA1_4128.1.p1	CFAC1_270032700.1-p1	506
CbWHA1_4130.1.p1	CFAC1_270033000.1-p1	235
CbWHA1_4132.1.p1	CFAC1_270033200.1-p1	591
CbWHA1_4133.1.p1	CFAC1_270033300.1-p1	492
CbWHA1_4136.1.p1	CFAC1_270033700.1-p1	854
CbWHA1_4137.1.p1	CFAC1_270033800.1-p1	299
CbWHA1_4138.1.p1	CFAC1_270033900.1-p1	437
CbWHA1_4139.1.p1	CFAC1_270034100.1-p1	1167
CbWHA1_4140.1.p1	CFAC1_270034200.1-p1	743
CbWHA1_4141.1.p1	CFAC1_270034400.1-p1	628
CbWHA1_4142.1.p1	CFAC1_270034800.1-p1	316
CbWHA1_4143.1.p1	CFAC1_270034700.1-p1	360
CbWHA1_4144.1.p1	CFAC1_270034900.1-p1	1911
CbWHA1_4149.1.p1	CFAC1_270036700.1-p1	717
CbWHA1_415.1.p1	CFAC1_290065300.1-p1	1849
CbWHA1_4152.1.p1	CFAC1_270036800.1-p1	881
CbWHA1_4157.1.p1	CFAC1_270037700.1-p1	717
CbWHA1_4159.1.p1	CFAC1_270038100.1-p1	1246
CbWHA1_416.1.p1	CFAC1_290065600.1-p1	382
CbWHA1_4161.1.p1	CFAC1_270039600.1-p1	1050
CbWHA1_4162.1.p1	CFAC1_270039700.1-p1	1386
CbWHA1_4165.1.p1	CFAC1_270040800.1-p1	554
CbWHA1_4166.1.p1	CFAC1_270041500.1-p1	1402
CbWHA1_4167.1.p1	CFAC1_270042100.1-p1	1119
CbWHA1_4168.1.p1	CFAC1_270039900.1-p1	167
CbWHA1_4169.1.p1	CFAC1_270040800.1-p1	1040
CbWHA1_417.1.p1	CFAC1_290065700.1-p1	263
CbWHA1_4170.1.p1	CFAC1_270041500.1-p1	1402
CbWHA1_4171.1.p1	CFAC1_270042100.1-p1	776
CbWHA1_4175.1.p1	CFAC1_270044100.1-p1	133
CbWHA1_4176.1.p1	CFAC1_270044200.1-p1	90.1
CbWHA1_4177.1.p1	CFAC1_270044300.1-p1	79.7
CbWHA1_418.1.p1	CFAC1_290065800.1-p1	805
CbWHA1_4183.1.p1	CFAC1_270045100.1-p1	208
CbWHA1_4184.1.p1	CFAC1_270045200.1-p1	1094
CbWHA1_4185.1.p1	CFAC1_270045300.1-p1	781
CbWHA1_4186.1.p1	CFAC1_270045400.1-p1	348
CbWHA1_4187.1.p1	CFAC1_270045500.1-p1	390
CbWHA1_4188.1.p1	CFAC1_270045700.1-p1	297
CbWHA1_4189.1.p1	CFAC1_270045700.1-p1	285
CbWHA1_419.1.p1	CFAC1_290065900.1-p1	1037
CbWHA1_4190.1.p1	CFAC1_270045900.1-p1	253
CbWHA1_4191.1.p1	CFAC1_270046000.1-p1	390
CbWHA1_4192.1.p1	CFAC1_270046500.1-p1	265
CbWHA1_4193.1.p1	CFAC1_270046600.1-p1	246
CbWHA1_4194.1.p1	CFAC1_270046800.1-p1	353
CbWHA1_4195.1.p1	CFAC1_270047000.1-p1	685
CbWHA1_4196.1.p1	CFAC1_270047100.1-p1	547
CbWHA1_4197.1.p1	CFAC1_270047700.1-p1	303
CbWHA1_4198.1.p1	CFAC1_270047800.1-p1	76.3
CbWHA1_4199.1.p1	CFAC1_140029100.1-p1	756
CbWHA1_42.1.p1	CFAC1_160026400.1-p1	182
CbWHA1_420.1.p1	CFAC1_290066100.1-p1	292
CbWHA1_4200.1.p1	CFAC1_200036800.1-p1	728
CbWHA1_4202.1.p1	CFAC1_270047900.1-p1	100
CbWHA1_4203.1.p1	CFAC1_270047900.1-p1	48.9
CbWHA1_4204.1.p1	CFAC1_270048100.1-p1	84.7
CbWHA1_4205.1.p1	CFAC1_270048300.1-p1	243
CbWHA1_4206.1.p1	CFAC1_270048500.1-p1	536
CbWHA1_4207.1.p1	CFAC1_270048600.1-p1	208
CbWHA1_4208.1.p1	CFAC1_270048700.1-p1	682
CbWHA1_4209.1.p1	CFAC1_270048800.1-p1	655
CbWHA1_421.1.p1	CFAC1_290066200.1-p1	141
CbWHA1_4210.1.p1	CFAC1_270048900.1-p1	748
CbWHA1_4211.1.p1	CFAC1_270049000.1-p1	748
CbWHA1_4212.1.p1	CFAC1_270049100.1-p1	424
CbWHA1_4213.1.p1	CFAC1_270049300.1-p1	475
CbWHA1_4214.1.p1	CFAC1_270049400.1-p1	120
CbWHA1_4217.1.p1	CFAC1_270049700.1-p1	176
CbWHA1_4218.1.p1	CFAC1_270049800.1-p1	1254
CbWHA1_4219.1.p1	CFAC1_270049900.1-p1	148
CbWHA1_422.1.p1	CFAC1_290066700.1-p1	121
CbWHA1_4220.1.p1	CFAC1_270050000.1-p1	79.7
CbWHA1_4221.1.p1	CFAC1_270050100.1-p1	431
CbWHA1_4222.1.p1	CFAC1_270050200.1-p1	476
CbWHA1_4223.1.p1	CFAC1_270050200.1-p1	423
CbWHA1_4224.1.p1	CFAC1_270050400.1-p1	120
CbWHA1_4225.1.p1	CFAC1_270050500.1-p1	1135
CbWHA1_4228.1.p1	CFAC1_270050700.1-p1	142
CbWHA1_423.1.p1	CFAC1_290066600.1-p1	115
CbWHA1_4231.1.p1	CFAC1_270051000.1-p1	192
CbWHA1_4232.1.p1	CFAC1_270051100.1-p1	84.7
CbWHA1_4233.1.p1	CFAC1_270051200.1-p1	278
CbWHA1_4234.1.p1	CFAC1_270051300.1-p1	880
CbWHA1_4235.1.p1	CFAC1_270051400.1-p1	301
CbWHA1_4236.1.p1	CFAC1_270051500.1-p1	162
CbWHA1_4238.1.p1	CFAC1_270051700.1-p1	573
CbWHA1_4239.1.p1	CFAC1_270051800.1-p1	674
CbWHA1_4240.1.p1	CFAC1_270051900.1-p1	435
CbWHA1_4241.1.p1	CFAC1_270052000.1-p1	361
CbWHA1_4242.1.p1	CFAC1_270052100.1-p1	543
CbWHA1_4243.1.p1	CFAC1_270052400.1-p1	654
CbWHA1_4244.1.p1	CFAC1_270052200.1-p1	331
CbWHA1_4245.1.p1	CFAC1_270052300.1-p1	544
CbWHA1_4246.1.p1	CFAC1_270052300.1-p1	534
CbWHA1_4247.1.p1	CFAC1_270052500.1-p1	318
CbWHA1_4248.1.p1	CFAC1_270052600.1-p1	594
CbWHA1_425.1.p1	CFAC1_290067100.1-p1	843
CbWHA1_4250.1.p1	CFAC1_270052600.1-p1	552
CbWHA1_4252.1.p1	CFAC1_270052600.1-p1	549
CbWHA1_4254.1.p1	CFAC1_270052700.1-p1	513
CbWHA1_4255.1.p1	CFAC1_270052800.1-p1	143
CbWHA1_4257.1.p1	CFAC1_270053000.1-p1	159
CbWHA1_4258.1.p1	CFAC1_270053200.1-p1	153
CbWHA1_4259.1.p1	CFAC1_270054400.1-p1	115
CbWHA1_426.1.p1	CFAC1_290067200.1-p1	1195
CbWHA1_4260.1.p1	CFAC1_270054000.1-p1	122
CbWHA1_4261.1.p1	CFAC1_270054200.1-p1	132
CbWHA1_4263.1.p1	CFAC1_270054500.1-p1	106
CbWHA1_4265.1.p1	CFAC1_270054700.1-p1	174
CbWHA1_4266.1.p1	CFAC1_270055100.1-p1	232
CbWHA1_4267.1.p1	CFAC1_270054900.1-p1	132
CbWHA1_4268.1.p1	CFAC1_270055000.1-p1	374
CbWHA1_4269.1.p1	CFAC1_270055200.1-p1	105
CbWHA1_427.1.p1	CFAC1_290067300.1-p1	411
CbWHA1_4270.1.p1	CFAC1_270055300.1-p1	1905
CbWHA1_4271.1.p1	CFAC1_270055400.1-p1	557
CbWHA1_4272.1.p1	CFAC1_270055500.1-p1	586
CbWHA1_4273.1.p1	CFAC1_270055600.1-p1	331
CbWHA1_4274.1.p1	CFAC1_270055700.1-p1	644
CbWHA1_4275.1.p1	CFAC1_270055800.1-p1	1127
CbWHA1_4277.1.p1	CFAC1_270056000.1-p1	247
CbWHA1_4279.1.p1	CFAC1_270056300.1-p1	281
CbWHA1_428.1.p1	CFAC1_290067400.1-p1	1173
CbWHA1_4280.1.p1	CFAC1_270056600.1-p1	226
CbWHA1_4281.1.p1	CFAC1_270056800.1-p1	171
CbWHA1_4282.1.p1	CFAC1_270057200.1-p1	218
CbWHA1_4283.1.p1	CFAC1_270057300.1-p1	206
CbWHA1_4284.1.p1	CFAC1_270057800.1-p1	219
CbWHA1_4285.1.p1	CFAC1_270057400.1-p1	180
CbWHA1_4286.1.p1	CFAC1_270057500.1-p1	62.0
CbWHA1_4287.1.p1	CFAC1_270057600.1-p1	189
CbWHA1_429.1.p1	CFAC1_290067500.1-p1	603
CbWHA1_4290.1.p1	CFAC1_270058100.1-p1	746
CbWHA1_4292.1.p1	CFAC1_270059300.1-p1	936
CbWHA1_4293.1.p1	CFAC1_270059400.1-p1	1292
CbWHA1_4295.1.p1	CFAC1_270058300.1-p1	181
CbWHA1_4297.1.p1	CFAC1_270058400.1-p1	145
CbWHA1_4298.1.p1	CFAC1_270059500.1-p1	234
CbWHA1_43.1.p1	CFAC1_160026200.1-p1	697
CbWHA1_4300.1.p1	CFAC1_270059700.1-p1	1425
CbWHA1_4301.1.p1	CFAC1_270059800.1-p1	535
CbWHA1_4302.1.p1	CFAC1_270059900.1-p1	2967
CbWHA1_4303.1.p1	CFAC1_270060000.1-p1	548
CbWHA1_4304.1.p1	CFAC1_270060100.1-p1	631
CbWHA1_4305.1.p1	CFAC1_270060200.1-p1	910
CbWHA1_4306.1.p1	CFAC1_270060300.1-p1	999
CbWHA1_4307.1.p1	CFAC1_270060400.1-p1	89.7
CbWHA1_4308.1.p1	CFAC1_270060500.1-p1	711
CbWHA1_4309.1.p1	CFAC1_270061100.1-p1	218
CbWHA1_431.1.p1	CFAC1_290067800.1-p1	302
CbWHA1_4310.1.p1	CFAC1_270061200.1-p1	403
CbWHA1_4311.1.p1	CFAC1_270061400.1-p1	178
CbWHA1_4312.1.p1	CFAC1_270061500.1-p1	109
CbWHA1_432.1.p1	CFAC1_290067900.1-p1	835
CbWHA1_4323.1.p1	CFAC1_180011000.1-p1	47.0
CbWHA1_4325.1.p1	CFAC1_270061700.1-p1	1003
CbWHA1_4326.1.p1	CFAC1_270061800.1-p1	1212
CbWHA1_4327.1.p1	CFAC1_270061900.1-p1	206
CbWHA1_4329.1.p1	CFAC1_270062200.1-p1	813
CbWHA1_433.1.p1	CFAC1_290068000.1-p1	315
CbWHA1_4331.1.p1	CFAC1_270062500.1-p1	420
CbWHA1_4332.1.p1	CFAC1_270062600.1-p1	248
CbWHA1_4333.1.p1	CFAC1_270062700.1-p1	462
CbWHA1_4335.1.p1	CFAC1_270063400.1-p1	315
CbWHA1_4336.1.p1	CFAC1_270063200.1-p1	703
CbWHA1_4338.1.p1	CFAC1_270063800.1-p1	407
CbWHA1_4339.1.p1	CFAC1_270063900.1-p1	288
CbWHA1_434.1.p1	CFAC1_290068100.1-p1	390
CbWHA1_4341.1.p1	CFAC1_270064100.1-p1	390
CbWHA1_4342.1.p1	CFAC1_270064200.1-p1	437
CbWHA1_4343.1.p1	CFAC1_270064300.1-p1	340
CbWHA1_4344.1.p1	CFAC1_270064500.1-p1	176
CbWHA1_4345.1.p1	CFAC1_270064600.1-p1	1033
CbWHA1_4346.1.p1	CFAC1_270064700.1-p1	286
CbWHA1_4347.1.p1	CFAC1_270065000.1-p1	435
CbWHA1_4348.1.p1	CFAC1_270065900.1-p1	853
CbWHA1_4349.1.p1	CFAC1_270065100.1-p1	112
CbWHA1_435.1.p1	CFAC1_290068200.1-p1	634
CbWHA1_4350.1.p1	CFAC1_270065500.1-p1	271
CbWHA1_4351.1.p1	CFAC1_270065700.1-p1	526
CbWHA1_4352.1.p1	CFAC1_270065800.1-p1	805
CbWHA1_4353.1.p1	CFAC1_270066000.1-p1	3820
CbWHA1_4354.1.p1	CFAC1_270066100.1-p1	1129
CbWHA1_4358.1.p1	CFAC1_270066800.1-p1	194
CbWHA1_4359.1.p1	CFAC1_270066900.1-p1	303
CbWHA1_436.1.p1	CFAC1_290068400.1-p1	931
CbWHA1_4360.1.p1	CFAC1_270067000.1-p1	598
CbWHA1_4361.1.p1	CFAC1_270067100.1-p1	733
CbWHA1_4363.1.p1	CFAC1_270067400.1-p1	577
CbWHA1_4364.1.p1	CFAC1_270067700.1-p1	561
CbWHA1_4366.1.p1	CFAC1_270067900.1-p1	564
CbWHA1_4367.1.p1	CFAC1_270068000.1-p1	138
CbWHA1_4368.1.p1	CFAC1_270068100.1-p1	433
CbWHA1_4369.1.p1	CFAC1_270068200.1-p1	1575
CbWHA1_437.1.p1	CFAC1_290068500.1-p1	1811
CbWHA1_4371.1.p1	CFAC1_270068400.1-p1	193
CbWHA1_4372.1.p1	CFAC1_270068600.1-p1	1045
CbWHA1_4373.1.p1	CFAC1_270068700.1-p1	1260
CbWHA1_4375.1.p1	CFAC1_270069000.1-p1	1860
CbWHA1_4377.1.p1	CFAC1_270069100.1-p1	828
CbWHA1_438.1.p1	CFAC1_290068600.1-p1	493
CbWHA1_439.1.p1	CFAC1_290068700.1-p1	285
CbWHA1_44.1.p1	CFAC1_160026100.1-p1	511
CbWHA1_440.1.p1	CFAC1_290068800.1-p1	374
CbWHA1_441.1.p1	CFAC1_290068900.1-p1	356
CbWHA1_443.1.p1	CFAC1_290069000.1-p1	305
CbWHA1_445.1.p1	CFAC1_290069300.1-p1	645
CbWHA1_446.1.p1	CFAC1_290069400.1-p1	8389
CbWHA1_447.1.p1	CFAC1_290069500.1-p1	478
CbWHA1_448.1.p1	CFAC1_290069600.1-p1	745
CbWHA1_450.1.p1	CFAC1_290069800.1-p1	523
CbWHA1_451.1.p1	CFAC1_290069900.1-p1	551
CbWHA1_452.1.p1	CFAC1_290070000.1-p1	4559
CbWHA1_453.1.p1	CFAC1_290070200.1-p1	1045
CbWHA1_454.1.p1	CFAC1_290070200.1-p1	1042
CbWHA1_456.1.p1	CFAC1_290070200.1-p1	1045
CbWHA1_457.1.p1	CFAC1_290070200.1-p1	1042
CbWHA1_458.1.p1	CFAC1_290070200.1-p1	1042
CbWHA1_459.1.p1	CFAC1_290070200.1-p1	1045
CbWHA1_46.1.p1	CFAC1_160025700.1-p1	639
CbWHA1_460.1.p1	CFAC1_290070200.1-p1	1045
CbWHA1_461.1.p1	CFAC1_290070200.1-p1	1042
CbWHA1_463.1.p1	CFAC1_290070800.1-p1	1698
CbWHA1_464.1.p1	CFAC1_290070900.1-p1	1265
CbWHA1_4653.1.p1	CFAC1_270006500.1-p1	409
CbWHA1_4654.1.p1	CFAC1_270006700.1-p1	1508
CbWHA1_4656.1.p1	CFAC1_270006900.1-p1	853
CbWHA1_4657.1.p1	CFAC1_270007000.1-p1	682
CbWHA1_4659.1.p1	CFAC1_270007300.1-p1	175
CbWHA1_466.1.p1	CFAC1_290071100.1-p1	663
CbWHA1_4660.1.p1	CFAC1_270007500.1-p1	739
CbWHA1_4663.1.p1	CFAC1_270007800.1-p1	122
CbWHA1_4664.1.p1	CFAC1_270008000.1-p1	200
CbWHA1_4665.1.p1	CFAC1_270008100.1-p1	809
CbWHA1_4666.1.p1	CFAC1_270008200.1-p1	784
CbWHA1_4667.1.p1	CFAC1_270008500.1-p1	184
CbWHA1_4668.1.p1	CFAC1_270008600.1-p1	1280
CbWHA1_467.1.p1	CFAC1_290071200.1-p1	653
CbWHA1_4670.1.p1	CFAC1_270008800.1-p1	1688
CbWHA1_4671.1.p1	CFAC1_270008900.1-p1	358
CbWHA1_4672.1.p1	CFAC1_270009000.1-p1	343
CbWHA1_4673.1.p1	CFAC1_270009100.1-p1	553
CbWHA1_4674.1.p1	CFAC1_270009200.1-p1	519
CbWHA1_4675.1.p1	CFAC1_270009500.1-p1	1686
CbWHA1_4676.1.p1	CFAC1_270009900.1-p1	1776
CbWHA1_4677.1.p1	CFAC1_270010900.1-p1	451
CbWHA1_4678.1.p1	CFAC1_270010700.1-p1	835
CbWHA1_4679.1.p1	CFAC1_270010800.1-p1	843
CbWHA1_468.1.p1	CFAC1_290071300.1-p1	200
CbWHA1_4681.1.p1	CFAC1_270011100.1-p1	612
CbWHA1_4682.1.p1	CFAC1_270011200.1-p1	1213
CbWHA1_4683.1.p1	CFAC1_270011300.1-p1	1546
CbWHA1_4684.1.p1	CFAC1_270011400.1-p1	836
CbWHA1_4685.1.p1	CFAC1_270011300.1-p1	213
CbWHA1_4686.1.p1	CFAC1_270011500.1-p1	1058
CbWHA1_4688.1.p1	CFAC1_270011700.1-p1	1204
CbWHA1_4689.1.p1	CFAC1_270011800.1-p1	279
CbWHA1_469.1.p1	CFAC1_290071400.1-p1	344
CbWHA1_4690.1.p1	CFAC1_270011900.1-p1	483
CbWHA1_4691.1.p1	CFAC1_270012000.1-p1	463
CbWHA1_4692.1.p1	CFAC1_270012100.1-p1	768
CbWHA1_4693.1.p1	CFAC1_270009900.1-p1	350
CbWHA1_4694.1.p1	CFAC1_270012200.1-p1	551
CbWHA1_4695.1.p1	CFAC1_270012300.1-p1	691
CbWHA1_4697.1.p1	CFAC1_160020800.1-p1	104
CbWHA1_4699.1.p1	CFAC1_270013000.1-p1	1218
CbWHA1_470.1.p1	CFAC1_290071600.1-p1	509
CbWHA1_4700.1.p1	CFAC1_270013100.1-p1	911
CbWHA1_4703.1.p1	CFAC1_270021000.1-p1	595
CbWHA1_4705.1.p1	CFAC1_270014500.1-p1	824
CbWHA1_4707.1.p1	CFAC1_270014700.1-p1	329
CbWHA1_4708.1.p1	CFAC1_270014900.1-p1	746
CbWHA1_4709.1.p1	CFAC1_270015000.1-p1	929
CbWHA1_471.1.p1	CFAC1_290071700.1-p1	705
CbWHA1_4710.1.p1	CFAC1_270015100.1-p1	834
CbWHA1_4711.1.p1	CFAC1_270015200.1-p1	343
CbWHA1_4712.1.p1	CFAC1_270015300.1-p1	1160
CbWHA1_4713.1.p1	CFAC1_270015400.1-p1	919
CbWHA1_4714.1.p1	CFAC1_270016300.1-p1	316
CbWHA1_4715.1.p1	CFAC1_270016400.1-p1	326
CbWHA1_4718.1.p1	CFAC1_270016700.1-p1	548
CbWHA1_4719.1.p1	CFAC1_270017000.1-p1	1207
CbWHA1_472.1.p1	CFAC1_290071800.1-p1	1386
CbWHA1_4720.1.p1	CFAC1_270017200.1-p1	296
CbWHA1_4721.1.p1	CFAC1_270017300.1-p1	275
CbWHA1_4722.1.p1	CFAC1_270017500.1-p1	266
CbWHA1_4723.1.p1	CFAC1_270017600.1-p1	150
CbWHA1_4724.1.p1	CFAC1_270017700.1-p1	267
CbWHA1_4725.1.p1	CFAC1_270017900.1-p1	296
CbWHA1_4729.1.p1	CFAC1_270018300.1-p1	472
CbWHA1_473.1.p1	CFAC1_290071900.1-p1	1119
CbWHA1_4730.1.p1	CFAC1_270018400.1-p1	315
CbWHA1_4731.1.p1	CFAC1_270018500.1-p1	314
CbWHA1_4732.1.p1	CFAC1_270018600.1-p1	722
CbWHA1_4733.1.p1	CFAC1_270018700.1-p1	570
CbWHA1_4735.1.p1	CFAC1_270018800.1-p1	561
CbWHA1_474.1.p1	CFAC1_290072100.1-p1	499
CbWHA1_4741.1.p1	CFAC1_270020300.1-p1	381
CbWHA1_4742.1.p1	CFAC1_270020400.1-p1	143
CbWHA1_4743.1.p1	CFAC1_270021000.1-p1	766
CbWHA1_4744.1.p1	CFAC1_270021100.1-p1	263
CbWHA1_4748.1.p1	CFAC1_270022300.1-p1	802
CbWHA1_4749.1.p1	CFAC1_270022400.1-p1	157
CbWHA1_475.1.p1	CFAC1_290072200.1-p1	492
CbWHA1_4750.1.p1	CFAC1_270022500.1-p1	861
CbWHA1_4751.1.p1	CFAC1_270023000.1-p1	810
CbWHA1_4752.1.p1	CFAC1_270022600.1-p1	767
CbWHA1_4753.1.p1	CFAC1_270022700.1-p1	838
CbWHA1_4754.1.p1	CFAC1_270022800.1-p1	291
CbWHA1_4755.1.p1	CFAC1_270022900.1-p1	1112
CbWHA1_4756.1.p1	CFAC1_270023000.1-p1	474
CbWHA1_4758.1.p1	CFAC1_270023500.1-p1	136
CbWHA1_4759.1.p1	CFAC1_270023600.1-p1	227
CbWHA1_476.1.p1	CFAC1_290072300.1-p1	3043
CbWHA1_4760.1.p1	CFAC1_270023700.1-p1	500
CbWHA1_4761.1.p1	CFAC1_270023900.1-p1	280
CbWHA1_4764.1.p1	CFAC1_270024700.1-p1	548
CbWHA1_4765.1.p1	CFAC1_270024900.1-p1	516
CbWHA1_4768.1.p1	CFAC1_270025400.1-p1	111
CbWHA1_4769.1.p1	CFAC1_270025500.1-p1	5304
CbWHA1_477.1.p1	CFAC1_290072400.1-p1	422
CbWHA1_4771.1.p1	CFAC1_270025700.1-p1	696
CbWHA1_4773.1.p1	CFAC1_270026000.1-p1	707
CbWHA1_4774.1.p1	CFAC1_270026100.1-p1	831
CbWHA1_4775.1.p1	CFAC1_270026200.1-p1	815
CbWHA1_4776.1.p1	CFAC1_150010400.1-p1	971
CbWHA1_4777.1.p1	CFAC1_140019800.1-p1	1004
CbWHA1_4778.1.p1	CFAC1_140019800.1-p1	956
CbWHA1_4779.1.p1	CFAC1_150010400.1-p1	945
CbWHA1_478.1.p1	CFAC1_290072500.1-p1	1244
CbWHA1_4780.1.p1	CFAC1_270028400.1-p1	716
CbWHA1_4781.1.p1	CFAC1_270029000.1-p1	397
CbWHA1_4782.1.p1	CFAC1_270029100.1-p1	547
CbWHA1_4783.1.p1	CFAC1_270029200.1-p1	2065
CbWHA1_4785.1.p1	CFAC1_270029400.1-p1	377
CbWHA1_4786.1.p1	CFAC1_270029500.1-p1	469
CbWHA1_4787.1.p1	CFAC1_270029600.1-p1	224
CbWHA1_4788.1.p1	CFAC1_270029700.1-p1	687
CbWHA1_4789.1.p1	CFAC1_270029800.1-p1	669
CbWHA1_479.1.p1	CFAC1_290072600.1-p1	332
CbWHA1_4790.1.p1	CFAC1_270029900.1-p1	132
CbWHA1_4793.1.p1	CFAC1_270030100.1-p1	1604
CbWHA1_4794.1.p1	CFAC1_270030400.1-p1	676
CbWHA1_4796.1.p1	CFAC1_270030200.1-p1	1866
CbWHA1_4797.1.p1	CFAC1_270030300.1-p1	129
CbWHA1_4799.1.p1	CFAC1_200005800.1-p1	2276
CbWHA1_48.1.p1	CFAC1_160025300.1-p1	1051
CbWHA1_480.1.p1	CFAC1_290072700.1-p1	722
CbWHA1_4801.1.p1	CFAC1_270030500.1-p1	95.9
CbWHA1_4806.1.p1	CFAC1_270030700.1-p1	267
CbWHA1_4808.1.p1	CFAC1_270031400.1-p1	343
CbWHA1_4809.1.p1	CFAC1_270031500.1-p1	1578
CbWHA1_481.1.p1	CFAC1_290072800.1-p1	7362
CbWHA1_4812.1.p1	CFAC1_270031700.1-p1	355
CbWHA1_4813.1.p1	CFAC1_270031700.1-p1	355
CbWHA1_4814.1.p1	CFAC1_270031700.1-p1	122
CbWHA1_4815.1.p1	CFAC1_270031700.1-p1	172
CbWHA1_4818.1.p1	CFAC1_270031900.1-p1	740
CbWHA1_4819.1.p1	CFAC1_270032000.1-p1	1119
CbWHA1_482.1.p1	CFAC1_290072900.1-p1	181
CbWHA1_4820.1.p1	CFAC1_270032100.1-p1	989
CbWHA1_4821.1.p1	CFAC1_270032200.1-p1	1283
CbWHA1_4822.1.p1	CFAC1_270032300.1-p1	1403
CbWHA1_4823.1.p1	CFAC1_270032400.1-p1	981
CbWHA1_4824.1.p1	CFAC1_270032500.1-p1	1442
CbWHA1_4825.1.p1	CFAC1_270032600.1-p1	341
CbWHA1_4826.1.p1	CFAC1_270032700.1-p1	506
CbWHA1_4827.1.p1	CFAC1_270032800.1-p1	402
CbWHA1_483.1.p1	CFAC1_290073100.1-p1	621
CbWHA1_4832.1.p1	CFAC1_270033200.1-p1	593
CbWHA1_4833.1.p1	CFAC1_270033300.1-p1	492
CbWHA1_4834.1.p1	CFAC1_270033400.1-p1	325
CbWHA1_4838.1.p1	CFAC1_270033800.1-p1	299
CbWHA1_4839.1.p1	CFAC1_270033900.1-p1	437
CbWHA1_484.1.p1	CFAC1_290073200.1-p1	334
CbWHA1_4840.1.p1	CFAC1_270034100.1-p1	1167
CbWHA1_4841.1.p1	CFAC1_270034200.1-p1	747
CbWHA1_4842.1.p1	CFAC1_270034500.1-p1	1291
CbWHA1_4844.1.p1	CFAC1_270034700.1-p1	360
CbWHA1_4845.1.p1	CFAC1_270035000.1-p1	1647
CbWHA1_4846.1.p1	CFAC1_270034900.1-p1	1912
CbWHA1_485.1.p1	CFAC1_290073300.1-p1	415
CbWHA1_4851.1.p1	CFAC1_270035900.1-p1	511
CbWHA1_4852.1.p1	CFAC1_270036100.1-p1	291
CbWHA1_4853.1.p1	CFAC1_270036700.1-p1	717
CbWHA1_4854.1.p1	CFAC1_270038100.1-p1	112
CbWHA1_4855.1.p1	CFAC1_270036800.1-p1	881
CbWHA1_4856.1.p1	CFAC1_270037200.1-p1	674
CbWHA1_4858.1.p1	CFAC1_270037700.1-p1	717
CbWHA1_4859.1.p1	CFAC1_270038100.1-p1	1213
CbWHA1_486.1.p1	CFAC1_290074400.1-p1	331
CbWHA1_4860.1.p1	CFAC1_270039400.1-p1	600
CbWHA1_4863.1.p1	CFAC1_270039700.1-p1	1382
CbWHA1_4866.1.p1	CFAC1_270040800.1-p1	1040
CbWHA1_4867.1.p1	CFAC1_270041500.1-p1	1399
CbWHA1_4868.1.p1	CFAC1_270042100.1-p1	1117
CbWHA1_487.1.p1	CFAC1_290073600.1-p1	423
CbWHA1_4870.1.p1	CFAC1_270040800.1-p1	1036
CbWHA1_4872.1.p1	CFAC1_270041500.1-p1	1402
CbWHA1_4875.1.p1	CFAC1_270044100.1-p1	133
CbWHA1_4876.1.p1	CFAC1_270044200.1-p1	90.1
CbWHA1_4877.1.p1	CFAC1_270044300.1-p1	79.7
CbWHA1_488.1.p1	CFAC1_290073700.1-p1	2116
CbWHA1_4884.1.p1	CFAC1_050017400.1-p1	252
CbWHA1_4885.1.p1	CFAC1_270045300.1-p1	781
CbWHA1_4886.1.p1	CFAC1_270045200.1-p1	1095
CbWHA1_4887.1.p1	CFAC1_270045400.1-p1	354
CbWHA1_4888.1.p1	CFAC1_270045500.1-p1	390
CbWHA1_489.1.p1	CFAC1_290073800.1-p1	344
CbWHA1_4890.1.p1	CFAC1_270045700.1-p1	285
CbWHA1_4892.1.p1	CFAC1_270046000.1-p1	285
CbWHA1_4893.1.p1	CFAC1_270046400.1-p1	190
CbWHA1_4894.1.p1	CFAC1_270046500.1-p1	265
CbWHA1_4895.1.p1	CFAC1_270046600.1-p1	245
CbWHA1_4897.1.p1	CFAC1_270046800.1-p1	355
CbWHA1_4898.1.p1	CFAC1_270047000.1-p1	687
CbWHA1_4899.1.p1	CFAC1_200036800.1-p1	548
CbWHA1_49.1.p1	CFAC1_160025000.1-p1	816
CbWHA1_490.1.p1	CFAC1_290073900.1-p1	562
CbWHA1_4900.1.p1	CFAC1_200036800.1-p1	733
CbWHA1_4902.1.p1	CFAC1_150013400.1-p1	724
CbWHA1_4904.1.p1	CFAC1_270047700.1-p1	305
CbWHA1_4905.1.p1	CFAC1_270047800.1-p1	76.3
CbWHA1_4906.1.p1	CFAC1_270047900.1-p1	48.9
CbWHA1_4907.1.p1	CFAC1_270047900.1-p1	100
CbWHA1_4908.1.p1	CFAC1_270048300.1-p1	243
CbWHA1_4909.1.p1	CFAC1_270048500.1-p1	538
CbWHA1_491.1.p1	CFAC1_290074100.1-p1	306
CbWHA1_4910.1.p1	CFAC1_270048600.1-p1	208
CbWHA1_4911.1.p1	CFAC1_270048700.1-p1	681
CbWHA1_4912.1.p1	CFAC1_270048800.1-p1	699
CbWHA1_4913.1.p1	CFAC1_270048900.1-p1	749
CbWHA1_4914.1.p1	CFAC1_270049000.1-p1	748
CbWHA1_4915.1.p1	CFAC1_270049100.1-p1	424
CbWHA1_4916.1.p1	CFAC1_270049300.1-p1	478
CbWHA1_4918.1.p1	CFAC1_270049400.1-p1	120
CbWHA1_492.1.p1	CFAC1_290074200.1-p1	1870
CbWHA1_4920.1.p1	CFAC1_270049700.1-p1	177
CbWHA1_4921.1.p1	CFAC1_270050000.1-p1	65.1
CbWHA1_4922.1.p1	CFAC1_270050100.1-p1	440
CbWHA1_4923.1.p1	CFAC1_270050200.1-p1	475
CbWHA1_4924.1.p1	CFAC1_270050200.1-p1	440
CbWHA1_4925.1.p1	CFAC1_270050400.1-p1	114
CbWHA1_4926.1.p1	CFAC1_270050500.1-p1	1123
CbWHA1_4927.1.p1	CFAC1_270050500.1-p1	1083
CbWHA1_4929.1.p1	CFAC1_270050500.1-p1	1061
CbWHA1_493.1.p1	CFAC1_290074300.1-p1	238
CbWHA1_4931.1.p1	CFAC1_270050500.1-p1	1061
CbWHA1_4933.1.p1	CFAC1_270050500.1-p1	1061
CbWHA1_4935.1.p1	CFAC1_270050500.1-p1	1027
CbWHA1_4937.1.p1	CFAC1_270050500.1-p1	1055
CbWHA1_4939.1.p1	CFAC1_270050500.1-p1	1028
CbWHA1_494.1.p1	CFAC1_290074500.1-p1	423
CbWHA1_4940.1.p1	CFAC1_270050700.1-p1	136
CbWHA1_4942.1.p1	CFAC1_270050500.1-p1	1046
CbWHA1_4947.1.p1	CFAC1_270051000.1-p1	181
CbWHA1_4948.1.p1	CFAC1_270051100.1-p1	86.7
CbWHA1_4949.1.p1	CFAC1_270051300.1-p1	848
CbWHA1_495.1.p1	CFAC1_290075000.1-p1	169
CbWHA1_4950.1.p1	CFAC1_270051400.1-p1	301
CbWHA1_4951.1.p1	CFAC1_270051500.1-p1	472
CbWHA1_4953.1.p1	CFAC1_270051700.1-p1	573
CbWHA1_4954.1.p1	CFAC1_270051800.1-p1	674
CbWHA1_4955.1.p1	CFAC1_270051900.1-p1	435
CbWHA1_4956.1.p1	CFAC1_270052100.1-p1	543
CbWHA1_4957.1.p1	CFAC1_270052000.1-p1	361
CbWHA1_4958.1.p1	CFAC1_270052200.1-p1	331
CbWHA1_4959.1.p1	CFAC1_270052300.1-p1	546
CbWHA1_496.1.p1	CFAC1_290075100.1-p1	552
CbWHA1_4960.1.p1	CFAC1_270052300.1-p1	534
CbWHA1_4961.1.p1	CFAC1_270052400.1-p1	651
CbWHA1_4962.1.p1	CFAC1_270052500.1-p1	324
CbWHA1_4964.1.p1	CFAC1_270052600.1-p1	546
CbWHA1_4965.1.p1	CFAC1_270052700.1-p1	513
CbWHA1_4966.1.p1	CFAC1_270052800.1-p1	143
CbWHA1_4967.1.p1	CFAC1_270052900.1-p1	122
CbWHA1_4968.1.p1	CFAC1_270053000.1-p1	159
CbWHA1_497.1.p1	CFAC1_290075200.1-p1	724
CbWHA1_4970.1.p1	CFAC1_270053200.1-p1	153
CbWHA1_4971.1.p1	CFAC1_270054400.1-p1	115
CbWHA1_4972.1.p1	CFAC1_270054000.1-p1	122
CbWHA1_4973.1.p1	CFAC1_270054200.1-p1	127
CbWHA1_4975.1.p1	CFAC1_270054500.1-p1	106
CbWHA1_4976.1.p1	CFAC1_270054600.1-p1	180
CbWHA1_4977.1.p1	CFAC1_270054700.1-p1	174
CbWHA1_4978.1.p1	CFAC1_270054800.1-p1	119
CbWHA1_4979.1.p1	CFAC1_270055000.1-p1	374
CbWHA1_498.1.p1	CFAC1_290075300.1-p1	214
CbWHA1_4981.1.p1	CFAC1_270055300.1-p1	1905
CbWHA1_4982.1.p1	CFAC1_270055400.1-p1	557
CbWHA1_4983.1.p1	CFAC1_270055500.1-p1	585
CbWHA1_4984.1.p1	CFAC1_270055600.1-p1	349
CbWHA1_4985.1.p1	CFAC1_270055700.1-p1	647
CbWHA1_4986.1.p1	CFAC1_270056000.1-p1	247
CbWHA1_4987.1.p1	CFAC1_270055800.1-p1	1127
CbWHA1_499.1.p1	CFAC1_290075400.1-p1	445
CbWHA1_4990.1.p1	CFAC1_270056300.1-p1	281
CbWHA1_4991.1.p1	CFAC1_270056600.1-p1	226
CbWHA1_4993.1.p1	CFAC1_270056800.1-p1	171
CbWHA1_4994.1.p1	CFAC1_270057100.1-p1	238
CbWHA1_4995.1.p1	CFAC1_270057300.1-p1	206
CbWHA1_4996.1.p1	CFAC1_270057400.1-p1	180
CbWHA1_4997.1.p1	CFAC1_270057500.1-p1	62.0
CbWHA1_4999.1.p1	CFAC1_270057800.1-p1	221
CbWHA1_5.1.p1	CFAC1_160031200.1-p1	387
CbWHA1_50.1.p1	CFAC1_160024900.1-p1	543
CbWHA1_500.1.p1	CFAC1_290075500.1-p1	313
CbWHA1_5003.1.p1	CFAC1_270058100.1-p1	746
CbWHA1_5004.1.p1	CFAC1_270058200.1-p1	389
CbWHA1_5005.1.p1	CFAC1_270058400.1-p1	187
CbWHA1_5007.1.p1	CFAC1_270059300.1-p1	936
CbWHA1_5008.1.p1	CFAC1_270059400.1-p1	1292
CbWHA1_5009.1.p1	CFAC1_270059500.1-p1	238
CbWHA1_501.1.p1	CFAC1_290075900.1-p1	448
CbWHA1_5011.1.p1	CFAC1_270059700.1-p1	1425
CbWHA1_5012.1.p1	CFAC1_270059800.1-p1	535
CbWHA1_5013.1.p1	CFAC1_270059900.1-p1	2967
CbWHA1_5014.1.p1	CFAC1_270060000.1-p1	547
CbWHA1_5015.1.p1	CFAC1_270060100.1-p1	635
CbWHA1_5016.1.p1	CFAC1_270060200.1-p1	910
CbWHA1_5017.1.p1	CFAC1_270060300.1-p1	999
CbWHA1_5019.1.p1	CFAC1_270060400.1-p1	89.7
CbWHA1_5021.1.p1	CFAC1_270061100.1-p1	216
CbWHA1_5022.1.p1	CFAC1_270061300.1-p1	107
CbWHA1_5023.1.p1	CFAC1_270061400.1-p1	179
CbWHA1_5024.1.p1	CFAC1_270061500.1-p1	109
CbWHA1_5028.1.p1	CFAC1_180011000.1-p1	50.4
CbWHA1_503.1.p1	CFAC1_280006700.1-p1	158
CbWHA1_5032.1.p1	CFAC1_180011000.1-p1	47.0
CbWHA1_5039.1.p1	CFAC1_270061600.1-p1	943
CbWHA1_5040.1.p1	CFAC1_270061700.1-p1	1003
CbWHA1_5042.1.p1	CFAC1_270061800.1-p1	1211
CbWHA1_5044.1.p1	CFAC1_270062300.1-p1	407
CbWHA1_5045.1.p1	CFAC1_270062400.1-p1	701
CbWHA1_5046.1.p1	CFAC1_270062500.1-p1	420
CbWHA1_5047.1.p1	CFAC1_270062600.1-p1	248
CbWHA1_5048.1.p1	CFAC1_270062700.1-p1	462
CbWHA1_5049.1.p1	CFAC1_270062800.1-p1	56.2
CbWHA1_5051.1.p1	CFAC1_270063200.1-p1	716
CbWHA1_5053.1.p1	CFAC1_270063400.1-p1	316
CbWHA1_5054.1.p1	CFAC1_270063800.1-p1	408
CbWHA1_5055.1.p1	CFAC1_270063900.1-p1	288
CbWHA1_5057.1.p1	CFAC1_270064000.1-p1	57.8
CbWHA1_5058.1.p1	CFAC1_270064100.1-p1	390
CbWHA1_5059.1.p1	CFAC1_270064200.1-p1	437
CbWHA1_5060.1.p1	CFAC1_270064300.1-p1	340
CbWHA1_5061.1.p1	CFAC1_270064500.1-p1	176
CbWHA1_5062.1.p1	CFAC1_270064600.1-p1	1033
CbWHA1_5063.1.p1	CFAC1_270064700.1-p1	286
CbWHA1_5064.1.p1	CFAC1_270065000.1-p1	435
CbWHA1_5065.1.p1	CFAC1_270065100.1-p1	110
CbWHA1_5066.1.p1	CFAC1_270065900.1-p1	854
CbWHA1_5067.1.p1	CFAC1_270065400.1-p1	567
CbWHA1_5068.1.p1	CFAC1_270065500.1-p1	271
CbWHA1_5069.1.p1	CFAC1_270065600.1-p1	729
CbWHA1_507.1.p1	CFAC1_160031000.1-p1	546
CbWHA1_5070.1.p1	CFAC1_270065700.1-p1	523
CbWHA1_5071.1.p1	CFAC1_270065800.1-p1	805
CbWHA1_5072.1.p1	CFAC1_270066000.1-p1	3816
CbWHA1_5073.1.p1	CFAC1_270066900.1-p1	302
CbWHA1_5074.1.p1	CFAC1_270066100.1-p1	1129
CbWHA1_5075.1.p1	CFAC1_270066500.1-p1	659
CbWHA1_5076.1.p1	CFAC1_270067000.1-p1	599
CbWHA1_5078.1.p1	CFAC1_270067200.1-p1	275
CbWHA1_5080.1.p1	CFAC1_270067700.1-p1	562
CbWHA1_5081.1.p1	CFAC1_270067900.1-p1	566
CbWHA1_5082.1.p1	CFAC1_270068000.1-p1	139
CbWHA1_5083.1.p1	CFAC1_270068100.1-p1	433
CbWHA1_5084.1.p1	CFAC1_270068200.1-p1	1575
CbWHA1_5085.1.p1	CFAC1_270068300.1-p1	312
CbWHA1_5087.1.p1	CFAC1_270068600.1-p1	1045
CbWHA1_5089.1.p1	CFAC1_270068800.1-p1	581
CbWHA1_509.1.p1	CFAC1_030022500.1-p1	756
CbWHA1_5090.1.p1	CFAC1_270069000.1-p1	1859
CbWHA1_5094.1.p1	CFAC1_270069100.1-p1	828
CbWHA1_510.1.p1	CFAC1_030022500.1-p1	756
CbWHA1_511.1.p1	CFAC1_030022200.1-p1	1437
CbWHA1_512.1.p1	CFAC1_030022100.1-p1	696
CbWHA1_513.1.p1	CFAC1_030021900.1-p1	222
CbWHA1_514.1.p1	CFAC1_030021600.1-p1	519
CbWHA1_515.1.p1	CFAC1_030021500.1-p1	491
CbWHA1_516.1.p1	CFAC1_030021400.1-p1	628
CbWHA1_517.1.p1	CFAC1_030021300.1-p1	303
CbWHA1_518.1.p1	CFAC1_030021100.1-p1	512
CbWHA1_52.1.p1	CFAC1_160024500.1-p1	485
CbWHA1_520.1.p1	CFAC1_030020700.1-p1	447
CbWHA1_521.1.p1	CFAC1_030020600.1-p1	699
CbWHA1_523.1.p1	CFAC1_030020300.1-p1	504
CbWHA1_524.1.p1	CFAC1_030020200.1-p1	547
CbWHA1_527.1.p1	CFAC1_030019900.1-p1	1549
CbWHA1_528.1.p1	CFAC1_030019500.1-p1	313
CbWHA1_529.1.p1	CFAC1_030019400.1-p1	358
CbWHA1_53.1.p1	CFAC1_160024300.1-p1	478
CbWHA1_530.1.p1	CFAC1_030019200.1-p1	713
CbWHA1_5309.1.p1	CFAC1_020006000.1-p1	236
CbWHA1_531.1.p1	CFAC1_030018700.1-p1	1326
CbWHA1_5311.1.p1	CFAC1_020006200.1-p1	782
CbWHA1_5312.1.p1	CFAC1_020006400.1-p1	396
CbWHA1_5313.1.p1	CFAC1_020006600.1-p1	1165
CbWHA1_5314.1.p1	CFAC1_020006700.1-p1	1410
CbWHA1_5316.1.p1	CFAC1_020007000.1-p1	308
CbWHA1_5317.1.p1	CFAC1_020007100.1-p1	1245
CbWHA1_5319.1.p1	CFAC1_020007400.1-p1	689
CbWHA1_532.1.p1	CFAC1_030018600.1-p1	999
CbWHA1_5320.1.p1	CFAC1_020007500.1-p1	1074
CbWHA1_5321.1.p1	CFAC1_020007600.1-p1	619
CbWHA1_5322.1.p1	CFAC1_020007800.1-p1	342
CbWHA1_5323.1.p1	CFAC1_020007900.1-p1	762
CbWHA1_5324.1.p1	CFAC1_020008000.1-p1	253
CbWHA1_5325.1.p1	CFAC1_020008100.1-p1	1224
CbWHA1_5326.1.p1	CFAC1_020008200.1-p1	1004
CbWHA1_5327.1.p1	CFAC1_020008300.1-p1	668
CbWHA1_5328.1.p1	CFAC1_020008400.1-p1	627
CbWHA1_5330.1.p1	CFAC1_020008800.1-p1	285
CbWHA1_5331.1.p1	CFAC1_020009000.1-p1	288
CbWHA1_5332.1.p1	CFAC1_020009200.1-p1	356
CbWHA1_5336.1.p1	CFAC1_020009500.1-p1	608
CbWHA1_5337.1.p1	CFAC1_020009600.1-p1	268
CbWHA1_5338.1.p1	CFAC1_020009800.1-p1	1363
CbWHA1_5339.1.p1	CFAC1_020009900.1-p1	534
CbWHA1_534.1.p1	CFAC1_030018400.1-p1	519
CbWHA1_5340.1.p1	CFAC1_020010000.1-p1	893
CbWHA1_5341.1.p1	CFAC1_020010200.1-p1	199
CbWHA1_5343.1.p1	CFAC1_020010700.1-p1	847
CbWHA1_5345.1.p1	CFAC1_020010800.1-p1	1662
CbWHA1_5346.1.p1	CFAC1_020011200.1-p1	743
CbWHA1_5348.1.p1	CFAC1_020011400.1-p1	1051
CbWHA1_5349.1.p1	CFAC1_020011500.1-p1	765
CbWHA1_5350.1.p1	CFAC1_020011600.1-p1	229
CbWHA1_5353.1.p1	CFAC1_020011700.1-p1	1073
CbWHA1_5354.1.p1	CFAC1_020012000.1-p1	580
CbWHA1_5355.1.p1	CFAC1_020012100.1-p1	538
CbWHA1_5356.1.p1	CFAC1_020012300.1-p1	543
CbWHA1_5357.1.p1	CFAC1_020012600.1-p1	885
CbWHA1_5359.1.p1	CFAC1_020012800.1-p1	1132
CbWHA1_536.1.p1	CFAC1_030018200.1-p1	528
CbWHA1_5360.1.p1	CFAC1_020012900.1-p1	665
CbWHA1_5361.1.p1	CFAC1_020013100.1-p1	1226
CbWHA1_5362.1.p1	CFAC1_020013200.1-p1	1249
CbWHA1_5363.1.p1	CFAC1_020013300.1-p1	649
CbWHA1_5364.1.p1	CFAC1_020013400.1-p1	423
CbWHA1_5366.1.p1	CFAC1_020013800.1-p1	266
CbWHA1_5368.1.p1	CFAC1_020013900.1-p1	583
CbWHA1_5369.1.p1	CFAC1_020014200.1-p1	398
CbWHA1_5370.1.p1	CFAC1_020014300.1-p1	806
CbWHA1_5371.1.p1	CFAC1_020014600.1-p1	474
CbWHA1_5372.1.p1	CFAC1_020014700.1-p1	402
CbWHA1_5373.1.p1	CFAC1_020014900.1-p1	978
CbWHA1_5374.1.p1	CFAC1_020015000.1-p1	931
CbWHA1_5376.1.p1	CFAC1_020015300.1-p1	288
CbWHA1_5377.1.p1	CFAC1_020015400.1-p1	430
CbWHA1_5378.1.p1	CFAC1_020015500.1-p1	615
CbWHA1_5380.1.p1	CFAC1_020015900.1-p1	537
CbWHA1_5381.1.p1	CFAC1_020016000.1-p1	514
CbWHA1_5382.1.p1	CFAC1_020016100.1-p1	401
CbWHA1_5383.1.p1	CFAC1_020016200.1-p1	215
CbWHA1_5385.1.p1	CFAC1_020016700.1-p1	2495
CbWHA1_5387.1.p1	CFAC1_020016700.1-p1	896
CbWHA1_5388.1.p1	CFAC1_020016700.1-p1	896
CbWHA1_539.1.p1	CFAC1_030017700.1-p1	506
CbWHA1_5390.1.p1	CFAC1_020016900.1-p1	1201
CbWHA1_5392.1.p1	CFAC1_020017200.1-p1	997
CbWHA1_5393.1.p1	CFAC1_020017300.1-p1	434
CbWHA1_5394.1.p1	CFAC1_020017400.1-p1	511
CbWHA1_54.1.p1	CFAC1_160024200.1-p1	363
CbWHA1_540.1.p1	CFAC1_030017600.1-p1	1123
CbWHA1_5401.1.p1	CFAC1_020017600.1-p1	1196
CbWHA1_542.1.p1	CFAC1_030016800.1-p1	420
CbWHA1_543.1.p1	CFAC1_030016700.1-p1	336
CbWHA1_544.1.p1	CFAC1_030016600.1-p1	624
CbWHA1_545.1.p1	CFAC1_030016500.1-p1	130
CbWHA1_5456.1.p1	CFAC1_020019200.1-p1	538
CbWHA1_5457.1.p1	CFAC1_020019300.1-p1	209
CbWHA1_546.1.p1	CFAC1_030016400.1-p1	855
CbWHA1_5460.1.p1	CFAC1_020019800.1-p1	451
CbWHA1_5461.1.p1	CFAC1_020019900.1-p1	701
CbWHA1_5462.1.p1	CFAC1_020020000.1-p1	822
CbWHA1_5465.1.p1	CFAC1_020020200.1-p1	1162
CbWHA1_5466.1.p1	CFAC1_020020300.1-p1	476
CbWHA1_5467.1.p1	CFAC1_020020400.1-p1	714
CbWHA1_5468.1.p1	CFAC1_020020500.1-p1	961
CbWHA1_5469.1.p1	CFAC1_020020600.1-p1	832
CbWHA1_547.1.p1	CFAC1_030015600.1-p1	423
CbWHA1_5470.1.p1	CFAC1_020020800.1-p1	508
CbWHA1_5473.1.p1	CFAC1_020020900.1-p1	618
CbWHA1_5474.1.p1	CFAC1_020021000.1-p1	263
CbWHA1_5475.1.p1	CFAC1_020021100.1-p1	1343
CbWHA1_5476.1.p1	CFAC1_020021200.1-p1	865
CbWHA1_5478.1.p1	CFAC1_020021500.1-p1	982
CbWHA1_548.1.p1	CFAC1_030016300.1-p1	192
CbWHA1_5480.1.p1	CFAC1_020021600.1-p1	611
CbWHA1_5485.1.p1	CFAC1_110005200.1-p1	386
CbWHA1_5486.1.p1	CFAC1_110005600.1-p1	1650
CbWHA1_5488.1.p1	CFAC1_110005300.1-p1	491
CbWHA1_5489.1.p1	CFAC1_110005400.1-p1	1996
CbWHA1_549.1.p1	CFAC1_030016200.1-p1	524
CbWHA1_5490.1.p1	CFAC1_110005500.1-p1	319
CbWHA1_5491.1.p1	CFAC1_110005700.1-p1	704
CbWHA1_5492.1.p1	CFAC1_110005900.1-p1	397
CbWHA1_5493.1.p1	CFAC1_110006000.1-p1	494
CbWHA1_5494.1.p1	CFAC1_110006100.1-p1	398
CbWHA1_5495.1.p1	CFAC1_110006200.1-p1	1259
CbWHA1_5497.1.p1	CFAC1_110006500.1-p1	657
CbWHA1_5498.1.p1	CFAC1_110006600.1-p1	828
CbWHA1_550.1.p1	CFAC1_030016100.1-p1	303
CbWHA1_5501.1.p1	CFAC1_110006900.1-p1	513
CbWHA1_5502.1.p1	CFAC1_110007300.1-p1	914
CbWHA1_5503.1.p1	CFAC1_110008200.1-p1	360
CbWHA1_5504.1.p1	CFAC1_110008400.1-p1	1095
CbWHA1_5505.1.p1	CFAC1_110008500.1-p1	626
CbWHA1_5506.1.p1	CFAC1_110008600.1-p1	840
CbWHA1_5507.1.p1	CFAC1_110008700.1-p1	1792
CbWHA1_5508.1.p1	CFAC1_110009000.1-p1	1003
CbWHA1_5509.1.p1	CFAC1_110009100.1-p1	650
CbWHA1_5510.1.p1	CFAC1_110009200.1-p1	1428
CbWHA1_5512.1.p1	CFAC1_110009400.1-p1	358
CbWHA1_5513.1.p1	CFAC1_110009500.1-p1	509
CbWHA1_5514.1.p1	CFAC1_110009600.1-p1	1141
CbWHA1_5515.1.p1	CFAC1_110009700.1-p1	886
CbWHA1_5516.1.p1	CFAC1_110009800.1-p1	867
CbWHA1_5517.1.p1	CFAC1_110009900.1-p1	884
CbWHA1_5518.1.p1	CFAC1_110010000.1-p1	1100
CbWHA1_5520.1.p1	CFAC1_110012300.1-p1	297
CbWHA1_5522.1.p1	CFAC1_110011800.1-p1	843
CbWHA1_5523.1.p1	CFAC1_110011900.1-p1	543
CbWHA1_5524.1.p1	CFAC1_110012000.1-p1	160
CbWHA1_5525.1.p1	CFAC1_110012100.1-p1	1173
CbWHA1_5526.1.p1	CFAC1_110012200.1-p1	426
CbWHA1_5528.1.p1	CFAC1_110012400.1-p1	897
CbWHA1_553.1.p1	CFAC1_030015900.1-p1	112
CbWHA1_5530.1.p1	CFAC1_110012500.1-p1	384
CbWHA1_5532.1.p1	CFAC1_110012600.1-p1	449
CbWHA1_5533.1.p1	CFAC1_110013400.1-p1	292
CbWHA1_5535.1.p1	CFAC1_110012700.1-p1	928
CbWHA1_5537.1.p1	CFAC1_110013200.1-p1	451
CbWHA1_5538.1.p1	CFAC1_110013500.1-p1	758
CbWHA1_554.1.p1	CFAC1_030015700.1-p1	1062
CbWHA1_5540.1.p1	CFAC1_110013700.1-p1	726
CbWHA1_5541.1.p1	CFAC1_110013800.1-p1	883
CbWHA1_5542.1.p1	CFAC1_110013900.1-p1	389
CbWHA1_5543.1.p1	CFAC1_110014000.1-p1	322
CbWHA1_5544.1.p1	CFAC1_110014100.1-p1	110
CbWHA1_5546.1.p1	CFAC1_110014800.1-p1	251
CbWHA1_5547.1.p1	CFAC1_110014900.1-p1	117
CbWHA1_5548.1.p1	CFAC1_110015000.1-p1	427
CbWHA1_5549.1.p1	CFAC1_110015100.1-p1	514
CbWHA1_555.1.p1	CFAC1_030015500.1-p1	392
CbWHA1_5552.1.p1	CFAC1_110015800.1-p1	515
CbWHA1_5553.1.p1	CFAC1_110016100.1-p1	622
CbWHA1_5554.1.p1	CFAC1_110016500.1-p1	356
CbWHA1_5555.1.p1	CFAC1_110016600.1-p1	1286
CbWHA1_5556.1.p1	CFAC1_110016700.1-p1	446
CbWHA1_5557.1.p1	CFAC1_110016800.1-p1	127
CbWHA1_5558.1.p1	CFAC1_110016900.1-p1	868
CbWHA1_556.1.p1	CFAC1_030015300.1-p1	347
CbWHA1_5560.1.p1	CFAC1_110017200.1-p1	553
CbWHA1_5561.1.p1	CFAC1_110017300.1-p1	758
CbWHA1_5562.1.p1	CFAC1_110017700.1-p1	172
CbWHA1_5563.1.p1	CFAC1_110017600.1-p1	175
CbWHA1_5566.1.p1	CFAC1_110018500.1-p1	454
CbWHA1_557.1.p1	CFAC1_030015200.1-p1	106
CbWHA1_5570.1.p1	CFAC1_110018700.1-p1	903
CbWHA1_5574.1.p1	CFAC1_110019200.1-p1	961
CbWHA1_5576.1.p1	CFAC1_110019500.1-p1	437
CbWHA1_5578.1.p1	CFAC1_110019700.1-p1	1085
CbWHA1_5579.1.p1	CFAC1_110019800.1-p1	428
CbWHA1_558.1.p1	CFAC1_030015100.1-p1	129
CbWHA1_5580.1.p1	CFAC1_110019900.1-p1	1103
CbWHA1_5581.1.p1	CFAC1_110020000.1-p1	536
CbWHA1_5582.1.p1	CFAC1_110020200.1-p1	543
CbWHA1_5583.1.p1	CFAC1_110020300.1-p1	212
CbWHA1_5585.1.p1	CFAC1_110020600.1-p1	946
CbWHA1_5587.1.p1	CFAC1_110020800.1-p1	347
CbWHA1_5589.1.p1	CFAC1_110021100.1-p1	6177
CbWHA1_5590.1.p1	CFAC1_110021300.1-p1	353
CbWHA1_5591.1.p1	CFAC1_110021400.1-p1	359
CbWHA1_5592.1.p1	CFAC1_110021500.1-p1	608
CbWHA1_5593.1.p1	CFAC1_110021600.1-p1	947
CbWHA1_5594.1.p1	CFAC1_110021600.1-p1	766
CbWHA1_5596.1.p1	CFAC1_110022200.1-p1	807
CbWHA1_5597.1.p1	CFAC1_110022300.1-p1	365
CbWHA1_5598.1.p1	CFAC1_110022400.1-p1	681
CbWHA1_5599.1.p1	CFAC1_110022500.1-p1	298
CbWHA1_560.1.p1	CFAC1_030014600.1-p1	1379
CbWHA1_5600.1.p1	CFAC1_110024000.1-p1	844
CbWHA1_5601.1.p1	CFAC1_110024000.1-p1	844
CbWHA1_5602.1.p1	CFAC1_110024000.1-p1	844
CbWHA1_5604.1.p1	CFAC1_110024000.1-p1	844
CbWHA1_5605.1.p1	CFAC1_110024000.1-p1	844
CbWHA1_5609.1.p1	CFAC1_110024400.1-p1	1020
CbWHA1_561.1.p1	CFAC1_030014400.1-p1	404
CbWHA1_5610.1.p1	CFAC1_110024500.1-p1	889
CbWHA1_5611.1.p1	CFAC1_110024600.1-p1	830
CbWHA1_5612.1.p1	CFAC1_110024700.1-p1	345
CbWHA1_5613.1.p1	CFAC1_110024800.1-p1	936
CbWHA1_5614.1.p1	CFAC1_110024900.1-p1	264
CbWHA1_5618.1.p1	CFAC1_110025100.1-p1	209
CbWHA1_5619.1.p1	CFAC1_110025200.1-p1	280
CbWHA1_5620.1.p1	CFAC1_110025300.1-p1	284
CbWHA1_5621.1.p1	CFAC1_110025400.1-p1	292
CbWHA1_5622.1.p1	CFAC1_110025500.1-p1	500
CbWHA1_5623.1.p1	CFAC1_110025600.1-p1	334
CbWHA1_5624.1.p1	CFAC1_110025700.1-p1	952
CbWHA1_5625.1.p1	CFAC1_110025800.1-p1	312
CbWHA1_5626.1.p1	CFAC1_110025900.1-p1	810
CbWHA1_5627.1.p1	CFAC1_110026000.1-p1	691
CbWHA1_5628.1.p1	CFAC1_110026100.1-p1	784
CbWHA1_5630.1.p1	CFAC1_110026200.1-p1	727
CbWHA1_5631.1.p1	CFAC1_110026300.1-p1	1017
CbWHA1_5632.1.p1	CFAC1_110026700.1-p1	1100
CbWHA1_5633.1.p1	CFAC1_110018200.1-p1	1014
CbWHA1_5635.1.p1	CFAC1_110027400.1-p1	1211
CbWHA1_5636.1.p1	CFAC1_110027500.1-p1	439
CbWHA1_5637.1.p1	CFAC1_110027600.1-p1	331
CbWHA1_5638.1.p1	CFAC1_110027700.1-p1	282
CbWHA1_5639.1.p1	CFAC1_110027800.1-p1	749
CbWHA1_5640.1.p1	CFAC1_110027900.1-p1	941
CbWHA1_5641.1.p1	CFAC1_110028000.1-p1	2289
CbWHA1_5642.1.p1	CFAC1_110028100.1-p1	1085
CbWHA1_5643.1.p1	CFAC1_110028200.1-p1	962
CbWHA1_5644.1.p1	CFAC1_110028600.1-p1	1468
CbWHA1_5649.1.p1	CFAC1_210045600.1-p1	187
CbWHA1_565.1.p1	CFAC1_030013700.1-p1	1224
CbWHA1_5651.1.p1	CFAC1_130029200.1-p1	714
CbWHA1_5652.1.p1	CFAC1_130028700.1-p1	901
CbWHA1_5653.1.p1	CFAC1_130028600.1-p1	122
CbWHA1_5654.1.p1	CFAC1_130028400.1-p1	333
CbWHA1_5655.1.p1	CFAC1_130028300.1-p1	466
CbWHA1_5657.1.p1	CFAC1_130028100.1-p1	688
CbWHA1_5658.1.p1	CFAC1_130027900.1-p1	301
CbWHA1_5660.1.p1	CFAC1_130027800.1-p1	442
CbWHA1_5661.1.p1	CFAC1_130027700.1-p1	565
CbWHA1_5662.1.p1	CFAC1_130027600.1-p1	847
CbWHA1_5663.1.p1	CFAC1_130027500.1-p1	673
CbWHA1_5664.1.p1	CFAC1_130027400.1-p1	497
CbWHA1_5666.1.p1	CFAC1_130026800.1-p1	294
CbWHA1_5667.1.p1	CFAC1_130027100.1-p1	245
CbWHA1_5668.1.p1	CFAC1_130026700.1-p1	698
CbWHA1_5669.1.p1	CFAC1_130026500.1-p1	603
CbWHA1_5670.1.p1	CFAC1_130026400.1-p1	520
CbWHA1_5671.1.p1	CFAC1_130026300.1-p1	761
CbWHA1_5672.1.p1	CFAC1_130026200.1-p1	407
CbWHA1_5673.1.p1	CFAC1_130026000.1-p1	620
CbWHA1_5675.1.p1	CFAC1_130025600.1-p1	825
CbWHA1_5676.1.p1	CFAC1_130025500.1-p1	1061
CbWHA1_5677.1.p1	CFAC1_130025300.1-p1	1486
CbWHA1_5679.1.p1	CFAC1_130025000.1-p1	481
CbWHA1_568.1.p1	CFAC1_030013200.1-p1	312
CbWHA1_5680.1.p1	CFAC1_130024900.1-p1	816
CbWHA1_5681.1.p1	CFAC1_130024800.1-p1	909
CbWHA1_5682.1.p1	CFAC1_130024700.1-p1	465
CbWHA1_5684.1.p1	CFAC1_130024500.1-p1	1448
CbWHA1_5685.1.p1	CFAC1_130023900.1-p1	488
CbWHA1_5686.1.p1	CFAC1_130023800.1-p1	818
CbWHA1_5688.1.p1	CFAC1_130024400.1-p1	729
CbWHA1_5689.1.p1	CFAC1_130024300.1-p1	813
CbWHA1_569.1.p1	CFAC1_030012900.1-p1	522
CbWHA1_5690.1.p1	CFAC1_130024200.1-p1	626
CbWHA1_5693.1.p1	CFAC1_130023400.1-p1	994
CbWHA1_5694.1.p1	CFAC1_130023300.1-p1	88.2
CbWHA1_5695.1.p1	CFAC1_130023200.1-p1	520
CbWHA1_5696.1.p1	CFAC1_130023100.1-p1	479
CbWHA1_5697.1.p1	CFAC1_130023000.1-p1	134
CbWHA1_5698.1.p1	CFAC1_130022900.1-p1	1277
CbWHA1_5699.1.p1	CFAC1_130022800.1-p1	421
CbWHA1_57.1.p1	CFAC1_160023300.1-p1	462
CbWHA1_570.1.p1	CFAC1_030013100.1-p1	367
CbWHA1_5700.1.p1	CFAC1_130022700.1-p1	840
CbWHA1_5701.1.p1	CFAC1_130022500.1-p1	254
CbWHA1_5702.1.p1	CFAC1_130022400.1-p1	502
CbWHA1_5703.1.p1	CFAC1_130022300.1-p1	437
CbWHA1_5704.1.p1	CFAC1_130022200.1-p1	819
CbWHA1_571.1.p1	CFAC1_030013000.1-p1	370
CbWHA1_5710.1.p1	CFAC1_130021700.1-p1	1678
CbWHA1_5711.1.p1	CFAC1_130021300.1-p1	70.5
CbWHA1_5712.1.p1	CFAC1_130021600.1-p1	178
CbWHA1_5713.1.p1	CFAC1_130021400.1-p1	668
CbWHA1_5714.1.p1	CFAC1_130021200.1-p1	116
CbWHA1_5715.1.p1	CFAC1_130021000.1-p1	303
CbWHA1_5716.1.p1	CFAC1_130020900.1-p1	1153
CbWHA1_5717.1.p1	CFAC1_130020800.1-p1	212
CbWHA1_5718.1.p1	CFAC1_130020700.1-p1	467
CbWHA1_572.1.p1	CFAC1_030012800.1-p1	866
CbWHA1_5721.1.p1	CFAC1_130020200.1-p1	921
CbWHA1_5722.1.p1	CFAC1_130020100.1-p1	442
CbWHA1_5723.1.p1	CFAC1_130020000.1-p1	175
CbWHA1_5724.1.p1	CFAC1_130019900.1-p1	726
CbWHA1_5726.1.p1	CFAC1_130018800.1-p1	486
CbWHA1_5727.1.p1	CFAC1_130019800.1-p1	865
CbWHA1_5728.1.p1	CFAC1_130019700.1-p1	376
CbWHA1_5729.1.p1	CFAC1_130019500.1-p1	107
CbWHA1_573.1.p1	CFAC1_030012600.1-p1	1499
CbWHA1_5731.1.p1	CFAC1_130018700.1-p1	410
CbWHA1_5733.1.p1	CFAC1_130018300.1-p1	384
CbWHA1_5734.1.p1	CFAC1_130018200.1-p1	590
CbWHA1_5735.1.p1	CFAC1_130017900.1-p1	538
CbWHA1_5736.1.p1	CFAC1_130017500.1-p1	992
CbWHA1_5737.1.p1	CFAC1_130016900.1-p1	399
CbWHA1_5738.1.p1	CFAC1_130016800.1-p1	424
CbWHA1_5739.1.p1	CFAC1_280017300.1-p1	208
CbWHA1_574.1.p1	CFAC1_030012500.1-p1	931
CbWHA1_5741.1.p1	CFAC1_130017400.1-p1	593
CbWHA1_5745.1.p1	CFAC1_130016200.1-p1	246
CbWHA1_5746.1.p1	CFAC1_130016100.1-p1	3309
CbWHA1_5747.1.p1	CFAC1_130016000.1-p1	537
CbWHA1_5748.1.p1	CFAC1_130015900.1-p1	548
CbWHA1_5749.1.p1	CFAC1_130015800.1-p1	530
CbWHA1_575.1.p1	CFAC1_030012400.1-p1	4908
CbWHA1_5752.1.p1	CFAC1_130015400.1-p1	234
CbWHA1_5753.1.p1	CFAC1_130015100.1-p1	334
CbWHA1_5754.1.p1	CFAC1_130014800.1-p1	748
CbWHA1_5756.1.p1	CFAC1_130014600.1-p1	1149
CbWHA1_5757.1.p1	CFAC1_130014500.1-p1	221
CbWHA1_5758.1.p1	CFAC1_130014200.1-p1	1247
CbWHA1_5759.1.p1	CFAC1_130014100.1-p1	939
CbWHA1_576.1.p1	CFAC1_030012300.1-p1	619
CbWHA1_5761.1.p1	CFAC1_130013900.1-p1	519
CbWHA1_5764.1.p1	CFAC1_130013200.1-p1	360
CbWHA1_5765.1.p1	CFAC1_240016700.1-p1	112
CbWHA1_5766.1.p1	CFAC1_130013300.1-p1	378
CbWHA1_5767.1.p1	CFAC1_130013100.1-p1	781
CbWHA1_5768.1.p1	CFAC1_130013000.1-p1	448
CbWHA1_5769.1.p1	CFAC1_130012900.1-p1	540
CbWHA1_577.1.p1	CFAC1_030012200.1-p1	273
CbWHA1_5770.1.p1	CFAC1_130012800.1-p1	427
CbWHA1_5771.1.p1	CFAC1_130012700.1-p1	2062
CbWHA1_5773.1.p1	CFAC1_130012200.1-p1	901
CbWHA1_5774.1.p1	CFAC1_130012100.1-p1	1523
CbWHA1_5775.1.p1	CFAC1_130012000.1-p1	1335
CbWHA1_5776.1.p1	CFAC1_130011900.1-p1	3607
CbWHA1_5777.1.p1	CFAC1_130011800.1-p1	584
CbWHA1_5778.1.p1	CFAC1_130011600.1-p1	892
CbWHA1_5779.1.p1	CFAC1_130011400.1-p1	855
CbWHA1_578.1.p1	CFAC1_030012100.1-p1	226
CbWHA1_5780.1.p1	CFAC1_130011300.1-p1	841
CbWHA1_5781.1.p1	CFAC1_080022400.1-p1	157
CbWHA1_579.1.p1	CFAC1_030011900.1-p1	213
CbWHA1_5793.1.p1	CFAC1_260013700.1-p1	1191
CbWHA1_5794.1.p1	CFAC1_260013600.1-p1	772
CbWHA1_5795.1.p1	CFAC1_260013500.1-p1	241
CbWHA1_5796.1.p1	CFAC1_260013400.1-p1	746
CbWHA1_5797.1.p1	CFAC1_260013200.1-p1	576
CbWHA1_5798.1.p1	CFAC1_260013100.1-p1	567
CbWHA1_5799.1.p1	CFAC1_260013000.1-p1	960
CbWHA1_58.1.p1	CFAC1_160023200.1-p1	222
CbWHA1_580.1.p1	CFAC1_030011800.1-p1	316
CbWHA1_5800.1.p1	CFAC1_260012900.1-p1	684
CbWHA1_5801.1.p1	CFAC1_260012800.1-p1	713
CbWHA1_5802.1.p1	CFAC1_260012700.1-p1	799
CbWHA1_5803.1.p1	CFAC1_260012500.1-p1	176
CbWHA1_5804.1.p1	CFAC1_260012300.1-p1	237
CbWHA1_5806.1.p1	CFAC1_260010300.1-p1	888
CbWHA1_5807.1.p1	CFAC1_260010200.1-p1	1169
CbWHA1_5808.1.p1	CFAC1_260010000.1-p1	538
CbWHA1_581.1.p1	CFAC1_030012000.1-p1	156
CbWHA1_5810.1.p1	CFAC1_260011900.1-p1	1091
CbWHA1_5812.1.p1	CFAC1_260011600.1-p1	376
CbWHA1_5813.1.p1	CFAC1_260011500.1-p1	431
CbWHA1_5814.1.p1	CFAC1_260011400.1-p1	261
CbWHA1_5815.1.p1	CFAC1_260011200.1-p1	290
CbWHA1_5816.1.p1	CFAC1_260011100.1-p1	696
CbWHA1_5817.1.p1	CFAC1_260011000.1-p1	247
CbWHA1_5819.1.p1	CFAC1_260010600.1-p1	206
CbWHA1_582.1.p1	CFAC1_030011600.1-p1	142
CbWHA1_5820.1.p1	CFAC1_260010500.1-p1	522
CbWHA1_5821.1.p1	CFAC1_260010400.1-p1	306
CbWHA1_5823.1.p1	CFAC1_260009800.1-p1	564
CbWHA1_5824.1.p1	CFAC1_260009700.1-p1	55.1
CbWHA1_5825.1.p1	CFAC1_260009600.1-p1	213
CbWHA1_5826.1.p1	CFAC1_260009500.1-p1	835
CbWHA1_5827.1.p1	CFAC1_260008500.1-p1	839
CbWHA1_5828.1.p1	CFAC1_260009400.1-p1	1181
CbWHA1_5829.1.p1	CFAC1_260009300.1-p1	178
CbWHA1_583.1.p1	CFAC1_030011900.1-p1	140
CbWHA1_5830.1.p1	CFAC1_260009100.1-p1	241
CbWHA1_5831.1.p1	CFAC1_260009000.1-p1	1124
CbWHA1_5832.1.p1	CFAC1_260008900.1-p1	684
CbWHA1_5833.1.p1	CFAC1_230019700.1-p1	73.9
CbWHA1_5835.1.p1	CFAC1_260008500.1-p1	846
CbWHA1_5838.1.p1	CFAC1_260008500.1-p1	846
CbWHA1_5839.1.p1	CFAC1_260008500.1-p1	846
CbWHA1_5841.1.p1	CFAC1_260008500.1-p1	828
CbWHA1_5842.1.p1	CFAC1_260008300.1-p1	519
CbWHA1_5844.1.p1	CFAC1_260008100.1-p1	446
CbWHA1_5845.1.p1	CFAC1_260008000.1-p1	1290
CbWHA1_5847.1.p1	CFAC1_260007700.1-p1	981
CbWHA1_5848.1.p1	CFAC1_260007600.1-p1	540
CbWHA1_5849.1.p1	CFAC1_260007500.1-p1	266
CbWHA1_5850.1.p1	CFAC1_260007400.1-p1	923
CbWHA1_5852.1.p1	CFAC1_260007100.1-p1	1843
CbWHA1_5854.1.p1	CFAC1_260006900.1-p1	258
CbWHA1_5855.1.p1	CFAC1_260006700.1-p1	768
CbWHA1_5857.1.p1	CFAC1_260006600.1-p1	293
CbWHA1_5858.1.p1	CFAC1_260006500.1-p1	648
CbWHA1_5859.1.p1	CFAC1_260006300.1-p1	360
CbWHA1_586.1.p1	CFAC1_030011200.1-p1	663
CbWHA1_5860.1.p1	CFAC1_260006200.1-p1	379
CbWHA1_5861.1.p1	CFAC1_260006100.1-p1	260
CbWHA1_5863.1.p1	CFAC1_260005800.1-p1	502
CbWHA1_5866.1.p1	CFAC1_070005000.1-p1	768
CbWHA1_5867.1.p1	CFAC1_070005100.1-p1	471
CbWHA1_5868.1.p1	CFAC1_070005200.1-p1	217
CbWHA1_5869.1.p1	CFAC1_070005300.1-p1	1028
CbWHA1_587.1.p1	CFAC1_030011100.1-p1	298
CbWHA1_5870.1.p1	CFAC1_070005500.1-p1	1548
CbWHA1_5871.1.p1	CFAC1_070005700.1-p1	958
CbWHA1_5872.1.p1	CFAC1_070005800.1-p1	283
CbWHA1_5873.1.p1	CFAC1_070005870.1-p1	1021
CbWHA1_5874.1.p1	CFAC1_070006200.1-p1	344
CbWHA1_5875.1.p1	CFAC1_070006300.1-p1	397
CbWHA1_5876.1.p1	CFAC1_070006400.1-p1	613
CbWHA1_5877.1.p1	CFAC1_070006500.1-p1	596
CbWHA1_5878.1.p1	CFAC1_070006600.1-p1	1280
CbWHA1_5879.1.p1	CFAC1_070006700.1-p1	357
CbWHA1_5880.1.p1	CFAC1_070006800.1-p1	835
CbWHA1_5881.1.p1	CFAC1_070006900.1-p1	433
CbWHA1_5882.1.p1	CFAC1_070007000.1-p1	993
CbWHA1_5883.1.p1	CFAC1_070007200.1-p1	61.2
CbWHA1_5884.1.p1	CFAC1_070007300.1-p1	918
CbWHA1_5885.1.p1	CFAC1_070007400.1-p1	585
CbWHA1_5886.1.p1	CFAC1_070007500.1-p1	447
CbWHA1_5887.1.p1	CFAC1_070007600.1-p1	1334
CbWHA1_5889.1.p1	CFAC1_070007700.1-p1	335
CbWHA1_5890.1.p1	CFAC1_070007800.1-p1	342
CbWHA1_5891.1.p1	CFAC1_070007900.1-p1	550
CbWHA1_5894.1.p1	CFAC1_070008100.1-p1	632
CbWHA1_5896.1.p1	CFAC1_070008600.1-p1	441
CbWHA1_5897.1.p1	CFAC1_070008900.1-p1	3647
CbWHA1_590.1.p1	CFAC1_030010200.1-p1	1153
CbWHA1_5902.1.p1	CFAC1_080022400.1-p1	157
CbWHA1_5903.1.p1	CFAC1_130011400.1-p1	855
CbWHA1_5904.1.p1	CFAC1_130011600.1-p1	892
CbWHA1_5905.1.p1	CFAC1_130011900.1-p1	3649
CbWHA1_5907.1.p1	CFAC1_130012100.1-p1	1523
CbWHA1_5908.1.p1	CFAC1_130012200.1-p1	901
CbWHA1_591.1.p1	CFAC1_030009800.1-p1	496
CbWHA1_5911.1.p1	CFAC1_130012700.1-p1	1950
CbWHA1_5912.1.p1	CFAC1_130012800.1-p1	427
CbWHA1_5913.1.p1	CFAC1_130012900.1-p1	540
CbWHA1_5914.1.p1	CFAC1_130013000.1-p1	448
CbWHA1_5915.1.p1	CFAC1_130013100.1-p1	781
CbWHA1_5917.1.p1	CFAC1_130013200.1-p1	360
CbWHA1_5918.1.p1	CFAC1_130013300.1-p1	378
CbWHA1_592.1.p1	CFAC1_030009700.1-p1	883
CbWHA1_5920.1.p1	CFAC1_240016700.1-p1	112
CbWHA1_5922.1.p1	CFAC1_130013900.1-p1	519
CbWHA1_5924.1.p1	CFAC1_130014100.1-p1	942
CbWHA1_5925.1.p1	CFAC1_130014200.1-p1	1247
CbWHA1_5926.1.p1	CFAC1_130014300.1-p1	982
CbWHA1_5927.1.p1	CFAC1_130014700.1-p1	767
CbWHA1_5928.1.p1	CFAC1_130014800.1-p1	748
CbWHA1_5929.1.p1	CFAC1_130015100.1-p1	334
CbWHA1_593.1.p1	CFAC1_030009600.1-p1	2505
CbWHA1_5930.1.p1	CFAC1_130015200.1-p1	393
CbWHA1_5931.1.p1	CFAC1_130015700.1-p1	503
CbWHA1_5932.1.p1	CFAC1_130015900.1-p1	552
CbWHA1_5933.1.p1	CFAC1_130015400.1-p1	234
CbWHA1_5934.1.p1	CFAC1_130016000.1-p1	537
CbWHA1_5935.1.p1	CFAC1_130016100.1-p1	3308
CbWHA1_5936.1.p1	CFAC1_130016200.1-p1	246
CbWHA1_5938.1.p1	CFAC1_280017300.1-p1	208
CbWHA1_5939.1.p1	CFAC1_130016800.1-p1	425
CbWHA1_594.1.p1	CFAC1_030009500.1-p1	786
CbWHA1_5940.1.p1	CFAC1_130016900.1-p1	402
CbWHA1_5941.1.p1	CFAC1_130017000.1-p1	2417
CbWHA1_5943.1.p1	CFAC1_130017500.1-p1	992
CbWHA1_5948.1.p1	CFAC1_130017400.1-p1	593
CbWHA1_5949.1.p1	CFAC1_130017900.1-p1	538
CbWHA1_595.1.p1	CFAC1_030009400.1-p1	144
CbWHA1_5951.1.p1	CFAC1_130018200.1-p1	590
CbWHA1_5952.1.p1	CFAC1_130018800.1-p1	261
CbWHA1_5953.1.p1	CFAC1_130018800.1-p1	486
CbWHA1_5954.1.p1	CFAC1_130018300.1-p1	384
CbWHA1_5955.1.p1	CFAC1_130018500.1-p1	785
CbWHA1_5956.1.p1	CFAC1_130018700.1-p1	410
CbWHA1_5957.1.p1	CFAC1_130019500.1-p1	107
CbWHA1_5959.1.p1	CFAC1_130019800.1-p1	865
CbWHA1_596.1.p1	CFAC1_030009300.1-p1	786
CbWHA1_5961.1.p1	CFAC1_130019900.1-p1	726
CbWHA1_5963.1.p1	CFAC1_130020100.1-p1	442
CbWHA1_5964.1.p1	CFAC1_130020200.1-p1	922
CbWHA1_5967.1.p1	CFAC1_130020700.1-p1	467
CbWHA1_597.1.p1	CFAC1_030009200.1-p1	454
CbWHA1_5970.1.p1	CFAC1_130021000.1-p1	303
CbWHA1_5971.1.p1	CFAC1_130021100.1-p1	402
CbWHA1_5972.1.p1	CFAC1_130021300.1-p1	70.5
CbWHA1_5973.1.p1	CFAC1_130021400.1-p1	668
CbWHA1_5977.1.p1	CFAC1_130021500.1-p1	631
CbWHA1_5978.1.p1	CFAC1_130021600.1-p1	178
CbWHA1_5979.1.p1	CFAC1_130021700.1-p1	1678
CbWHA1_598.1.p1	CFAC1_030009100.1-p1	188
CbWHA1_5983.1.p1	CFAC1_130022200.1-p1	819
CbWHA1_5984.1.p1	CFAC1_130022300.1-p1	437
CbWHA1_5985.1.p1	CFAC1_130022400.1-p1	508
CbWHA1_5986.1.p1	CFAC1_130022500.1-p1	253
CbWHA1_5987.1.p1	CFAC1_130022600.1-p1	382
CbWHA1_5988.1.p1	CFAC1_130022700.1-p1	840
CbWHA1_599.1.p1	CFAC1_030009000.1-p1	99.8
CbWHA1_5990.1.p1	CFAC1_130022900.1-p1	1277
CbWHA1_5991.1.p1	CFAC1_130023000.1-p1	134
CbWHA1_5992.1.p1	CFAC1_130023100.1-p1	479
CbWHA1_5993.1.p1	CFAC1_130023200.1-p1	525
CbWHA1_5994.1.p1	CFAC1_130023300.1-p1	88.2
CbWHA1_5995.1.p1	CFAC1_130023700.1-p1	128
CbWHA1_5996.1.p1	CFAC1_130023400.1-p1	994
CbWHA1_5998.1.p1	CFAC1_130023800.1-p1	818
CbWHA1_5999.1.p1	CFAC1_130023900.1-p1	488
CbWHA1_6.1.p1	CFAC1_160031100.1-p1	399
CbWHA1_60.1.p1	CFAC1_160022700.1-p1	1164
CbWHA1_6002.1.p1	CFAC1_130024200.1-p1	626
CbWHA1_6003.1.p1	CFAC1_130024300.1-p1	814
CbWHA1_6005.1.p1	CFAC1_130024500.1-p1	1445
CbWHA1_6006.1.p1	CFAC1_130025000.1-p1	478
CbWHA1_6007.1.p1	CFAC1_130024600.1-p1	412
CbWHA1_6009.1.p1	CFAC1_130024800.1-p1	909
CbWHA1_601.1.p1	CFAC1_030008700.1-p1	387
CbWHA1_6011.1.p1	CFAC1_130025100.1-p1	95.1
CbWHA1_6013.1.p1	CFAC1_130025300.1-p1	1487
CbWHA1_6014.1.p1	CFAC1_130025400.1-p1	904
CbWHA1_6016.1.p1	CFAC1_130026000.1-p1	620
CbWHA1_6017.1.p1	CFAC1_130025600.1-p1	825
CbWHA1_6018.1.p1	CFAC1_130026100.1-p1	326
CbWHA1_6019.1.p1	CFAC1_130026300.1-p1	762
CbWHA1_6020.1.p1	CFAC1_130026400.1-p1	520
CbWHA1_6022.1.p1	CFAC1_130026800.1-p1	294
CbWHA1_6023.1.p1	CFAC1_130026600.1-p1	121
CbWHA1_6026.1.p1	CFAC1_130026900.1-p1	445
CbWHA1_6027.1.p1	CFAC1_130027100.1-p1	245
CbWHA1_6028.1.p1	CFAC1_130027300.1-p1	164
CbWHA1_6029.1.p1	CFAC1_130027400.1-p1	497
CbWHA1_6030.1.p1	CFAC1_130027600.1-p1	847
CbWHA1_6031.1.p1	CFAC1_130028100.1-p1	688
CbWHA1_6032.1.p1	CFAC1_130027700.1-p1	565
CbWHA1_6034.1.p1	CFAC1_130027900.1-p1	301
CbWHA1_6037.1.p1	CFAC1_130028300.1-p1	466
CbWHA1_6038.1.p1	CFAC1_130028400.1-p1	336
CbWHA1_6039.1.p1	CFAC1_130029200.1-p1	714
CbWHA1_6041.1.p1	CFAC1_130028500.1-p1	612
CbWHA1_6044.1.p1	CFAC1_120006500.1-p1	287
CbWHA1_6045.1.p1	CFAC1_120006600.1-p1	743
CbWHA1_6046.1.p1	CFAC1_120006700.1-p1	299
CbWHA1_6047.1.p1	CFAC1_120006900.1-p1	579
CbWHA1_6048.1.p1	CFAC1_120007000.1-p1	1002
CbWHA1_6049.1.p1	CFAC1_120007100.1-p1	1343
CbWHA1_6051.1.p1	CFAC1_120007300.1-p1	1105
CbWHA1_6053.1.p1	CFAC1_120007400.1-p1	294
CbWHA1_6054.1.p1	CFAC1_120007500.1-p1	1005
CbWHA1_6055.1.p1	CFAC1_120007600.1-p1	1422
CbWHA1_6057.1.p1	CFAC1_120008000.1-p1	282
CbWHA1_6058.1.p1	CFAC1_120008100.1-p1	172
CbWHA1_606.1.p1	CFAC1_030008300.1-p1	161
CbWHA1_6062.1.p1	CFAC1_120008400.1-p1	202
CbWHA1_6063.1.p1	CFAC1_120008600.1-p1	491
CbWHA1_6064.1.p1	CFAC1_120008700.1-p1	417
CbWHA1_6066.1.p1	CFAC1_120009000.1-p1	1034
CbWHA1_6068.1.p1	CFAC1_120009300.1-p1	857
CbWHA1_6069.1.p1	CFAC1_120009400.1-p1	296
CbWHA1_6070.1.p1	CFAC1_120009600.1-p1	4563
CbWHA1_6073.1.p1	CFAC1_120010100.1-p1	606
CbWHA1_6075.1.p1	CFAC1_120010300.1-p1	842
CbWHA1_6077.1.p1	CFAC1_120010500.1-p1	360
CbWHA1_6078.1.p1	CFAC1_120010600.1-p1	497
CbWHA1_6079.1.p1	CFAC1_120010700.1-p1	479
CbWHA1_6080.1.p1	CFAC1_120010800.1-p1	207
CbWHA1_6081.1.p1	CFAC1_120011100.1-p1	1868
CbWHA1_6082.1.p1	CFAC1_120011200.1-p1	378
CbWHA1_6083.1.p1	CFAC1_120011300.1-p1	303
CbWHA1_6086.1.p1	CFAC1_120012500.1-p1	138
CbWHA1_6087.1.p1	CFAC1_120012600.1-p1	243
CbWHA1_6088.1.p1	CFAC1_120012700.1-p1	267
CbWHA1_6089.1.p1	CFAC1_120012800.1-p1	740
CbWHA1_6090.1.p1	CFAC1_120012900.1-p1	547
CbWHA1_6091.1.p1	CFAC1_120013000.1-p1	558
CbWHA1_6092.1.p1	CFAC1_120013200.1-p1	862
CbWHA1_6093.1.p1	CFAC1_120013300.1-p1	889
CbWHA1_6094.1.p1	CFAC1_120013300.1-p1	815
CbWHA1_6095.1.p1	CFAC1_120013600.1-p1	429
CbWHA1_6096.1.p1	CFAC1_120014200.1-p1	334
CbWHA1_6097.1.p1	CFAC1_120013900.1-p1	3426
CbWHA1_6098.1.p1	CFAC1_040016800.1-p1	235
CbWHA1_6099.1.p1	CFAC1_120014100.1-p1	181
CbWHA1_61.1.p1	CFAC1_160022600.1-p1	1166
CbWHA1_6102.1.p1	CFAC1_120014500.1-p1	89.0
CbWHA1_6104.1.p1	CFAC1_120014900.1-p1	891
CbWHA1_6105.1.p1	CFAC1_120015000.1-p1	342
CbWHA1_6106.1.p1	CFAC1_120015100.1-p1	160
CbWHA1_6107.1.p1	CFAC1_120015200.1-p1	313
CbWHA1_6108.1.p1	CFAC1_120015300.1-p1	1979
CbWHA1_6109.1.p1	CFAC1_120015400.1-p1	420
CbWHA1_6110.1.p1	CFAC1_120015500.1-p1	612
CbWHA1_6114.1.p1	CFAC1_120016000.1-p1	545
CbWHA1_6115.1.p1	CFAC1_120016100.1-p1	963
CbWHA1_6117.1.p1	CFAC1_120016400.1-p1	384
CbWHA1_6118.1.p1	CFAC1_120016500.1-p1	899
CbWHA1_6119.1.p1	CFAC1_120016600.1-p1	551
CbWHA1_6120.1.p1	CFAC1_120016700.1-p1	246
CbWHA1_6121.1.p1	CFAC1_120016800.1-p1	1030
CbWHA1_6122.1.p1	CFAC1_120016900.1-p1	961
CbWHA1_6124.1.p1	CFAC1_120017100.1-p1	2196
CbWHA1_6127.1.p1	CFAC1_120017600.1-p1	234
CbWHA1_6128.1.p1	CFAC1_120017800.1-p1	808
CbWHA1_6129.1.p1	CFAC1_120017900.1-p1	1063
CbWHA1_6130.1.p1	CFAC1_120018000.1-p1	1868
CbWHA1_6131.1.p1	CFAC1_120018100.1-p1	1055
CbWHA1_6132.1.p1	CFAC1_120018200.1-p1	777
CbWHA1_6133.1.p1	CFAC1_120018400.1-p1	813
CbWHA1_6134.1.p1	CFAC1_120018500.1-p1	1146
CbWHA1_6135.1.p1	CFAC1_120018600.1-p1	1072
CbWHA1_6136.1.p1	CFAC1_120018800.1-p1	1191
CbWHA1_6137.1.p1	CFAC1_120018900.1-p1	1369
CbWHA1_6138.1.p1	CFAC1_120019000.1-p1	1249
CbWHA1_6140.1.p1	CFAC1_120019300.1-p1	130
CbWHA1_6141.1.p1	CFAC1_120019400.1-p1	328
CbWHA1_6142.1.p1	CFAC1_120019500.1-p1	221
CbWHA1_6143.1.p1	CFAC1_120019600.1-p1	291
CbWHA1_6144.1.p1	CFAC1_120019700.1-p1	497
CbWHA1_6145.1.p1	CFAC1_120020000.1-p1	197
CbWHA1_6147.1.p1	CFAC1_120020700.1-p1	251
CbWHA1_6148.1.p1	CFAC1_120020700.1-p1	251
CbWHA1_6149.1.p1	CFAC1_120020800.1-p1	167
CbWHA1_6152.1.p1	CFAC1_120021100.1-p1	541
CbWHA1_6153.1.p1	CFAC1_120021200.1-p1	142
CbWHA1_6154.1.p1	CFAC1_120021500.1-p1	346
CbWHA1_6156.1.p1	CFAC1_120022100.1-p1	796
CbWHA1_6157.1.p1	CFAC1_120022200.1-p1	1697
CbWHA1_6158.1.p1	CFAC1_120022300.1-p1	457
CbWHA1_6159.1.p1	CFAC1_120022500.1-p1	1643
CbWHA1_6160.1.p1	CFAC1_120022600.1-p1	2655
CbWHA1_6161.1.p1	CFAC1_120022700.1-p1	1422
CbWHA1_6162.1.p1	CFAC1_120022800.1-p1	169
CbWHA1_6163.1.p1	CFAC1_120023200.1-p1	171
CbWHA1_6164.1.p1	CFAC1_120023300.1-p1	917
CbWHA1_6165.1.p1	CFAC1_120023400.1-p1	775
CbWHA1_6167.1.p1	CFAC1_120023500.1-p1	225
CbWHA1_6171.1.p1	CFAC1_120025100.1-p1	658
CbWHA1_6173.1.p1	CFAC1_120024800.1-p1	675
CbWHA1_6174.1.p1	CFAC1_120024900.1-p1	513
CbWHA1_6175.1.p1	CFAC1_120025000.1-p1	340
CbWHA1_6176.1.p1	CFAC1_120025200.1-p1	566
CbWHA1_6177.1.p1	CFAC1_120025300.1-p1	1081
CbWHA1_6178.1.p1	CFAC1_120025300.1-p1	1081
CbWHA1_6179.1.p1	CFAC1_120025300.1-p1	1082
CbWHA1_6180.1.p1	CFAC1_120025800.1-p1	1051
CbWHA1_6182.1.p1	CFAC1_110021600.1-p1	206
CbWHA1_6183.1.p1	CFAC1_110021600.1-p1	207
CbWHA1_6184.1.p1	CFAC1_120026400.1-p1	863
CbWHA1_6185.1.p1	CFAC1_120026500.1-p1	504
CbWHA1_6186.1.p1	CFAC1_120026600.1-p1	689
CbWHA1_6188.1.p1	CFAC1_120026900.1-p1	223
CbWHA1_6193.1.p1	CFAC1_120027300.1-p1	746
CbWHA1_6194.1.p1	CFAC1_120027400.1-p1	2294
CbWHA1_6195.1.p1	CFAC1_120027600.1-p1	1050
CbWHA1_6196.1.p1	CFAC1_120027700.1-p1	464
CbWHA1_6197.1.p1	CFAC1_120027800.1-p1	1063
CbWHA1_6198.1.p1	CFAC1_120027900.1-p1	271
CbWHA1_6199.1.p1	CFAC1_120028000.1-p1	869
CbWHA1_6200.1.p1	CFAC1_120028200.1-p1	360
CbWHA1_6203.1.p1	CFAC1_120028500.1-p1	1105
CbWHA1_6206.1.p1	CFAC1_270037100.1-p1	578
CbWHA1_6207.1.p1	CFAC1_030005800.1-p1	263
CbWHA1_6209.1.p1	CFAC1_010019200.1-p1	155
CbWHA1_6210.1.p1	CFAC1_100026500.1-p1	374
CbWHA1_6212.1.p1	CFAC1_100026900.1-p1	468
CbWHA1_6213.1.p1	CFAC1_100026700.1-p1	1546
CbWHA1_6214.1.p1	CFAC1_100026600.1-p1	915
CbWHA1_6215.1.p1	CFAC1_100026400.1-p1	336
CbWHA1_6216.1.p1	CFAC1_100026200.1-p1	404
CbWHA1_6218.1.p1	CFAC1_100026000.1-p1	316
CbWHA1_6219.1.p1	CFAC1_100025900.1-p1	875
CbWHA1_6220.1.p1	CFAC1_100025500.1-p1	645
CbWHA1_6222.1.p1	CFAC1_100025300.1-p1	446
CbWHA1_6224.1.p1	CFAC1_100025100.1-p1	387
CbWHA1_6225.1.p1	CFAC1_100024900.1-p1	1926
CbWHA1_6228.1.p1	CFAC1_100024600.1-p1	358
CbWHA1_6229.1.p1	CFAC1_100024500.1-p1	826
CbWHA1_6231.1.p1	CFAC1_100023800.1-p1	891
CbWHA1_6232.1.p1	CFAC1_100023600.1-p1	335
CbWHA1_6234.1.p1	CFAC1_100023400.1-p1	369
CbWHA1_6235.1.p1	CFAC1_100022600.1-p1	273
CbWHA1_6237.1.p1	CFAC1_100023200.1-p1	558
CbWHA1_6240.1.p1	CFAC1_100022800.1-p1	1082
CbWHA1_6241.1.p1	CFAC1_100022700.1-p1	445
CbWHA1_6242.1.p1	CFAC1_100022400.1-p1	207
CbWHA1_6243.1.p1	CFAC1_100022300.1-p1	971
CbWHA1_6244.1.p1	CFAC1_100022200.1-p1	541
CbWHA1_6245.1.p1	CFAC1_100022100.1-p1	394
CbWHA1_6246.1.p1	CFAC1_100021900.1-p1	426
CbWHA1_6247.1.p1	CFAC1_100021800.1-p1	394
CbWHA1_6250.1.p1	CFAC1_100021400.1-p1	296
CbWHA1_6251.1.p1	CFAC1_100021300.1-p1	285
CbWHA1_6252.1.p1	CFAC1_100021200.1-p1	605
CbWHA1_6253.1.p1	CFAC1_100021100.1-p1	792
CbWHA1_6254.1.p1	CFAC1_100021000.1-p1	628
CbWHA1_6255.1.p1	CFAC1_100020800.1-p1	262
CbWHA1_6256.1.p1	CFAC1_100020700.1-p1	1331
CbWHA1_6257.1.p1	CFAC1_100020600.1-p1	983
CbWHA1_6258.1.p1	CFAC1_100020500.1-p1	493
CbWHA1_6259.1.p1	CFAC1_100020400.1-p1	3049
CbWHA1_6260.1.p1	CFAC1_100020300.1-p1	185
CbWHA1_6261.1.p1	CFAC1_100020000.1-p1	866
CbWHA1_6263.1.p1	CFAC1_100019800.1-p1	674
CbWHA1_6264.1.p1	CFAC1_100019700.1-p1	441
CbWHA1_6265.1.p1	CFAC1_100019500.1-p1	1154
CbWHA1_6266.1.p1	CFAC1_100019400.1-p1	508
CbWHA1_6267.1.p1	CFAC1_100019300.1-p1	169
CbWHA1_6268.1.p1	CFAC1_100019200.1-p1	189
CbWHA1_627.1.p1	CFAC1_030007800.1-p1	306
CbWHA1_6270.1.p1	CFAC1_100019000.1-p1	117
CbWHA1_6271.1.p1	CFAC1_100018900.1-p1	753
CbWHA1_6272.1.p1	CFAC1_100018800.1-p1	1301
CbWHA1_6274.1.p1	CFAC1_100018600.1-p1	1075
CbWHA1_6275.1.p1	CFAC1_100018500.1-p1	1890
CbWHA1_6276.1.p1	CFAC1_100018300.1-p1	281
CbWHA1_6277.1.p1	CFAC1_100018200.1-p1	430
CbWHA1_6278.1.p1	CFAC1_100018100.1-p1	615
CbWHA1_6279.1.p1	CFAC1_100018000.1-p1	403
CbWHA1_628.1.p1	CFAC1_030008100.1-p1	424
CbWHA1_6280.1.p1	CFAC1_100017900.1-p1	563
CbWHA1_6282.1.p1	CFAC1_100017600.1-p1	189
CbWHA1_6289.1.p1	CFAC1_200016000.1-p1	364
CbWHA1_629.1.p1	CFAC1_030008100.1-p1	424
CbWHA1_6290.1.p1	CFAC1_200016100.1-p1	1903
CbWHA1_6291.1.p1	CFAC1_200015300.1-p1	706
CbWHA1_6292.1.p1	CFAC1_200015400.1-p1	394
CbWHA1_6293.1.p1	CFAC1_200015600.1-p1	804
CbWHA1_6294.1.p1	CFAC1_200015700.1-p1	904
CbWHA1_6295.1.p1	CFAC1_200015900.1-p1	754
CbWHA1_6296.1.p1	CFAC1_200016300.1-p1	724
CbWHA1_6297.1.p1	CFAC1_200016400.1-p1	707
CbWHA1_6298.1.p1	CFAC1_200016700.1-p1	474
CbWHA1_6299.1.p1	CFAC1_200016700.1-p1	607
CbWHA1_63.1.p1	CFAC1_160022100.1-p1	1258
CbWHA1_630.1.p1	CFAC1_030008100.1-p1	424
CbWHA1_6300.1.p1	CFAC1_200016800.1-p1	683
CbWHA1_6301.1.p1	CFAC1_200016900.1-p1	211
CbWHA1_6302.1.p1	CFAC1_200017000.1-p1	1971
CbWHA1_6303.1.p1	CFAC1_200017100.1-p1	426
CbWHA1_6304.1.p1	CFAC1_200017200.1-p1	630
CbWHA1_6306.1.p1	CFAC1_200017300.1-p1	681
CbWHA1_6307.1.p1	CFAC1_200017300.1-p1	681
CbWHA1_631.1.p1	CFAC1_030008100.1-p1	63.5
CbWHA1_6311.1.p1	CFAC1_200017600.1-p1	601
CbWHA1_6312.1.p1	CFAC1_200017800.1-p1	641
CbWHA1_6313.1.p1	CFAC1_200017900.1-p1	280
CbWHA1_6314.1.p1	CFAC1_200018000.1-p1	391
CbWHA1_6315.1.p1	CFAC1_200018100.1-p1	277
CbWHA1_6316.1.p1	CFAC1_200018700.1-p1	1464
CbWHA1_6317.1.p1	CFAC1_200018400.1-p1	263
CbWHA1_6318.1.p1	CFAC1_200018400.1-p1	273
CbWHA1_6319.1.p1	CFAC1_200018800.1-p1	556
CbWHA1_632.1.p1	CFAC1_030008100.1-p1	423
CbWHA1_6320.1.p1	CFAC1_200018900.1-p1	399
CbWHA1_6321.1.p1	CFAC1_200019000.1-p1	353
CbWHA1_6322.1.p1	CFAC1_200019100.1-p1	414
CbWHA1_6323.1.p1	CFAC1_200019200.1-p1	1360
CbWHA1_6324.1.p1	CFAC1_200019300.1-p1	1187
CbWHA1_6325.1.p1	CFAC1_200019400.1-p1	276
CbWHA1_6326.1.p1	CFAC1_200019500.1-p1	1540
CbWHA1_6328.1.p1	CFAC1_200019600.1-p1	1556
CbWHA1_6329.1.p1	CFAC1_200020000.1-p1	1053
CbWHA1_6330.1.p1	CFAC1_200020100.1-p1	533
CbWHA1_6331.1.p1	CFAC1_200020200.1-p1	412
CbWHA1_6332.1.p1	CFAC1_200020300.1-p1	578
CbWHA1_6333.1.p1	CFAC1_200020400.1-p1	447
CbWHA1_6335.1.p1	CFAC1_200020500.1-p1	386
CbWHA1_6337.1.p1	CFAC1_200020600.1-p1	746
CbWHA1_6338.1.p1	CFAC1_200020700.1-p1	488
CbWHA1_6339.1.p1	CFAC1_200020800.1-p1	442
CbWHA1_634.1.p1	CFAC1_030007800.1-p1	306
CbWHA1_6340.1.p1	CFAC1_200020900.1-p1	286
CbWHA1_6341.1.p1	CFAC1_200021500.1-p1	1270
CbWHA1_6344.1.p1	CFAC1_200021200.1-p1	310
CbWHA1_6345.1.p1	CFAC1_200021300.1-p1	3596
CbWHA1_6347.1.p1	CFAC1_200021600.1-p1	811
CbWHA1_6349.1.p1	CFAC1_200021800.1-p1	1378
CbWHA1_635.1.p1	CFAC1_030007800.1-p1	306
CbWHA1_6350.1.p1	CFAC1_200022000.1-p1	1066
CbWHA1_6351.1.p1	CFAC1_200022100.1-p1	890
CbWHA1_6352.1.p1	CFAC1_200022200.1-p1	801
CbWHA1_6353.1.p1	CFAC1_200022500.1-p1	681
CbWHA1_6354.1.p1	CFAC1_200022800.1-p1	704
CbWHA1_6355.1.p1	CFAC1_200022800.1-p1	713
CbWHA1_6356.1.p1	CFAC1_200022900.1-p1	447
CbWHA1_6357.1.p1	CFAC1_200023000.1-p1	385
CbWHA1_6358.1.p1	CFAC1_200023100.1-p1	141
CbWHA1_6359.1.p1	CFAC1_200023300.1-p1	958
CbWHA1_6360.1.p1	CFAC1_200023400.1-p1	257
CbWHA1_6362.1.p1	CFAC1_200023600.1-p1	1392
CbWHA1_6363.1.p1	CFAC1_200023700.1-p1	1237
CbWHA1_6364.1.p1	CFAC1_200023800.1-p1	626
CbWHA1_6365.1.p1	CFAC1_200024000.1-p1	334
CbWHA1_6366.1.p1	CFAC1_200024100.1-p1	303
CbWHA1_6367.1.p1	CFAC1_200024200.1-p1	571
CbWHA1_6368.1.p1	CFAC1_200024300.1-p1	648
CbWHA1_6369.1.p1	CFAC1_200024400.1-p1	1008
CbWHA1_637.1.p1	CFAC1_030007600.1-p1	321
CbWHA1_6370.1.p1	CFAC1_200024500.1-p1	1117
CbWHA1_6373.1.p1	CFAC1_200024800.1-p1	735
CbWHA1_6374.1.p1	CFAC1_200025100.1-p1	712
CbWHA1_6375.1.p1	CFAC1_200025200.1-p1	1100
CbWHA1_6377.1.p1	CFAC1_200025500.1-p1	796
CbWHA1_638.1.p1	CFAC1_030007600.1-p1	321
CbWHA1_6381.1.p1	CFAC1_200026000.1-p1	333
CbWHA1_6382.1.p1	CFAC1_200026100.1-p1	357
CbWHA1_6384.1.p1	CFAC1_200026900.1-p1	876
CbWHA1_6385.1.p1	CFAC1_200026400.1-p1	692
CbWHA1_6386.1.p1	CFAC1_200026500.1-p1	442
CbWHA1_6387.1.p1	CFAC1_200026600.1-p1	555
CbWHA1_6388.1.p1	CFAC1_200026800.1-p1	119
CbWHA1_6389.1.p1	CFAC1_200027000.1-p1	197
CbWHA1_639.1.p1	CFAC1_030007600.1-p1	321
CbWHA1_6391.1.p1	CFAC1_200027100.1-p1	589
CbWHA1_6392.1.p1	CFAC1_200027200.1-p1	848
CbWHA1_6393.1.p1	CFAC1_200027300.1-p1	1116
CbWHA1_6395.1.p1	CFAC1_200027400.1-p1	1723
CbWHA1_6398.1.p1	CFAC1_200027600.1-p1	191
CbWHA1_6399.1.p1	CFAC1_200027700.1-p1	570
CbWHA1_64.1.p1	CFAC1_160022000.1-p1	162
CbWHA1_640.1.p1	CFAC1_030007600.1-p1	321
CbWHA1_6400.1.p1	CFAC1_200027800.1-p1	973
CbWHA1_6401.1.p1	CFAC1_200027900.1-p1	1182
CbWHA1_6403.1.p1	CFAC1_200028200.1-p1	243
CbWHA1_6404.1.p1	CFAC1_200028400.1-p1	182
CbWHA1_6405.1.p1	CFAC1_200028500.1-p1	782
CbWHA1_6406.1.p1	CFAC1_200028600.1-p1	2194
CbWHA1_6407.1.p1	CFAC1_200028700.1-p1	857
CbWHA1_641.1.p1	CFAC1_030007600.1-p1	321
CbWHA1_6410.1.p1	CFAC1_200029100.1-p1	422
CbWHA1_6411.1.p1	CFAC1_200029200.1-p1	749
CbWHA1_6413.1.p1	CFAC1_200029400.1-p1	719
CbWHA1_6414.1.p1	CFAC1_200029600.1-p1	375
CbWHA1_6415.1.p1	CFAC1_200029700.1-p1	2607
CbWHA1_6417.1.p1	CFAC1_200029800.1-p1	108
CbWHA1_6419.1.p1	CFAC1_200030000.1-p1	528
CbWHA1_642.1.p1	CFAC1_030007600.1-p1	321
CbWHA1_6420.1.p1	CFAC1_200030200.1-p1	539
CbWHA1_6421.1.p1	CFAC1_200030300.1-p1	1508
CbWHA1_6424.1.p1	CFAC1_200030400.1-p1	558
CbWHA1_6425.1.p1	CFAC1_200030500.1-p1	593
CbWHA1_6428.1.p1	CFAC1_200031000.1-p1	1176
CbWHA1_6429.1.p1	CFAC1_200031100.1-p1	427
CbWHA1_643.1.p1	CFAC1_030007400.1-p1	262
CbWHA1_6430.1.p1	CFAC1_200031200.1-p1	707
CbWHA1_6431.1.p1	CFAC1_200031300.1-p1	479
CbWHA1_6433.1.p1	CFAC1_200031600.1-p1	822
CbWHA1_6434.1.p1	CFAC1_200031900.1-p1	410
CbWHA1_6435.1.p1	CFAC1_200032100.1-p1	525
CbWHA1_6436.1.p1	CFAC1_200032100.1-p1	334
CbWHA1_6437.1.p1	CFAC1_200032200.1-p1	1139
CbWHA1_6438.1.p1	CFAC1_200032300.1-p1	246
CbWHA1_6439.1.p1	CFAC1_200032400.1-p1	403
CbWHA1_6440.1.p1	CFAC1_200032600.1-p1	400
CbWHA1_6442.1.p1	CFAC1_200032900.1-p1	917
CbWHA1_6444.1.p1	CFAC1_200033100.1-p1	557
CbWHA1_6446.1.p1	CFAC1_200033300.1-p1	1037
CbWHA1_6447.1.p1	CFAC1_200033400.1-p1	1325
CbWHA1_6448.1.p1	CFAC1_200033500.1-p1	531
CbWHA1_6449.1.p1	CFAC1_200033800.1-p1	533
CbWHA1_645.1.p1	CFAC1_030007100.1-p1	306
CbWHA1_6451.1.p1	CFAC1_200034000.1-p1	533
CbWHA1_6453.1.p1	CFAC1_200034500.1-p1	1390
CbWHA1_6454.1.p1	CFAC1_200034200.1-p1	1269
CbWHA1_6455.1.p1	CFAC1_200034300.1-p1	560
CbWHA1_6456.1.p1	CFAC1_200034400.1-p1	1647
CbWHA1_6457.1.p1	CFAC1_200034700.1-p1	810
CbWHA1_6458.1.p1	CFAC1_200034800.1-p1	261
CbWHA1_6459.1.p1	CFAC1_200034900.1-p1	1050
CbWHA1_646.1.p1	CFAC1_030007000.1-p1	475
CbWHA1_6460.1.p1	CFAC1_200035000.1-p1	354
CbWHA1_6461.1.p1	CFAC1_200035100.1-p1	510
CbWHA1_6463.1.p1	CFAC1_200035200.1-p1	597
CbWHA1_6464.1.p1	CFAC1_200035300.1-p1	539
CbWHA1_6465.1.p1	CFAC1_200035500.1-p1	1058
CbWHA1_6466.1.p1	CFAC1_200035700.1-p1	508
CbWHA1_6467.1.p1	CFAC1_200036100.1-p1	298
CbWHA1_6468.1.p1	CFAC1_200035800.1-p1	358
CbWHA1_6469.1.p1	CFAC1_200036000.1-p1	709
CbWHA1_647.1.p1	CFAC1_030006900.1-p1	1345
CbWHA1_6470.1.p1	CFAC1_200036200.1-p1	336
CbWHA1_6471.1.p1	CFAC1_200036300.1-p1	281
CbWHA1_6472.1.p1	CFAC1_200036400.1-p1	119
CbWHA1_6474.1.p1	CFAC1_200036600.1-p1	491
CbWHA1_6476.1.p1	CFAC1_200036700.1-p1	400
CbWHA1_6479.1.p1	CFAC1_030005800.1-p1	268
CbWHA1_648.1.p1	CFAC1_030006500.1-p1	383
CbWHA1_6485.1.p1	CFAC1_020005800.1-p1	155
CbWHA1_6486.1.p1	CFAC1_260005700.1-p1	186
CbWHA1_6487.1.p1	CFAC1_250006700.1-p1	300
CbWHA1_6489.1.p1	CFAC1_250007000.1-p1	888
CbWHA1_649.1.p1	CFAC1_030006400.1-p1	213
CbWHA1_6490.1.p1	CFAC1_250007100.1-p1	999
CbWHA1_6492.1.p1	CFAC1_250007400.1-p1	513
CbWHA1_6493.1.p1	CFAC1_250007500.1-p1	1446
CbWHA1_6496.1.p1	CFAC1_250008000.1-p1	449
CbWHA1_6497.1.p1	CFAC1_250008100.1-p1	901
CbWHA1_6498.1.p1	CFAC1_250008200.1-p1	805
CbWHA1_6499.1.p1	CFAC1_250008300.1-p1	294
CbWHA1_6500.1.p1	CFAC1_250008500.1-p1	1669
CbWHA1_6504.1.p1	CFAC1_250008700.1-p1	138
CbWHA1_6505.1.p1	CFAC1_250008800.1-p1	709
CbWHA1_6506.1.p1	CFAC1_250008900.1-p1	449
CbWHA1_6507.1.p1	CFAC1_250009100.1-p1	270
CbWHA1_6508.1.p1	CFAC1_250009200.1-p1	884
CbWHA1_6509.1.p1	CFAC1_250009300.1-p1	935
CbWHA1_651.1.p1	CFAC1_030006100.1-p1	1149
CbWHA1_6510.1.p1	CFAC1_250009400.1-p1	695
CbWHA1_6511.1.p1	CFAC1_250009500.1-p1	246
CbWHA1_6513.1.p1	CFAC1_250009700.1-p1	514
CbWHA1_6514.1.p1	CFAC1_250009800.1-p1	414
CbWHA1_6515.1.p1	CFAC1_250009900.1-p1	405
CbWHA1_6516.1.p1	CFAC1_250010100.1-p1	806
CbWHA1_6519.1.p1	CFAC1_250010400.1-p1	466
CbWHA1_6522.1.p1	CFAC1_250011400.1-p1	607
CbWHA1_6523.1.p1	CFAC1_250010700.1-p1	912
CbWHA1_6524.1.p1	CFAC1_250010800.1-p1	377
CbWHA1_6525.1.p1	CFAC1_250011000.1-p1	447
CbWHA1_6527.1.p1	CFAC1_250011300.1-p1	168
CbWHA1_6528.1.p1	CFAC1_250011500.1-p1	323
CbWHA1_6529.1.p1	CFAC1_250011600.1-p1	1141
CbWHA1_6530.1.p1	CFAC1_250011700.1-p1	598
CbWHA1_6531.1.p1	CFAC1_250011800.1-p1	473
CbWHA1_6532.1.p1	CFAC1_250011900.1-p1	429
CbWHA1_6533.1.p1	CFAC1_250012000.1-p1	758
CbWHA1_6534.1.p1	CFAC1_250012200.1-p1	509
CbWHA1_6537.1.p1	CFAC1_250012600.1-p1	315
CbWHA1_6538.1.p1	CFAC1_250012700.1-p1	619
CbWHA1_6539.1.p1	CFAC1_250012800.1-p1	350
CbWHA1_654.1.p1	CFAC1_240005400.1-p1	428
CbWHA1_6541.1.p1	CFAC1_250013700.1-p1	526
CbWHA1_6542.1.p1	CFAC1_250013100.1-p1	767
CbWHA1_6543.1.p1	CFAC1_250013200.1-p1	369
CbWHA1_6544.1.p1	CFAC1_110025400.1-p1	291
CbWHA1_6545.1.p1	CFAC1_250013400.1-p1	330
CbWHA1_6547.1.p1	CFAC1_250013600.1-p1	363
CbWHA1_6548.1.p1	CFAC1_250014400.1-p1	265
CbWHA1_6549.1.p1	CFAC1_250013800.1-p1	712
CbWHA1_655.1.p1	CFAC1_030005900.1-p1	1560
CbWHA1_6550.1.p1	CFAC1_250013900.1-p1	229
CbWHA1_6551.1.p1	CFAC1_250014000.1-p1	712
CbWHA1_6553.1.p1	CFAC1_250014300.1-p1	186
CbWHA1_6554.1.p1	CFAC1_250014500.1-p1	302
CbWHA1_6555.1.p1	CFAC1_250014600.1-p1	717
CbWHA1_6557.1.p1	CFAC1_250015900.1-p1	2418
CbWHA1_6559.1.p1	CFAC1_250014900.1-p1	1041
CbWHA1_6560.1.p1	CFAC1_250015000.1-p1	771
CbWHA1_6561.1.p1	CFAC1_250015100.1-p1	287
CbWHA1_6562.1.p1	CFAC1_250015400.1-p1	633
CbWHA1_6563.1.p1	CFAC1_250015500.1-p1	112
CbWHA1_6564.1.p1	CFAC1_250015700.1-p1	851
CbWHA1_6565.1.p1	CFAC1_250015800.1-p1	461
CbWHA1_6567.1.p1	CFAC1_250016100.1-p1	231
CbWHA1_6568.1.p1	CFAC1_250016200.1-p1	628
CbWHA1_6569.1.p1	CFAC1_250016300.1-p1	1373
CbWHA1_6570.1.p1	CFAC1_250016400.1-p1	484
CbWHA1_6571.1.p1	CFAC1_250016500.1-p1	477
CbWHA1_6572.1.p1	CFAC1_250016600.1-p1	1304
CbWHA1_6573.1.p1	CFAC1_250016700.1-p1	1704
CbWHA1_6574.1.p1	CFAC1_250016800.1-p1	2177
CbWHA1_6576.1.p1	CFAC1_250017000.1-p1	219
CbWHA1_6577.1.p1	CFAC1_250017100.1-p1	305
CbWHA1_6578.1.p1	CFAC1_250017300.1-p1	6909
CbWHA1_6579.1.p1	CFAC1_250017400.1-p1	468
CbWHA1_6580.1.p1	CFAC1_250017700.1-p1	219
CbWHA1_6581.1.p1	CFAC1_250017900.1-p1	2343
CbWHA1_6584.1.p1	CFAC1_250018400.1-p1	810
CbWHA1_6586.1.p1	CFAC1_250018800.1-p1	554
CbWHA1_6587.1.p1	CFAC1_250018900.1-p1	938
CbWHA1_6589.1.p1	CFAC1_250019100.1-p1	337
CbWHA1_659.1.p1	CFAC1_240005400.1-p1	1085
CbWHA1_6590.1.p1	CFAC1_250019200.1-p1	191
CbWHA1_6592.1.p1	CFAC1_250019400.1-p1	513
CbWHA1_6593.1.p1	CFAC1_250019500.1-p1	652
CbWHA1_6594.1.p1	CFAC1_250019600.1-p1	612
CbWHA1_6595.1.p1	CFAC1_250019700.1-p1	511
CbWHA1_6596.1.p1	CFAC1_250019900.1-p1	914
CbWHA1_6597.1.p1	CFAC1_250020000.1-p1	547
CbWHA1_6598.1.p1	CFAC1_250020100.1-p1	890
CbWHA1_6599.1.p1	CFAC1_250020200.1-p1	228
CbWHA1_66.1.p1	CFAC1_160020900.1-p1	374
CbWHA1_660.1.p1	CFAC1_300005500.1-p1	298
CbWHA1_6600.1.p1	CFAC1_250020700.1-p1	776
CbWHA1_6601.1.p1	CFAC1_250020400.1-p1	867
CbWHA1_6602.1.p1	CFAC1_250020500.1-p1	283
CbWHA1_6603.1.p1	CFAC1_250020800.1-p1	638
CbWHA1_6604.1.p1	CFAC1_250020900.1-p1	353
CbWHA1_6605.1.p1	CFAC1_250021600.1-p1	632
CbWHA1_6606.1.p1	CFAC1_250021600.1-p1	624
CbWHA1_6607.1.p1	CFAC1_250021600.1-p1	632
CbWHA1_6608.1.p1	CFAC1_250021600.1-p1	610
CbWHA1_6609.1.p1	CFAC1_250021800.1-p1	248
CbWHA1_661.1.p1	CFAC1_040005400.1-p1	855
CbWHA1_6610.1.p1	CFAC1_250021900.1-p1	524
CbWHA1_6611.1.p1	CFAC1_250022000.1-p1	233
CbWHA1_6612.1.p1	CFAC1_250022100.1-p1	150
CbWHA1_6613.1.p1	CFAC1_250022200.1-p1	389
CbWHA1_6615.1.p1	CFAC1_250023000.1-p1	421
CbWHA1_6616.1.p1	CFAC1_250023200.1-p1	1479
CbWHA1_6617.1.p1	CFAC1_250023300.1-p1	875
CbWHA1_6618.1.p1	CFAC1_250023700.1-p1	375
CbWHA1_6619.1.p1	CFAC1_250023800.1-p1	529
CbWHA1_6620.1.p1	CFAC1_250024000.1-p1	633
CbWHA1_6622.1.p1	CFAC1_250024400.1-p1	233
CbWHA1_6624.1.p1	CFAC1_250024600.1-p1	1212
CbWHA1_6626.1.p1	CFAC1_250025100.1-p1	983
CbWHA1_6627.1.p1	CFAC1_250025100.1-p1	315
CbWHA1_6629.1.p1	CFAC1_250025400.1-p1	532
CbWHA1_663.1.p1	CFAC1_300005600.1-p1	922
CbWHA1_6630.1.p1	CFAC1_250025600.1-p1	641
CbWHA1_6631.1.p1	CFAC1_250025700.1-p1	355
CbWHA1_6632.1.p1	CFAC1_250025800.1-p1	471
CbWHA1_6633.1.p1	CFAC1_250025900.1-p1	1776
CbWHA1_6634.1.p1	CFAC1_250026000.1-p1	1607
CbWHA1_6636.1.p1	CFAC1_250027000.1-p1	505
CbWHA1_6637.1.p1	CFAC1_250027100.1-p1	487
CbWHA1_6638.1.p1	CFAC1_250026200.1-p1	503
CbWHA1_6639.1.p1	CFAC1_250026500.1-p1	3127
CbWHA1_6642.1.p1	CFAC1_250027300.1-p1	581
CbWHA1_6643.1.p1	CFAC1_250027400.1-p1	572
CbWHA1_6644.1.p1	CFAC1_250027500.1-p1	3851
CbWHA1_6645.1.p1	CFAC1_250027600.1-p1	1105
CbWHA1_6646.1.p1	CFAC1_250027700.1-p1	1332
CbWHA1_6647.1.p1	CFAC1_250027800.1-p1	884
CbWHA1_6648.1.p1	CFAC1_250027900.1-p1	678
CbWHA1_665.1.p1	CFAC1_300005800.1-p1	652
CbWHA1_6650.1.p1	CFAC1_250028100.1-p1	717
CbWHA1_6652.1.p1	CFAC1_250028300.1-p1	348
CbWHA1_6654.1.p1	CFAC1_250028600.1-p1	456
CbWHA1_6655.1.p1	CFAC1_250028700.1-p1	993
CbWHA1_6656.1.p1	CFAC1_250028900.1-p1	853
CbWHA1_6657.1.p1	CFAC1_250029000.1-p1	1386
CbWHA1_6658.1.p1	CFAC1_250029100.1-p1	1068
CbWHA1_6659.1.p1	CFAC1_250029200.1-p1	256
CbWHA1_6661.1.p1	CFAC1_250029400.1-p1	105
CbWHA1_6662.1.p1	CFAC1_250029500.1-p1	541
CbWHA1_6663.1.p1	CFAC1_250029600.1-p1	771
CbWHA1_6666.1.p1	CFAC1_250029900.1-p1	530
CbWHA1_6667.1.p1	CFAC1_250030100.1-p1	1498
CbWHA1_6668.1.p1	CFAC1_250030200.1-p1	466
CbWHA1_6669.1.p1	CFAC1_250030800.1-p1	1177
CbWHA1_6670.1.p1	CFAC1_250030900.1-p1	336
CbWHA1_6673.1.p1	CFAC1_250030300.1-p1	474
CbWHA1_6674.1.p1	CFAC1_250030400.1-p1	385
CbWHA1_6675.1.p1	CFAC1_250030700.1-p1	1082
CbWHA1_6676.1.p1	CFAC1_250031000.1-p1	948
CbWHA1_6678.1.p1	CFAC1_250031100.1-p1	1007
CbWHA1_6679.1.p1	CFAC1_250031200.1-p1	678
CbWHA1_668.1.p1	CFAC1_300006100.1-p1	806
CbWHA1_6680.1.p1	CFAC1_250031300.1-p1	603
CbWHA1_6681.1.p1	CFAC1_250031400.1-p1	821
CbWHA1_6682.1.p1	CFAC1_250031600.1-p1	382
CbWHA1_6683.1.p1	CFAC1_250031700.1-p1	614
CbWHA1_6684.1.p1	CFAC1_250031800.1-p1	1240
CbWHA1_6686.1.p1	CFAC1_250032400.1-p1	981
CbWHA1_6687.1.p1	CFAC1_250032500.1-p1	461
CbWHA1_6688.1.p1	CFAC1_250032600.1-p1	353
CbWHA1_669.1.p1	CFAC1_300006300.1-p1	2880
CbWHA1_6691.1.p1	CFAC1_250032800.1-p1	1121
CbWHA1_6692.1.p1	CFAC1_250033200.1-p1	382
CbWHA1_6693.1.p1	CFAC1_250032900.1-p1	392
CbWHA1_6695.1.p1	CFAC1_250033300.1-p1	806
CbWHA1_6696.1.p1	CFAC1_250033400.1-p1	217
CbWHA1_6697.1.p1	CFAC1_250033500.1-p1	988
CbWHA1_6699.1.p1	CFAC1_250033600.1-p1	1048
CbWHA1_67.1.p1	CFAC1_160020800.1-p1	207
CbWHA1_6700.1.p1	CFAC1_250033700.1-p1	708
CbWHA1_6701.1.p1	CFAC1_250034500.1-p1	416
CbWHA1_6702.1.p1	CFAC1_250034700.1-p1	708
CbWHA1_6703.1.p1	CFAC1_250033900.1-p1	711
CbWHA1_6704.1.p1	CFAC1_250034100.1-p1	227
CbWHA1_6706.1.p1	CFAC1_250034300.1-p1	668
CbWHA1_6707.1.p1	CFAC1_250034400.1-p1	370
CbWHA1_6709.1.p1	CFAC1_250035100.1-p1	761
CbWHA1_671.1.p1	CFAC1_300006800.1-p1	399
CbWHA1_6710.1.p1	CFAC1_250035200.1-p1	725
CbWHA1_6711.1.p1	CFAC1_250035300.1-p1	744
CbWHA1_6713.1.p1	CFAC1_250035500.1-p1	159
CbWHA1_6714.1.p1	CFAC1_250035600.1-p1	1020
CbWHA1_6715.1.p1	CFAC1_250035800.1-p1	662
CbWHA1_6717.1.p1	CFAC1_250037000.1-p1	553
CbWHA1_672.1.p1	CFAC1_300006900.1-p1	247
CbWHA1_6721.1.p1	CFAC1_250036800.1-p1	293
CbWHA1_6722.1.p1	CFAC1_250036900.1-p1	191
CbWHA1_6723.1.p1	CFAC1_250037200.1-p1	389
CbWHA1_6724.1.p1	CFAC1_250037300.1-p1	814
CbWHA1_6725.1.p1	CFAC1_250037400.1-p1	303
CbWHA1_6726.1.p1	CFAC1_250037500.1-p1	426
CbWHA1_6727.1.p1	CFAC1_250037600.1-p1	820
CbWHA1_6728.1.p1	CFAC1_250037800.1-p1	252
CbWHA1_6729.1.p1	CFAC1_250037900.1-p1	995
CbWHA1_673.1.p1	CFAC1_300007100.1-p1	2512
CbWHA1_6731.1.p1	CFAC1_250038100.1-p1	540
CbWHA1_6732.1.p1	CFAC1_250038200.1-p1	1015
CbWHA1_6736.1.p1	CFAC1_250039000.1-p1	1304
CbWHA1_6738.1.p1	CFAC1_250039200.1-p1	597
CbWHA1_674.1.p1	CFAC1_300007200.1-p1	884
CbWHA1_6740.1.p1	CFAC1_250039300.1-p1	886
CbWHA1_6741.1.p1	CFAC1_250039400.1-p1	1231
CbWHA1_6743.1.p1	CFAC1_250040800.1-p1	1374
CbWHA1_6745.1.p1	CFAC1_250039800.1-p1	629
CbWHA1_6747.1.p1	CFAC1_250040000.1-p1	823
CbWHA1_6748.1.p1	CFAC1_250040100.1-p1	748
CbWHA1_6749.1.p1	CFAC1_250040200.1-p1	477
CbWHA1_675.1.p1	CFAC1_300007300.1-p1	337
CbWHA1_6750.1.p1	CFAC1_250040300.1-p1	1407
CbWHA1_6751.1.p1	CFAC1_250040400.1-p1	177
CbWHA1_6753.1.p1	CFAC1_250040700.1-p1	1077
CbWHA1_6754.1.p1	CFAC1_280028600.1-p1	293
CbWHA1_6756.1.p1	CFAC1_280028900.1-p1	296
CbWHA1_6759.1.p1	CFAC1_280029400.1-p1	714
CbWHA1_676.1.p1	CFAC1_300007400.1-p1	664
CbWHA1_6760.1.p1	CFAC1_280029500.1-p1	420
CbWHA1_6761.1.p1	CFAC1_280029600.1-p1	2551
CbWHA1_6762.1.p1	CFAC1_280029700.1-p1	733
CbWHA1_6763.1.p1	CFAC1_280029800.1-p1	892
CbWHA1_6767.1.p1	CFAC1_280030400.1-p1	402
CbWHA1_6768.1.p1	CFAC1_280030500.1-p1	260
CbWHA1_677.1.p1	CFAC1_300007500.1-p1	348
CbWHA1_6770.1.p1	CFAC1_280030800.1-p1	973
CbWHA1_6771.1.p1	CFAC1_280031200.1-p1	232
CbWHA1_6772.1.p1	CFAC1_280031300.1-p1	551
CbWHA1_6774.1.p1	CFAC1_280031600.1-p1	197
CbWHA1_6775.1.p1	CFAC1_280031800.1-p1	824
CbWHA1_6776.1.p1	CFAC1_280032400.1-p1	812
CbWHA1_6778.1.p1	CFAC1_280032700.1-p1	264
CbWHA1_6779.1.p1	CFAC1_280032800.1-p1	441
CbWHA1_678.1.p1	CFAC1_300007600.1-p1	512
CbWHA1_6781.1.p1	CFAC1_280033100.1-p1	216
CbWHA1_6782.1.p1	CFAC1_280033300.1-p1	1067
CbWHA1_6783.1.p1	CFAC1_280033500.1-p1	441
CbWHA1_6784.1.p1	CFAC1_280033600.1-p1	826
CbWHA1_6786.1.p1	CFAC1_280033800.1-p1	348
CbWHA1_6789.1.p1	CFAC1_280035700.1-p1	546
CbWHA1_6791.1.p1	CFAC1_280034700.1-p1	614
CbWHA1_6794.1.p1	CFAC1_280035300.1-p1	1558
CbWHA1_6795.1.p1	CFAC1_280035400.1-p1	498
CbWHA1_6796.1.p1	CFAC1_280035500.1-p1	628
CbWHA1_6797.1.p1	CFAC1_280035600.1-p1	819
CbWHA1_6798.1.p1	CFAC1_280035800.1-p1	1164
CbWHA1_6799.1.p1	CFAC1_280035900.1-p1	446
CbWHA1_68.1.p1	CFAC1_160021800.1-p1	902
CbWHA1_6800.1.p1	CFAC1_280036000.1-p1	337
CbWHA1_6802.1.p1	CFAC1_280036200.1-p1	1973
CbWHA1_6803.1.p1	CFAC1_280036300.1-p1	514
CbWHA1_6805.1.p1	CFAC1_280036600.1-p1	599
CbWHA1_6806.1.p1	CFAC1_290044700.1-p1	189
CbWHA1_6808.1.p1	CFAC1_280037200.1-p1	97.4
CbWHA1_6809.1.p1	CFAC1_280037300.1-p1	389
CbWHA1_681.1.p1	CFAC1_300007900.1-p1	429
CbWHA1_6811.1.p1	CFAC1_280037500.1-p1	186
CbWHA1_6814.1.p1	CFAC1_280037800.1-p1	508
CbWHA1_6815.1.p1	CFAC1_280037900.1-p1	588
CbWHA1_6816.1.p1	CFAC1_280038000.1-p1	900
CbWHA1_6817.1.p1	CFAC1_280038200.1-p1	347
CbWHA1_6818.1.p1	CFAC1_280038400.1-p1	1841
CbWHA1_6819.1.p1	CFAC1_280038500.1-p1	177
CbWHA1_682.1.p1	CFAC1_300008000.1-p1	575
CbWHA1_6820.1.p1	CFAC1_280038600.1-p1	398
CbWHA1_6821.1.p1	CFAC1_280038700.1-p1	707
CbWHA1_6822.1.p1	CFAC1_280038800.1-p1	117
CbWHA1_6823.1.p1	CFAC1_280038900.1-p1	467
CbWHA1_6825.1.p1	CFAC1_280039000.1-p1	556
CbWHA1_6826.1.p1	CFAC1_280039100.1-p1	506
CbWHA1_6827.1.p1	CFAC1_280039200.1-p1	822
CbWHA1_6828.1.p1	CFAC1_280039400.1-p1	837
CbWHA1_683.1.p1	CFAC1_300008100.1-p1	263
CbWHA1_6832.1.p1	CFAC1_280039900.1-p1	200
CbWHA1_6833.1.p1	CFAC1_280041000.1-p1	1315
CbWHA1_6834.1.p1	CFAC1_280040000.1-p1	152
CbWHA1_6835.1.p1	CFAC1_280040100.1-p1	182
CbWHA1_6836.1.p1	CFAC1_280040200.1-p1	712
CbWHA1_684.1.p1	CFAC1_300008700.1-p1	345
CbWHA1_6842.1.p1	CFAC1_280040900.1-p1	1534
CbWHA1_6843.1.p1	CFAC1_280041400.1-p1	186
CbWHA1_6844.1.p1	CFAC1_280041100.1-p1	297
CbWHA1_6845.1.p1	CFAC1_280041300.1-p1	1137
CbWHA1_6846.1.p1	CFAC1_140023500.1-p1	227
CbWHA1_6849.1.p1	CFAC1_280041900.1-p1	504
CbWHA1_685.1.p1	CFAC1_300009200.1-p1	398
CbWHA1_6850.1.p1	CFAC1_280042100.1-p1	271
CbWHA1_6851.1.p1	CFAC1_280042200.1-p1	639
CbWHA1_6852.1.p1	CFAC1_280042300.1-p1	684
CbWHA1_6853.1.p1	CFAC1_280042400.1-p1	161
CbWHA1_6854.1.p1	CFAC1_280042500.1-p1	401
CbWHA1_6855.1.p1	CFAC1_280042700.1-p1	1165
CbWHA1_6856.1.p1	CFAC1_280042800.1-p1	283
CbWHA1_6857.1.p1	CFAC1_280042800.1-p1	285
CbWHA1_6858.1.p1	CFAC1_280043000.1-p1	684
CbWHA1_6859.1.p1	CFAC1_280043100.1-p1	639
CbWHA1_686.1.p1	CFAC1_300008800.1-p1	226
CbWHA1_6860.1.p1	CFAC1_280043200.1-p1	623
CbWHA1_6861.1.p1	CFAC1_280043400.1-p1	234
CbWHA1_6863.1.p1	CFAC1_280043900.1-p1	90.1
CbWHA1_6864.1.p1	CFAC1_280044000.1-p1	430
CbWHA1_6865.1.p1	CFAC1_280044100.1-p1	217
CbWHA1_6866.1.p1	CFAC1_280044200.1-p1	1229
CbWHA1_6867.1.p1	CFAC1_280044500.1-p1	377
CbWHA1_6868.1.p1	CFAC1_280044600.1-p1	583
CbWHA1_6869.1.p1	CFAC1_280044700.1-p1	353
CbWHA1_687.1.p1	CFAC1_300008900.1-p1	318
CbWHA1_6870.1.p1	CFAC1_280044900.1-p1	391
CbWHA1_6871.1.p1	CFAC1_280045000.1-p1	1543
CbWHA1_6872.1.p1	CFAC1_280045100.1-p1	600
CbWHA1_6873.1.p1	CFAC1_280045200.1-p1	342
CbWHA1_6874.1.p1	CFAC1_280045400.1-p1	960
CbWHA1_6876.1.p1	CFAC1_280045600.1-p1	530
CbWHA1_6877.1.p1	CFAC1_280045700.1-p1	381
CbWHA1_6878.1.p1	CFAC1_280045800.1-p1	225
CbWHA1_688.1.p1	CFAC1_300009000.1-p1	652
CbWHA1_6880.1.p1	CFAC1_280046100.1-p1	727
CbWHA1_6881.1.p1	CFAC1_280046200.1-p1	362
CbWHA1_6882.1.p1	CFAC1_280046300.1-p1	336
CbWHA1_6883.1.p1	CFAC1_280046400.1-p1	338
CbWHA1_6884.1.p1	CFAC1_280046500.1-p1	277
CbWHA1_6885.1.p1	CFAC1_280046600.1-p1	724
CbWHA1_6886.1.p1	CFAC1_280046700.1-p1	126
CbWHA1_6887.1.p1	CFAC1_280046800.1-p1	580
CbWHA1_6888.1.p1	CFAC1_280046900.1-p1	730
CbWHA1_6889.1.p1	CFAC1_280047000.1-p1	448
CbWHA1_6892.1.p1	CFAC1_280047600.1-p1	637
CbWHA1_6893.1.p1	CFAC1_280047200.1-p1	1712
CbWHA1_6895.1.p1	CFAC1_280047500.1-p1	1326
CbWHA1_6897.1.p1	CFAC1_280047800.1-p1	525
CbWHA1_6898.1.p1	CFAC1_280047900.1-p1	1786
CbWHA1_6899.1.p1	CFAC1_280048000.1-p1	1064
CbWHA1_690.1.p1	CFAC1_300009300.1-p1	1738
CbWHA1_6900.1.p1	CFAC1_280048100.1-p1	1759
CbWHA1_6901.1.p1	CFAC1_280048200.1-p1	1188
CbWHA1_6902.1.p1	CFAC1_280048300.1-p1	556
CbWHA1_6903.1.p1	CFAC1_280048400.1-p1	3118
CbWHA1_6904.1.p1	CFAC1_280048500.1-p1	2018
CbWHA1_6905.1.p1	CFAC1_280048600.1-p1	469
CbWHA1_6906.1.p1	CFAC1_280048700.1-p1	327
CbWHA1_6907.1.p1	CFAC1_280048800.1-p1	767
CbWHA1_6908.1.p1	CFAC1_280048900.1-p1	2498
CbWHA1_6909.1.p1	CFAC1_280049000.1-p1	394
CbWHA1_691.1.p1	CFAC1_300010200.1-p1	474
CbWHA1_6910.1.p1	CFAC1_280049100.1-p1	1234
CbWHA1_6911.1.p1	CFAC1_280049200.1-p1	359
CbWHA1_6912.1.p1	CFAC1_280049700.1-p1	488
CbWHA1_6913.1.p1	CFAC1_280049300.1-p1	1240
CbWHA1_6915.1.p1	CFAC1_280049600.1-p1	652
CbWHA1_6916.1.p1	CFAC1_280049800.1-p1	1227
CbWHA1_6917.1.p1	CFAC1_280049900.1-p1	251
CbWHA1_6918.1.p1	CFAC1_280050000.1-p1	329
CbWHA1_6919.1.p1	CFAC1_280050100.1-p1	830
CbWHA1_692.1.p1	CFAC1_300009400.1-p1	1053
CbWHA1_6920.1.p1	CFAC1_280050200.1-p1	590
CbWHA1_6921.1.p1	CFAC1_280050300.1-p1	464
CbWHA1_6922.1.p1	CFAC1_280051200.1-p1	660
CbWHA1_6923.1.p1	CFAC1_280051300.1-p1	944
CbWHA1_6924.1.p1	CFAC1_280051400.1-p1	272
CbWHA1_6925.1.p1	CFAC1_280051500.1-p1	327
CbWHA1_6926.1.p1	CFAC1_280051600.1-p1	802
CbWHA1_6927.1.p1	CFAC1_280050400.1-p1	369
CbWHA1_6928.1.p1	CFAC1_280050500.1-p1	1363
CbWHA1_6929.1.p1	CFAC1_280050600.1-p1	845
CbWHA1_6930.1.p1	CFAC1_280050800.1-p1	1885
CbWHA1_6931.1.p1	CFAC1_280051000.1-p1	772
CbWHA1_6932.1.p1	CFAC1_280051700.1-p1	373
CbWHA1_6933.1.p1	CFAC1_280051900.1-p1	411
CbWHA1_6934.1.p1	CFAC1_280052000.1-p1	414
CbWHA1_6935.1.p1	CFAC1_280052100.1-p1	954
CbWHA1_6936.1.p1	CFAC1_280052200.1-p1	141
CbWHA1_6938.1.p1	CFAC1_280052400.1-p1	921
CbWHA1_6939.1.p1	CFAC1_280052500.1-p1	1020
CbWHA1_694.1.p1	CFAC1_300009500.1-p1	391
CbWHA1_6940.1.p1	CFAC1_280052600.1-p1	921
CbWHA1_6942.1.p1	CFAC1_300021700.1-p1	117
CbWHA1_6944.1.p1	CFAC1_280053200.1-p1	875
CbWHA1_6946.1.p1	CFAC1_280053400.1-p1	694
CbWHA1_6947.1.p1	CFAC1_280053500.1-p1	826
CbWHA1_6948.1.p1	CFAC1_280053600.1-p1	428
CbWHA1_6949.1.p1	CFAC1_280053700.1-p1	713
CbWHA1_6950.1.p1	CFAC1_280053800.1-p1	525
CbWHA1_6951.1.p1	CFAC1_280053900.1-p1	252
CbWHA1_6952.1.p1	CFAC1_280054000.1-p1	414
CbWHA1_6953.1.p1	CFAC1_280054100.1-p1	612
CbWHA1_6954.1.p1	CFAC1_280054300.1-p1	1107
CbWHA1_6956.1.p1	CFAC1_280056000.1-p1	425
CbWHA1_6957.1.p1	CFAC1_280054400.1-p1	561
CbWHA1_6958.1.p1	CFAC1_280054500.1-p1	432
CbWHA1_6959.1.p1	CFAC1_280054600.1-p1	369
CbWHA1_6960.1.p1	CFAC1_280054800.1-p1	229
CbWHA1_6962.1.p1	CFAC1_280054900.1-p1	363
CbWHA1_6963.1.p1	CFAC1_280055000.1-p1	2105
CbWHA1_6964.1.p1	CFAC1_280055100.1-p1	444
CbWHA1_6965.1.p1	CFAC1_280055200.1-p1	509
CbWHA1_6966.1.p1	CFAC1_280055300.1-p1	736
CbWHA1_6967.1.p1	CFAC1_280055400.1-p1	649
CbWHA1_6968.1.p1	CFAC1_280055500.1-p1	299
CbWHA1_6969.1.p1	CFAC1_280055600.1-p1	374
CbWHA1_697.1.p1	CFAC1_300009700.1-p1	590
CbWHA1_6971.1.p1	CFAC1_280056100.1-p1	374
CbWHA1_6972.1.p1	CFAC1_280056200.1-p1	746
CbWHA1_6973.1.p1	CFAC1_280056300.1-p1	457
CbWHA1_6975.1.p1	CFAC1_280056500.1-p1	1176
CbWHA1_6976.1.p1	CFAC1_280056700.1-p1	832
CbWHA1_6977.1.p1	CFAC1_280056800.1-p1	418
CbWHA1_6978.1.p1	CFAC1_280056900.1-p1	673
CbWHA1_6979.1.p1	CFAC1_280057000.1-p1	619
CbWHA1_6981.1.p1	CFAC1_280057200.1-p1	433
CbWHA1_6982.1.p1	CFAC1_280057400.1-p1	471
CbWHA1_6984.1.p1	CFAC1_280057600.1-p1	130
CbWHA1_6985.1.p1	CFAC1_280057700.1-p1	446
CbWHA1_6986.1.p1	CFAC1_280057800.1-p1	544
CbWHA1_6988.1.p1	CFAC1_280058000.1-p1	902
CbWHA1_699.1.p1	CFAC1_300009800.1-p1	909
CbWHA1_6991.1.p1	CFAC1_280058900.1-p1	506
CbWHA1_6992.1.p1	CFAC1_280059000.1-p1	2035
CbWHA1_6994.1.p1	CFAC1_280059500.1-p1	1075
CbWHA1_6995.1.p1	CFAC1_280059600.1-p1	240
CbWHA1_6996.1.p1	CFAC1_280059900.1-p1	763
CbWHA1_6997.1.p1	CFAC1_280060000.1-p1	835
CbWHA1_6998.1.p1	CFAC1_280060100.1-p1	703
CbWHA1_6999.1.p1	CFAC1_280060200.1-p1	2001
CbWHA1_7.1.p1	CFAC1_160031000.1-p1	545
CbWHA1_70.1.p1	CFAC1_160021600.1-p1	239
CbWHA1_700.1.p1	CFAC1_300009900.1-p1	759
CbWHA1_7000.1.p1	CFAC1_280060300.1-p1	513
CbWHA1_7002.1.p1	CFAC1_280060600.1-p1	930
CbWHA1_7003.1.p1	CFAC1_280060700.1-p1	669
CbWHA1_7004.1.p1	CFAC1_280060800.1-p1	751
CbWHA1_7006.1.p1	CFAC1_280061000.1-p1	448
CbWHA1_7007.1.p1	CFAC1_280061100.1-p1	439
CbWHA1_7008.1.p1	CFAC1_280061200.1-p1	613
CbWHA1_7009.1.p1	CFAC1_280061400.1-p1	976
CbWHA1_701.1.p1	CFAC1_300010100.1-p1	613
CbWHA1_7011.1.p1	CFAC1_280061500.1-p1	932
CbWHA1_7012.1.p1	CFAC1_280061600.1-p1	798
CbWHA1_7014.1.p1	CFAC1_280062000.1-p1	657
CbWHA1_7015.1.p1	CFAC1_280062200.1-p1	516
CbWHA1_7016.1.p1	CFAC1_280062300.1-p1	273
CbWHA1_7017.1.p1	CFAC1_280062500.1-p1	813
CbWHA1_7018.1.p1	CFAC1_280064500.1-p1	271
CbWHA1_7019.1.p1	CFAC1_280064800.1-p1	864
CbWHA1_702.1.p1	CFAC1_300010300.1-p1	678
CbWHA1_7020.1.p1	CFAC1_280064900.1-p1	2097
CbWHA1_7021.1.p1	CFAC1_280062600.1-p1	405
CbWHA1_7022.1.p1	CFAC1_280063000.1-p1	410
CbWHA1_7023.1.p1	CFAC1_280063100.1-p1	652
CbWHA1_7024.1.p1	CFAC1_280063200.1-p1	1757
CbWHA1_7025.1.p1	CFAC1_280063400.1-p1	530
CbWHA1_7026.1.p1	CFAC1_280063500.1-p1	398
CbWHA1_7027.1.p1	CFAC1_280063600.1-p1	992
CbWHA1_703.1.p1	CFAC1_300010400.1-p1	1378
CbWHA1_7030.1.p1	CFAC1_280064100.1-p1	758
CbWHA1_7031.1.p1	CFAC1_280064400.1-p1	481
CbWHA1_7032.1.p1	CFAC1_280065000.1-p1	283
CbWHA1_7033.1.p1	CFAC1_280065400.1-p1	426
CbWHA1_7036.1.p1	CFAC1_280065700.1-p1	324
CbWHA1_7037.1.p1	CFAC1_280066300.1-p1	171
CbWHA1_7038.1.p1	CFAC1_280066400.1-p1	737
CbWHA1_704.1.p1	CFAC1_300010500.1-p1	358
CbWHA1_7040.1.p1	CFAC1_280066500.1-p1	762
CbWHA1_7041.1.p1	CFAC1_280067200.1-p1	259
CbWHA1_7042.1.p1	CFAC1_280066600.1-p1	843
CbWHA1_7044.1.p1	CFAC1_280066800.1-p1	1663
CbWHA1_7045.1.p1	CFAC1_280066900.1-p1	654
CbWHA1_7046.1.p1	CFAC1_280067000.1-p1	454
CbWHA1_7047.1.p1	CFAC1_280067100.1-p1	201
CbWHA1_7049.1.p1	CFAC1_280067300.1-p1	184
CbWHA1_705.1.p1	CFAC1_300010600.1-p1	1140
CbWHA1_7050.1.p1	CFAC1_280067400.1-p1	1019
CbWHA1_7051.1.p1	CFAC1_280067500.1-p1	171
CbWHA1_7052.1.p1	CFAC1_280067700.1-p1	914
CbWHA1_7053.1.p1	CFAC1_280067800.1-p1	548
CbWHA1_7054.1.p1	CFAC1_280067900.1-p1	860
CbWHA1_7055.1.p1	CFAC1_280068000.1-p1	594
CbWHA1_7056.1.p1	CFAC1_280068100.1-p1	400
CbWHA1_7057.1.p1	CFAC1_280068200.1-p1	491
CbWHA1_7058.1.p1	CFAC1_280068300.1-p1	2618
CbWHA1_7059.1.p1	CFAC1_280068400.1-p1	1104
CbWHA1_706.1.p1	CFAC1_300010700.1-p1	615
CbWHA1_7060.1.p1	CFAC1_280068500.1-p1	584
CbWHA1_7061.1.p1	CFAC1_280068600.1-p1	1134
CbWHA1_7063.1.p1	CFAC1_280068800.1-p1	751
CbWHA1_7064.1.p1	CFAC1_280068900.1-p1	563
CbWHA1_7065.1.p1	CFAC1_280069000.1-p1	811
CbWHA1_7067.1.p1	CFAC1_280069200.1-p1	962
CbWHA1_7068.1.p1	CFAC1_280069300.1-p1	303
CbWHA1_7069.1.p1	CFAC1_280069400.1-p1	96.7
CbWHA1_7070.1.p1	CFAC1_280070500.1-p1	667
CbWHA1_7071.1.p1	CFAC1_280069500.1-p1	597
CbWHA1_7072.1.p1	CFAC1_280069600.1-p1	357
CbWHA1_7073.1.p1	CFAC1_280069700.1-p1	451
CbWHA1_7074.1.p1	CFAC1_280070000.1-p1	310
CbWHA1_7075.1.p1	CFAC1_280070300.1-p1	566
CbWHA1_7076.1.p1	CFAC1_280070400.1-p1	1632
CbWHA1_7077.1.p1	CFAC1_280070600.1-p1	338
CbWHA1_7078.1.p1	CFAC1_280070900.1-p1	632
CbWHA1_7079.1.p1	CFAC1_280071000.1-p1	982
CbWHA1_708.1.p1	CFAC1_300010800.1-p1	191
CbWHA1_7080.1.p1	CFAC1_280071000.1-p1	866
CbWHA1_7081.1.p1	CFAC1_280072600.1-p1	772
CbWHA1_7082.1.p1	CFAC1_280071300.1-p1	456
CbWHA1_7083.1.p1	CFAC1_280071500.1-p1	461
CbWHA1_7086.1.p1	CFAC1_280072400.1-p1	412
CbWHA1_7088.1.p1	CFAC1_280072800.1-p1	92.0
CbWHA1_7089.1.p1	CFAC1_280073000.1-p1	484
CbWHA1_709.1.p1	CFAC1_300011000.1-p1	1123
CbWHA1_7091.1.p1	CFAC1_280073200.1-p1	587
CbWHA1_7092.1.p1	CFAC1_280073300.1-p1	347
CbWHA1_7093.1.p1	CFAC1_280073400.1-p1	1439
CbWHA1_7094.1.p1	CFAC1_280073500.1-p1	412
CbWHA1_7096.1.p1	CFAC1_280073600.1-p1	350
CbWHA1_7097.1.p1	CFAC1_280073700.1-p1	348
CbWHA1_7098.1.p1	CFAC1_280074500.1-p1	451
CbWHA1_7099.1.p1	CFAC1_280073800.1-p1	188
CbWHA1_710.1.p1	CFAC1_300011100.1-p1	651
CbWHA1_7100.1.p1	CFAC1_280073900.1-p1	664
CbWHA1_7101.1.p1	CFAC1_280074200.1-p1	748
CbWHA1_7102.1.p1	CFAC1_280074200.1-p1	790
CbWHA1_7103.1.p1	CFAC1_280074300.1-p1	467
CbWHA1_7104.1.p1	CFAC1_280074600.1-p1	830
CbWHA1_7105.1.p1	CFAC1_280074800.1-p1	700
CbWHA1_7106.1.p1	CFAC1_280074900.1-p1	306
CbWHA1_7107.1.p1	CFAC1_280075100.1-p1	403
CbWHA1_7108.1.p1	CFAC1_280075200.1-p1	345
CbWHA1_7109.1.p1	CFAC1_280075300.1-p1	414
CbWHA1_711.1.p1	CFAC1_300011200.1-p1	607
CbWHA1_7110.1.p1	CFAC1_280075400.1-p1	288
CbWHA1_7112.1.p1	CFAC1_280075700.1-p1	915
CbWHA1_7113.1.p1	CFAC1_280075800.1-p1	1087
CbWHA1_7114.1.p1	CFAC1_280075900.1-p1	609
CbWHA1_7115.1.p1	CFAC1_280076200.1-p1	382
CbWHA1_7117.1.p1	CFAC1_280076400.1-p1	1035
CbWHA1_7118.1.p1	CFAC1_280076500.1-p1	635
CbWHA1_7119.1.p1	CFAC1_280076600.1-p1	246
CbWHA1_712.1.p1	CFAC1_300011300.1-p1	1696
CbWHA1_7120.1.p1	CFAC1_280076700.1-p1	239
CbWHA1_7121.1.p1	CFAC1_280076800.1-p1	677
CbWHA1_7122.1.p1	CFAC1_280076900.1-p1	631
CbWHA1_7124.1.p1	CFAC1_280077100.1-p1	653
CbWHA1_7125.1.p1	CFAC1_280077200.1-p1	564
CbWHA1_7126.1.p1	CFAC1_280077300.1-p1	1748
CbWHA1_7129.1.p1	CFAC1_280077700.1-p1	1214
CbWHA1_713.1.p1	CFAC1_300011500.1-p1	649
CbWHA1_7130.1.p1	CFAC1_280077800.1-p1	498
CbWHA1_7132.1.p1	CFAC1_280078000.1-p1	797
CbWHA1_7133.1.p1	CFAC1_280078100.1-p1	1026
CbWHA1_7134.1.p1	CFAC1_280078200.1-p1	264
CbWHA1_7135.1.p1	CFAC1_280078300.1-p1	562
CbWHA1_7137.1.p1	CFAC1_280078500.1-p1	542
CbWHA1_7139.1.p1	CFAC1_280078700.1-p1	971
CbWHA1_714.1.p1	CFAC1_300011800.1-p1	735
CbWHA1_7140.1.p1	CFAC1_280078800.1-p1	406
CbWHA1_7141.1.p1	CFAC1_280078900.1-p1	266
CbWHA1_7142.1.p1	CFAC1_280079100.1-p1	139
CbWHA1_7146.1.p1	CFAC1_280079600.1-p1	549
CbWHA1_7147.1.p1	CFAC1_280079800.1-p1	756
CbWHA1_7148.1.p1	CFAC1_280079900.1-p1	764
CbWHA1_7149.1.p1	CFAC1_280080100.1-p1	462
CbWHA1_715.1.p1	CFAC1_300012000.1-p1	501
CbWHA1_7151.1.p1	CFAC1_280080400.1-p1	487
CbWHA1_7152.1.p1	CFAC1_280080500.1-p1	261
CbWHA1_7159.1.p1	CFAC1_200006000.1-p1	377
CbWHA1_716.1.p1	CFAC1_300012100.1-p1	915
CbWHA1_7160.1.p1	CFAC1_200006100.1-p1	338
CbWHA1_7162.1.p1	CFAC1_200006500.1-p1	921
CbWHA1_7163.1.p1	CFAC1_200006600.1-p1	1184
CbWHA1_7164.1.p1	CFAC1_200006700.1-p1	1672
CbWHA1_7165.1.p1	CFAC1_200006800.1-p1	480
CbWHA1_7166.1.p1	CFAC1_200007000.1-p1	450
CbWHA1_7167.1.p1	CFAC1_200007100.1-p1	1049
CbWHA1_7168.1.p1	CFAC1_200007200.1-p1	739
CbWHA1_7169.1.p1	CFAC1_200007400.1-p1	445
CbWHA1_717.1.p1	CFAC1_300012200.1-p1	482
CbWHA1_7170.1.p1	CFAC1_200007500.1-p1	192
CbWHA1_7171.1.p1	CFAC1_200007600.1-p1	459
CbWHA1_7172.1.p1	CFAC1_200007700.1-p1	520
CbWHA1_7173.1.p1	CFAC1_200007800.1-p1	728
CbWHA1_7174.1.p1	CFAC1_200007900.1-p1	889
CbWHA1_7176.1.p1	CFAC1_200008100.1-p1	875
CbWHA1_7177.1.p1	CFAC1_200008200.1-p1	486
CbWHA1_7178.1.p1	CFAC1_200008300.1-p1	205
CbWHA1_7179.1.p1	CFAC1_200008400.1-p1	131
CbWHA1_7180.1.p1	CFAC1_200008600.1-p1	773
CbWHA1_7181.1.p1	CFAC1_200008700.1-p1	399
CbWHA1_7182.1.p1	CFAC1_200008800.1-p1	345
CbWHA1_7183.1.p1	CFAC1_200009100.1-p1	121
CbWHA1_7184.1.p1	CFAC1_200009200.1-p1	1127
CbWHA1_7186.1.p1	CFAC1_200009500.1-p1	374
CbWHA1_7187.1.p1	CFAC1_200009600.1-p1	976
CbWHA1_7188.1.p1	CFAC1_200009700.1-p1	351
CbWHA1_7189.1.p1	CFAC1_200009800.1-p1	157
CbWHA1_719.1.p1	CFAC1_300012400.1-p1	6636
CbWHA1_7190.1.p1	CFAC1_200009900.1-p1	2086
CbWHA1_7191.1.p1	CFAC1_200010000.1-p1	1474
CbWHA1_7192.1.p1	CFAC1_200010200.1-p1	1718
CbWHA1_7193.1.p1	CFAC1_200010400.1-p1	428
CbWHA1_7195.1.p1	CFAC1_200010600.1-p1	321
CbWHA1_7196.1.p1	CFAC1_200010700.1-p1	67.0
CbWHA1_7198.1.p1	CFAC1_200010900.1-p1	1233
CbWHA1_7199.1.p1	CFAC1_200011000.1-p1	1472
CbWHA1_72.1.p1	CFAC1_160021200.1-p1	644
CbWHA1_720.1.p1	CFAC1_300012500.1-p1	1998
CbWHA1_7201.1.p1	CFAC1_200011200.1-p1	798
CbWHA1_7202.1.p1	CFAC1_200011300.1-p1	529
CbWHA1_7204.1.p1	CFAC1_200011400.1-p1	291
CbWHA1_7206.1.p1	CFAC1_200011500.1-p1	826
CbWHA1_7207.1.p1	CFAC1_200011600.1-p1	365
CbWHA1_7208.1.p1	CFAC1_200011800.1-p1	241
CbWHA1_7210.1.p1	CFAC1_200012000.1-p1	143
CbWHA1_7212.1.p1	CFAC1_200012200.1-p1	1712
CbWHA1_7213.1.p1	CFAC1_200012300.1-p1	1595
CbWHA1_7214.1.p1	CFAC1_200012400.1-p1	248
CbWHA1_7215.1.p1	CFAC1_200012500.1-p1	122
CbWHA1_7216.1.p1	CFAC1_200012700.1-p1	241
CbWHA1_722.1.p1	CFAC1_300012600.1-p1	388
CbWHA1_7223.1.p1	CFAC1_200013600.1-p1	696
CbWHA1_7224.1.p1	CFAC1_200013700.1-p1	735
CbWHA1_7225.1.p1	CFAC1_200013800.1-p1	878
CbWHA1_7226.1.p1	CFAC1_200013900.1-p1	195
CbWHA1_7228.1.p1	CFAC1_200014100.1-p1	481
CbWHA1_7229.1.p1	CFAC1_200014200.1-p1	540
CbWHA1_7233.1.p1	CFAC1_200014900.1-p1	765
CbWHA1_7237.1.p1	CFAC1_020023900.1-p1	889
CbWHA1_7238.1.p1	CFAC1_020023600.1-p1	715
CbWHA1_7239.1.p1	CFAC1_020023500.1-p1	1837
CbWHA1_7240.1.p1	CFAC1_020023300.1-p1	553
CbWHA1_7241.1.p1	CFAC1_020023200.1-p1	536
CbWHA1_7242.1.p1	CFAC1_020023100.1-p1	617
CbWHA1_7243.1.p1	CFAC1_020023000.1-p1	2302
CbWHA1_7244.1.p1	CFAC1_020022800.1-p1	382
CbWHA1_7245.1.p1	CFAC1_020022700.1-p1	786
CbWHA1_7246.1.p1	CFAC1_020022600.1-p1	470
CbWHA1_7247.1.p1	CFAC1_020022500.1-p1	890
CbWHA1_725.1.p1	CFAC1_300013200.1-p1	246
CbWHA1_7251.1.p1	CFAC1_020022400.1-p1	282
CbWHA1_7253.1.p1	CFAC1_020022100.1-p1	498
CbWHA1_7254.1.p1	CFAC1_020021700.1-p1	885
CbWHA1_7257.1.p1	CFAC1_230052700.1-p1	680
CbWHA1_7258.1.p1	CFAC1_230052600.1-p1	1549
CbWHA1_7259.1.p1	CFAC1_230052500.1-p1	458
CbWHA1_726.1.p1	CFAC1_300013800.1-p1	366
CbWHA1_7260.1.p1	CFAC1_230052400.1-p1	675
CbWHA1_7261.1.p1	CFAC1_230052300.1-p1	1260
CbWHA1_7263.1.p1	CFAC1_230052100.1-p1	358
CbWHA1_7265.1.p1	CFAC1_230051900.1-p1	1061
CbWHA1_7266.1.p1	CFAC1_230051800.1-p1	889
CbWHA1_7268.1.p1	CFAC1_230051600.1-p1	799
CbWHA1_727.1.p1	CFAC1_270060100.1-p1	404
CbWHA1_7270.1.p1	CFAC1_230051400.1-p1	213
CbWHA1_7271.1.p1	CFAC1_230051300.1-p1	358
CbWHA1_7272.1.p1	CFAC1_230051200.1-p1	566
CbWHA1_7274.1.p1	CFAC1_230050900.1-p1	463
CbWHA1_7275.1.p1	CFAC1_230050800.1-p1	568
CbWHA1_7276.1.p1	CFAC1_230050700.1-p1	458
CbWHA1_7278.1.p1	CFAC1_230050300.1-p1	68.9
CbWHA1_7279.1.p1	CFAC1_230050200.1-p1	708
CbWHA1_728.1.p1	CFAC1_300013500.1-p1	189
CbWHA1_7280.1.p1	CFAC1_230050100.1-p1	294
CbWHA1_7281.1.p1	CFAC1_230050000.1-p1	1271
CbWHA1_7282.1.p1	CFAC1_230049900.1-p1	229
CbWHA1_7285.1.p1	CFAC1_230049800.1-p1	1361
CbWHA1_7286.1.p1	CFAC1_230049700.1-p1	1599
CbWHA1_7287.1.p1	CFAC1_230049600.1-p1	604
CbWHA1_7288.1.p1	CFAC1_230049500.1-p1	899
CbWHA1_7289.1.p1	CFAC1_230049400.1-p1	469
CbWHA1_729.1.p1	CFAC1_300013700.1-p1	674
CbWHA1_7290.1.p1	CFAC1_230049300.1-p1	705
CbWHA1_7291.1.p1	CFAC1_250023200.1-p1	188
CbWHA1_7292.1.p1	CFAC1_230049200.1-p1	275
CbWHA1_7296.1.p1	CFAC1_230048800.1-p1	541
CbWHA1_7297.1.p1	CFAC1_230048700.1-p1	577
CbWHA1_7299.1.p1	CFAC1_230048400.1-p1	623
CbWHA1_73.1.p1	CFAC1_160021100.1-p1	1213
CbWHA1_7300.1.p1	CFAC1_230048300.1-p1	645
CbWHA1_7301.1.p1	CFAC1_230048200.1-p1	1201
CbWHA1_7302.1.p1	CFAC1_230048100.1-p1	577
CbWHA1_7308.1.p1	CFAC1_230046800.1-p1	570
CbWHA1_7309.1.p1	CFAC1_230046700.1-p1	293
CbWHA1_7311.1.p1	CFAC1_230046500.1-p1	646
CbWHA1_7312.1.p1	CFAC1_230046400.1-p1	489
CbWHA1_7313.1.p1	CFAC1_230046300.1-p1	925
CbWHA1_7314.1.p1	CFAC1_230046200.1-p1	840
CbWHA1_7315.1.p1	CFAC1_230046000.1-p1	722
CbWHA1_7316.1.p1	CFAC1_230045900.1-p1	412
CbWHA1_7317.1.p1	CFAC1_230045700.1-p1	1295
CbWHA1_7319.1.p1	CFAC1_230045400.1-p1	134
CbWHA1_7322.1.p1	CFAC1_230045100.1-p1	701
CbWHA1_7323.1.p1	CFAC1_230045000.1-p1	572
CbWHA1_7324.1.p1	CFAC1_230044900.1-p1	344
CbWHA1_7325.1.p1	CFAC1_230044800.1-p1	470
CbWHA1_7326.1.p1	CFAC1_230044600.1-p1	420
CbWHA1_7328.1.p1	CFAC1_230044300.1-p1	175
CbWHA1_7329.1.p1	CFAC1_230042700.1-p1	1241
CbWHA1_7330.1.p1	CFAC1_230044200.1-p1	213
CbWHA1_7331.1.p1	CFAC1_230044100.1-p1	404
CbWHA1_7333.1.p1	CFAC1_230043800.1-p1	392
CbWHA1_7334.1.p1	CFAC1_230043700.1-p1	1386
CbWHA1_7335.1.p1	CFAC1_230043600.1-p1	221
CbWHA1_7338.1.p1	CFAC1_230043100.1-p1	267
CbWHA1_7339.1.p1	CFAC1_230043000.1-p1	914
CbWHA1_7340.1.p1	CFAC1_230042800.1-p1	871
CbWHA1_7343.1.p1	CFAC1_230042600.1-p1	194
CbWHA1_7344.1.p1	CFAC1_230042500.1-p1	1845
CbWHA1_7345.1.p1	CFAC1_230042300.1-p1	1217
CbWHA1_7347.1.p1	CFAC1_230042100.1-p1	1579
CbWHA1_735.1.p1	CFAC1_300014400.1-p1	824
CbWHA1_7350.1.p1	CFAC1_230042000.1-p1	446
CbWHA1_7351.1.p1	CFAC1_230041900.1-p1	462
CbWHA1_7354.1.p1	CFAC1_230041600.1-p1	184
CbWHA1_7355.1.p1	CFAC1_230041500.1-p1	991
CbWHA1_7357.1.p1	CFAC1_230041300.1-p1	62.4
CbWHA1_736.1.p1	CFAC1_300014600.1-p1	256
CbWHA1_7361.1.p1	CFAC1_230040900.1-p1	217
CbWHA1_7362.1.p1	CFAC1_230040800.1-p1	561
CbWHA1_7363.1.p1	CFAC1_230040600.1-p1	308
CbWHA1_7364.1.p1	CFAC1_230040400.1-p1	382
CbWHA1_7366.1.p1	CFAC1_230040100.1-p1	752
CbWHA1_7367.1.p1	CFAC1_230039900.1-p1	1829
CbWHA1_7368.1.p1	CFAC1_230039800.1-p1	260
CbWHA1_7369.1.p1	CFAC1_230039700.1-p1	294
CbWHA1_737.1.p1	CFAC1_300014700.1-p1	304
CbWHA1_7372.1.p1	CFAC1_230039100.1-p1	285
CbWHA1_7373.1.p1	CFAC1_230039000.1-p1	503
CbWHA1_7374.1.p1	CFAC1_230038900.1-p1	1234
CbWHA1_7375.1.p1	CFAC1_230038800.1-p1	269
CbWHA1_7376.1.p1	CFAC1_230038700.1-p1	632
CbWHA1_7379.1.p1	CFAC1_230038300.1-p1	655
CbWHA1_738.1.p1	CFAC1_300014800.1-p1	506
CbWHA1_7380.1.p1	CFAC1_230038200.1-p1	690
CbWHA1_7383.1.p1	CFAC1_230037800.1-p1	975
CbWHA1_7384.1.p1	CFAC1_230037700.1-p1	839
CbWHA1_7386.1.p1	CFAC1_230037600.1-p1	839
CbWHA1_7387.1.p1	CFAC1_230037200.1-p1	427
CbWHA1_7388.1.p1	CFAC1_230037500.1-p1	240
CbWHA1_7389.1.p1	CFAC1_230037400.1-p1	367
CbWHA1_7390.1.p1	CFAC1_230037300.1-p1	534
CbWHA1_7391.1.p1	CFAC1_230037100.1-p1	793
CbWHA1_7392.1.p1	CFAC1_230037000.1-p1	1256
CbWHA1_7393.1.p1	CFAC1_230036700.1-p1	423
CbWHA1_7394.1.p1	CFAC1_230036600.1-p1	276
CbWHA1_7396.1.p1	CFAC1_230036000.1-p1	518
CbWHA1_7397.1.p1	CFAC1_230035900.1-p1	275
CbWHA1_7399.1.p1	CFAC1_230035500.1-p1	839
CbWHA1_74.1.p1	CFAC1_160021000.1-p1	5381
CbWHA1_740.1.p1	CFAC1_300015000.1-p1	203
CbWHA1_7400.1.p1	CFAC1_230035400.1-p1	369
CbWHA1_7401.1.p1	CFAC1_230035300.1-p1	1153
CbWHA1_7402.1.p1	CFAC1_230035200.1-p1	617
CbWHA1_7403.1.p1	CFAC1_230035100.1-p1	1267
CbWHA1_7404.1.p1	CFAC1_230035000.1-p1	452
CbWHA1_7405.1.p1	CFAC1_230034900.1-p1	315
CbWHA1_7406.1.p1	CFAC1_230034800.1-p1	333
CbWHA1_7407.1.p1	CFAC1_230034700.1-p1	891
CbWHA1_7409.1.p1	CFAC1_230034500.1-p1	249
CbWHA1_741.1.p1	CFAC1_300015200.1-p1	168
CbWHA1_7410.1.p1	CFAC1_230034400.1-p1	2212
CbWHA1_7411.1.p1	CFAC1_230034300.1-p1	2001
CbWHA1_7412.1.p1	CFAC1_230034200.1-p1	612
CbWHA1_7413.1.p1	CFAC1_230034100.1-p1	829
CbWHA1_7419.1.p1	CFAC1_230033600.1-p1	373
CbWHA1_742.1.p1	CFAC1_300015300.1-p1	723
CbWHA1_7420.1.p1	CFAC1_230033400.1-p1	1378
CbWHA1_7421.1.p1	CFAC1_230033300.1-p1	272
CbWHA1_7422.1.p1	CFAC1_230033200.1-p1	691
CbWHA1_7423.1.p1	CFAC1_230032800.1-p1	1860
CbWHA1_7424.1.p1	CFAC1_230032700.1-p1	604
CbWHA1_7425.1.p1	CFAC1_230032300.1-p1	751
CbWHA1_7426.1.p1	CFAC1_230032200.1-p1	993
CbWHA1_7427.1.p1	CFAC1_230032100.1-p1	886
CbWHA1_7428.1.p1	CFAC1_230032000.1-p1	850
CbWHA1_743.1.p1	CFAC1_300015400.1-p1	1621
CbWHA1_7430.1.p1	CFAC1_230031900.1-p1	1623
CbWHA1_7434.1.p1	CFAC1_230031700.1-p1	936
CbWHA1_7435.1.p1	CFAC1_230031600.1-p1	7229
CbWHA1_7436.1.p1	CFAC1_230031500.1-p1	938
CbWHA1_744.1.p1	CFAC1_300015500.1-p1	100
CbWHA1_7440.1.p1	CFAC1_230030800.1-p1	850
CbWHA1_7441.1.p1	CFAC1_230031100.1-p1	866
CbWHA1_7446.1.p1	CFAC1_230030700.1-p1	773
CbWHA1_7448.1.p1	CFAC1_230030500.1-p1	898
CbWHA1_7449.1.p1	CFAC1_230030400.1-p1	2030
CbWHA1_745.1.p1	CFAC1_300015600.1-p1	902
CbWHA1_7450.1.p1	CFAC1_230030300.1-p1	801
CbWHA1_7452.1.p1	CFAC1_230030200.1-p1	1018
CbWHA1_7454.1.p1	CFAC1_230029700.1-p1	508
CbWHA1_7457.1.p1	CFAC1_230028700.1-p1	944
CbWHA1_7458.1.p1	CFAC1_230028600.1-p1	506
CbWHA1_7459.1.p1	CFAC1_230028100.1-p1	152
CbWHA1_746.1.p1	CFAC1_300015800.1-p1	1524
CbWHA1_7460.1.p1	CFAC1_230028400.1-p1	889
CbWHA1_7461.1.p1	CFAC1_230028300.1-p1	1263
CbWHA1_7463.1.p1	CFAC1_230028000.1-p1	665
CbWHA1_7464.1.p1	CFAC1_230027800.1-p1	926
CbWHA1_7465.1.p1	CFAC1_230027700.1-p1	323
CbWHA1_7466.1.p1	CFAC1_230027200.1-p1	173
CbWHA1_7467.1.p1	CFAC1_230027600.1-p1	1050
CbWHA1_7468.1.p1	CFAC1_230027300.1-p1	1043
CbWHA1_7469.1.p1	CFAC1_230027100.1-p1	1558
CbWHA1_747.1.p1	CFAC1_300015900.1-p1	369
CbWHA1_7470.1.p1	CFAC1_230027000.1-p1	320
CbWHA1_7471.1.p1	CFAC1_230026900.1-p1	471
CbWHA1_7473.1.p1	CFAC1_230026700.1-p1	959
CbWHA1_7474.1.p1	CFAC1_230026600.1-p1	347
CbWHA1_7475.1.p1	CFAC1_230026300.1-p1	239
CbWHA1_7476.1.p1	CFAC1_230026200.1-p1	701
CbWHA1_7478.1.p1	CFAC1_230026000.1-p1	350
CbWHA1_7479.1.p1	CFAC1_230025900.1-p1	335
CbWHA1_748.1.p1	CFAC1_300016000.1-p1	1364
CbWHA1_7480.1.p1	CFAC1_230025800.1-p1	228
CbWHA1_7482.1.p1	CFAC1_230025500.1-p1	1340
CbWHA1_7483.1.p1	CFAC1_230025400.1-p1	838
CbWHA1_7484.1.p1	CFAC1_230025300.1-p1	196
CbWHA1_7485.1.p1	CFAC1_230025200.1-p1	603
CbWHA1_7486.1.p1	CFAC1_230025100.1-p1	308
CbWHA1_7489.1.p1	CFAC1_230024500.1-p1	1141
CbWHA1_749.1.p1	CFAC1_300016100.1-p1	439
CbWHA1_7490.1.p1	CFAC1_230024300.1-p1	602
CbWHA1_7491.1.p1	CFAC1_230024200.1-p1	1177
CbWHA1_7494.1.p1	CFAC1_230023900.1-p1	2185
CbWHA1_7495.1.p1	CFAC1_230023800.1-p1	173
CbWHA1_7497.1.p1	CFAC1_230023500.1-p1	357
CbWHA1_7499.1.p1	CFAC1_230022900.1-p1	1036
CbWHA1_75.1.p1	CFAC1_160020700.1-p1	324
CbWHA1_750.1.p1	CFAC1_300017300.1-p1	706
CbWHA1_7503.1.p1	CFAC1_230022600.1-p1	930
CbWHA1_7506.1.p1	CFAC1_230022200.1-p1	151
CbWHA1_7507.1.p1	CFAC1_230022000.1-p1	1061
CbWHA1_7508.1.p1	CFAC1_230021700.1-p1	152
CbWHA1_751.1.p1	CFAC1_300016200.1-p1	371
CbWHA1_7510.1.p1	CFAC1_230021200.1-p1	365
CbWHA1_7511.1.p1	CFAC1_230021000.1-p1	569
CbWHA1_7512.1.p1	CFAC1_230020700.1-p1	1415
CbWHA1_7514.1.p1	CFAC1_230020400.1-p1	387
CbWHA1_7515.1.p1	CFAC1_230020200.1-p1	911
CbWHA1_7516.1.p1	CFAC1_230020100.1-p1	1417
CbWHA1_7517.1.p1	CFAC1_230020000.1-p1	133
CbWHA1_7518.1.p1	CFAC1_230019900.1-p1	1966
CbWHA1_752.1.p1	CFAC1_300016300.1-p1	400
CbWHA1_7520.1.p1	CFAC1_230019800.1-p1	1817
CbWHA1_7522.1.p1	CFAC1_230019300.1-p1	160
CbWHA1_7525.1.p1	CFAC1_280028300.1-p1	860
CbWHA1_7528.1.p1	CFAC1_280027900.1-p1	715
CbWHA1_7529.1.p1	CFAC1_280027700.1-p1	454
CbWHA1_753.1.p1	CFAC1_300016500.1-p1	1390
CbWHA1_7530.1.p1	CFAC1_280027600.1-p1	922
CbWHA1_7532.1.p1	CFAC1_280027200.1-p1	587
CbWHA1_7533.1.p1	CFAC1_280027100.1-p1	398
CbWHA1_7534.1.p1	CFAC1_280027000.1-p1	854
CbWHA1_7535.1.p1	CFAC1_280026900.1-p1	360
CbWHA1_7537.1.p1	CFAC1_280026700.1-p1	317
CbWHA1_754.1.p1	CFAC1_260061500.1-p1	277
CbWHA1_7540.1.p1	CFAC1_280026200.1-p1	238
CbWHA1_7541.1.p1	CFAC1_280026100.1-p1	300
CbWHA1_7544.1.p1	CFAC1_280025900.1-p1	309
CbWHA1_7546.1.p1	CFAC1_280025800.1-p1	278
CbWHA1_7547.1.p1	CFAC1_280025600.1-p1	258
CbWHA1_7549.1.p1	CFAC1_280025400.1-p1	773
CbWHA1_755.1.p1	CFAC1_300016900.1-p1	456
CbWHA1_7550.1.p1	CFAC1_280025300.1-p1	736
CbWHA1_7551.1.p1	CFAC1_280025200.1-p1	773
CbWHA1_7553.1.p1	CFAC1_280024900.1-p1	483
CbWHA1_7554.1.p1	CFAC1_280024800.1-p1	767
CbWHA1_7555.1.p1	CFAC1_280024700.1-p1	110
CbWHA1_7556.1.p1	CFAC1_280024600.1-p1	296
CbWHA1_7557.1.p1	CFAC1_280024500.1-p1	139
CbWHA1_756.1.p1	CFAC1_300017200.1-p1	169
CbWHA1_7560.1.p1	CFAC1_280024200.1-p1	359
CbWHA1_7561.1.p1	CFAC1_280024100.1-p1	291
CbWHA1_7562.1.p1	CFAC1_280024000.1-p1	751
CbWHA1_7564.1.p1	CFAC1_280023700.1-p1	930
CbWHA1_7565.1.p1	CFAC1_280023600.1-p1	89.0
CbWHA1_7566.1.p1	CFAC1_280023400.1-p1	431
CbWHA1_7567.1.p1	CFAC1_280023300.1-p1	103
CbWHA1_7568.1.p1	CFAC1_280023100.1-p1	653
CbWHA1_7569.1.p1	CFAC1_280023000.1-p1	311
CbWHA1_757.1.p1	CFAC1_300017400.1-p1	443
CbWHA1_7571.1.p1	CFAC1_280022700.1-p1	552
CbWHA1_7572.1.p1	CFAC1_280022600.1-p1	169
CbWHA1_7573.1.p1	CFAC1_280022500.1-p1	699
CbWHA1_7574.1.p1	CFAC1_280022400.1-p1	774
CbWHA1_7575.1.p1	CFAC1_280022300.1-p1	837
CbWHA1_7577.1.p1	CFAC1_280022000.1-p1	560
CbWHA1_7578.1.p1	CFAC1_280021900.1-p1	381
CbWHA1_7579.1.p1	CFAC1_280021800.1-p1	1286
CbWHA1_758.1.p1	CFAC1_300017500.1-p1	892
CbWHA1_7580.1.p1	CFAC1_280020400.1-p1	385
CbWHA1_7581.1.p1	CFAC1_280021700.1-p1	210
CbWHA1_7582.1.p1	CFAC1_140023700.1-p1	63.5
CbWHA1_7583.1.p1	CFAC1_280021500.1-p1	1442
CbWHA1_7584.1.p1	CFAC1_280020900.1-p1	345
CbWHA1_7588.1.p1	CFAC1_280020200.1-p1	1333
CbWHA1_7589.1.p1	CFAC1_280020100.1-p1	613
CbWHA1_7590.1.p1	CFAC1_280020000.1-p1	426
CbWHA1_7593.1.p1	CFAC1_280019800.1-p1	508
CbWHA1_7595.1.p1	CFAC1_280019500.1-p1	718
CbWHA1_7596.1.p1	CFAC1_280019100.1-p1	218
CbWHA1_7597.1.p1	CFAC1_280019000.1-p1	368
CbWHA1_7598.1.p1	CFAC1_280018900.1-p1	399
CbWHA1_7599.1.p1	CFAC1_280018700.1-p1	1583
CbWHA1_7600.1.p1	CFAC1_280018600.1-p1	900
CbWHA1_7602.1.p1	CFAC1_280018400.1-p1	556
CbWHA1_7603.1.p1	CFAC1_280018000.1-p1	149
CbWHA1_7604.1.p1	CFAC1_280017900.1-p1	291
CbWHA1_7605.1.p1	CFAC1_280017400.1-p1	1205
CbWHA1_7606.1.p1	CFAC1_280017800.1-p1	325
CbWHA1_7607.1.p1	CFAC1_280017500.1-p1	829
CbWHA1_7608.1.p1	CFAC1_130028700.1-p1	901
CbWHA1_7609.1.p1	CFAC1_130028700.1-p1	901
CbWHA1_761.1.p1	CFAC1_300017900.1-p1	588
CbWHA1_7610.1.p1	CFAC1_130028700.1-p1	901
CbWHA1_7611.1.p1	CFAC1_130028700.1-p1	901
CbWHA1_7614.1.p1	CFAC1_280017200.1-p1	1072
CbWHA1_7615.1.p1	CFAC1_280017000.1-p1	719
CbWHA1_7617.1.p1	CFAC1_280016900.1-p1	752
CbWHA1_7618.1.p1	CFAC1_280016800.1-p1	325
CbWHA1_7619.1.p1	CFAC1_280016700.1-p1	186
CbWHA1_762.1.p1	CFAC1_300018000.1-p1	1733
CbWHA1_7622.1.p1	CFAC1_280016600.1-p1	825
CbWHA1_7623.1.p1	CFAC1_280016500.1-p1	383
CbWHA1_7624.1.p1	CFAC1_280016400.1-p1	659
CbWHA1_7626.1.p1	CFAC1_280016200.1-p1	783
CbWHA1_7627.1.p1	CFAC1_280016100.1-p1	681
CbWHA1_7628.1.p1	CFAC1_280016000.1-p1	278
CbWHA1_7629.1.p1	CFAC1_280015600.1-p1	1320
CbWHA1_763.1.p1	CFAC1_300018100.1-p1	334
CbWHA1_7631.1.p1	CFAC1_280015400.1-p1	369
CbWHA1_7634.1.p1	CFAC1_280015100.1-p1	301
CbWHA1_7637.1.p1	CFAC1_280015000.1-p1	352
CbWHA1_7638.1.p1	CFAC1_280014800.1-p1	1173
CbWHA1_764.1.p1	CFAC1_300018300.1-p1	468
CbWHA1_7640.1.p1	CFAC1_280014600.1-p1	375
CbWHA1_7641.1.p1	CFAC1_280014500.1-p1	872
CbWHA1_7642.1.p1	CFAC1_280014200.1-p1	2642
CbWHA1_7643.1.p1	CFAC1_280014100.1-p1	528
CbWHA1_7645.1.p1	CFAC1_280013900.1-p1	1332
CbWHA1_7646.1.p1	CFAC1_280013800.1-p1	661
CbWHA1_7647.1.p1	CFAC1_280013800.1-p1	614
CbWHA1_7648.1.p1	CFAC1_280013600.1-p1	573
CbWHA1_7649.1.p1	CFAC1_280013300.1-p1	374
CbWHA1_765.1.p1	CFAC1_300018400.1-p1	898
CbWHA1_7650.1.p1	CFAC1_280013200.1-p1	847
CbWHA1_7652.1.p1	CFAC1_280013000.1-p1	353
CbWHA1_7653.1.p1	CFAC1_280012800.1-p1	481
CbWHA1_7655.1.p1	CFAC1_280012400.1-p1	547
CbWHA1_7656.1.p1	CFAC1_280012300.1-p1	388
CbWHA1_7657.1.p1	CFAC1_280012200.1-p1	563
CbWHA1_7658.1.p1	CFAC1_280012100.1-p1	847
CbWHA1_7659.1.p1	CFAC1_280011900.1-p1	1226
CbWHA1_766.1.p1	CFAC1_300018500.1-p1	290
CbWHA1_7660.1.p1	CFAC1_280011600.1-p1	635
CbWHA1_7661.1.p1	CFAC1_280011500.1-p1	739
CbWHA1_7664.1.p1	CFAC1_280011000.1-p1	485
CbWHA1_7665.1.p1	CFAC1_280011900.1-p1	1225
CbWHA1_7667.1.p1	CFAC1_170016800.1-p1	368
CbWHA1_7669.1.p1	CFAC1_280010200.1-p1	802
CbWHA1_767.1.p1	CFAC1_300018600.1-p1	1136
CbWHA1_7671.1.p1	CFAC1_280010400.1-p1	914
CbWHA1_7672.1.p1	CFAC1_280010300.1-p1	933
CbWHA1_7675.1.p1	CFAC1_280010400.1-p1	914
CbWHA1_7676.1.p1	CFAC1_280010300.1-p1	933
CbWHA1_7677.1.p1	CFAC1_280010200.1-p1	899
CbWHA1_7679.1.p1	CFAC1_280010100.1-p1	786
CbWHA1_7682.1.p1	CFAC1_280009700.1-p1	719
CbWHA1_7684.1.p1	CFAC1_280009100.1-p1	773
CbWHA1_7687.1.p1	CFAC1_280008800.1-p1	694
CbWHA1_7688.1.p1	CFAC1_280008600.1-p1	355
CbWHA1_7689.1.p1	CFAC1_280008400.1-p1	496
CbWHA1_769.1.p1	CFAC1_300018800.1-p1	1153
CbWHA1_7690.1.p1	CFAC1_280008200.1-p1	478
CbWHA1_7691.1.p1	CFAC1_280007800.1-p1	366
CbWHA1_7692.1.p1	CFAC1_280007700.1-p1	758
CbWHA1_7693.1.p1	CFAC1_280007600.1-p1	275
CbWHA1_7694.1.p1	CFAC1_280007500.1-p1	887
CbWHA1_7695.1.p1	CFAC1_280007400.1-p1	586
CbWHA1_7696.1.p1	CFAC1_280007300.1-p1	241
CbWHA1_7697.1.p1	CFAC1_280006700.1-p1	158
CbWHA1_7698.1.p1	CFAC1_280007100.1-p1	595
CbWHA1_7699.1.p1	CFAC1_280006900.1-p1	1493
CbWHA1_77.1.p1	CFAC1_160020600.1-p1	486
CbWHA1_770.1.p1	CFAC1_300019100.1-p1	552
CbWHA1_7701.1.p1	CFAC1_290076100.1-p1	1379
CbWHA1_7702.1.p1	CFAC1_160031000.1-p1	546
CbWHA1_7706.1.p1	CFAC1_160031300.1-p1	459
CbWHA1_7709.1.p1	CFAC1_220028700.1-p1	439
CbWHA1_771.1.p1	CFAC1_300019200.1-p1	1099
CbWHA1_7711.1.p1	CFAC1_220028500.1-p1	663
CbWHA1_7712.1.p1	CFAC1_220028400.1-p1	457
CbWHA1_7713.1.p1	CFAC1_220028200.1-p1	562
CbWHA1_7714.1.p1	CFAC1_220028100.1-p1	105
CbWHA1_7715.1.p1	CFAC1_220028000.1-p1	509
CbWHA1_7717.1.p1	CFAC1_220027900.1-p1	1154
CbWHA1_7718.1.p1	CFAC1_220027900.1-p1	923
CbWHA1_772.1.p1	CFAC1_300020100.1-p1	691
CbWHA1_7723.1.p1	CFAC1_220027200.1-p1	479
CbWHA1_7726.1.p1	CFAC1_220026700.1-p1	405
CbWHA1_7728.1.p1	CFAC1_220026600.1-p1	340
CbWHA1_773.1.p1	CFAC1_300020200.1-p1	511
CbWHA1_7730.1.p1	CFAC1_220026300.1-p1	475
CbWHA1_7731.1.p1	CFAC1_220026200.1-p1	400
CbWHA1_7732.1.p1	CFAC1_220026100.1-p1	253
CbWHA1_7733.1.p1	CFAC1_220025900.1-p1	463
CbWHA1_7734.1.p1	CFAC1_220025300.1-p1	315
CbWHA1_7735.1.p1	CFAC1_220025700.1-p1	534
CbWHA1_7736.1.p1	CFAC1_220025600.1-p1	796
CbWHA1_7738.1.p1	CFAC1_220025400.1-p1	386
CbWHA1_7740.1.p1	CFAC1_220025100.1-p1	474
CbWHA1_7741.1.p1	CFAC1_220025000.1-p1	1486
CbWHA1_7742.1.p1	CFAC1_220024900.1-p1	1715
CbWHA1_7743.1.p1	CFAC1_220024800.1-p1	771
CbWHA1_7746.1.p1	CFAC1_180021700.1-p1	488
CbWHA1_7747.1.p1	CFAC1_180021800.1-p1	946
CbWHA1_7748.1.p1	CFAC1_180021900.1-p1	733
CbWHA1_7749.1.p1	CFAC1_180022000.1-p1	329
CbWHA1_775.1.p1	CFAC1_300020300.1-p1	1499
CbWHA1_7751.1.p1	CFAC1_180020900.1-p1	761
CbWHA1_7752.1.p1	CFAC1_180021000.1-p1	597
CbWHA1_7753.1.p1	CFAC1_180021200.1-p1	701
CbWHA1_7754.1.p1	CFAC1_180022100.1-p1	1501
CbWHA1_7755.1.p1	CFAC1_180022200.1-p1	1020
CbWHA1_7756.1.p1	CFAC1_180022300.1-p1	362
CbWHA1_7757.1.p1	CFAC1_180022500.1-p1	448
CbWHA1_7758.1.p1	CFAC1_180022600.1-p1	713
CbWHA1_776.1.p1	CFAC1_300020500.1-p1	434
CbWHA1_7760.1.p1	CFAC1_180022700.1-p1	791
CbWHA1_7761.1.p1	CFAC1_180022800.1-p1	436
CbWHA1_7762.1.p1	CFAC1_180022900.1-p1	526
CbWHA1_7764.1.p1	CFAC1_180023700.1-p1	483
CbWHA1_7765.1.p1	CFAC1_180023200.1-p1	471
CbWHA1_7766.1.p1	CFAC1_180023300.1-p1	266
CbWHA1_7767.1.p1	CFAC1_180023300.1-p1	265
CbWHA1_7768.1.p1	CFAC1_180023500.1-p1	632
CbWHA1_7769.1.p1	CFAC1_180023800.1-p1	448
CbWHA1_7770.1.p1	CFAC1_180023900.1-p1	805
CbWHA1_7771.1.p1	CFAC1_180024100.1-p1	1644
CbWHA1_7773.1.p1	CFAC1_180024900.1-p1	334
CbWHA1_7774.1.p1	CFAC1_180025000.1-p1	221
CbWHA1_7777.1.p1	CFAC1_250043000.1-p1	112
CbWHA1_7778.1.p1	CFAC1_180024500.1-p1	1787
CbWHA1_7779.1.p1	CFAC1_180025100.1-p1	2544
CbWHA1_778.1.p1	CFAC1_300020700.1-p1	314
CbWHA1_7780.1.p1	CFAC1_180025200.1-p1	783
CbWHA1_7782.1.p1	CFAC1_180025700.1-p1	387
CbWHA1_7783.1.p1	CFAC1_180025900.1-p1	196
CbWHA1_7785.1.p1	CFAC1_180026100.1-p1	781
CbWHA1_7786.1.p1	CFAC1_180026200.1-p1	277
CbWHA1_7787.1.p1	CFAC1_180026300.1-p1	607
CbWHA1_7788.1.p1	CFAC1_180027300.1-p1	302
CbWHA1_7789.1.p1	CFAC1_180026400.1-p1	385
CbWHA1_779.1.p1	CFAC1_300020800.1-p1	798
CbWHA1_7790.1.p1	CFAC1_180026600.1-p1	891
CbWHA1_7791.1.p1	CFAC1_180026800.1-p1	2286
CbWHA1_7792.1.p1	CFAC1_180026900.1-p1	946
CbWHA1_7793.1.p1	CFAC1_180027000.1-p1	675
CbWHA1_7795.1.p1	CFAC1_180027700.1-p1	330
CbWHA1_7796.1.p1	CFAC1_180027800.1-p1	693
CbWHA1_7797.1.p1	CFAC1_180027900.1-p1	1286
CbWHA1_7798.1.p1	CFAC1_180028000.1-p1	584
CbWHA1_7799.1.p1	CFAC1_180028100.1-p1	1063
CbWHA1_78.1.p1	CFAC1_160020500.1-p1	474
CbWHA1_780.1.p1	CFAC1_300020900.1-p1	887
CbWHA1_7800.1.p1	CFAC1_180028300.1-p1	1155
CbWHA1_7801.1.p1	CFAC1_180028400.1-p1	1656
CbWHA1_7802.1.p1	CFAC1_180028500.1-p1	1384
CbWHA1_7803.1.p1	CFAC1_180028600.1-p1	149
CbWHA1_7804.1.p1	CFAC1_180028800.1-p1	785
CbWHA1_7805.1.p1	CFAC1_180029400.1-p1	468
CbWHA1_7806.1.p1	CFAC1_180028900.1-p1	335
CbWHA1_7807.1.p1	CFAC1_180029000.1-p1	659
CbWHA1_7808.1.p1	CFAC1_180029100.1-p1	714
CbWHA1_781.1.p1	CFAC1_300020900.1-p1	877
CbWHA1_7810.1.p1	CFAC1_180029400.1-p1	468
CbWHA1_7811.1.p1	CFAC1_180029500.1-p1	452
CbWHA1_7812.1.p1	CFAC1_180029600.1-p1	365
CbWHA1_7813.1.p1	CFAC1_180029800.1-p1	352
CbWHA1_7814.1.p1	CFAC1_180029900.1-p1	684
CbWHA1_7815.1.p1	CFAC1_180030000.1-p1	352
CbWHA1_7816.1.p1	CFAC1_180030100.1-p1	463
CbWHA1_7817.1.p1	CFAC1_180030200.1-p1	281
CbWHA1_7818.1.p1	CFAC1_180030300.1-p1	370
CbWHA1_7819.1.p1	CFAC1_180030400.1-p1	445
CbWHA1_782.1.p1	CFAC1_300021300.1-p1	1226
CbWHA1_7820.1.p1	CFAC1_180030500.1-p1	527
CbWHA1_7821.1.p1	CFAC1_180030600.1-p1	913
CbWHA1_7822.1.p1	CFAC1_180030700.1-p1	267
CbWHA1_7823.1.p1	CFAC1_180030800.1-p1	840
CbWHA1_7824.1.p1	CFAC1_180030900.1-p1	207
CbWHA1_7825.1.p1	CFAC1_180031000.1-p1	276
CbWHA1_7826.1.p1	CFAC1_180031100.1-p1	231
CbWHA1_7828.1.p1	CFAC1_180031300.1-p1	553
CbWHA1_7829.1.p1	CFAC1_180031500.1-p1	798
CbWHA1_783.1.p1	CFAC1_300021400.1-p1	212
CbWHA1_7830.1.p1	CFAC1_180031700.1-p1	317
CbWHA1_7835.1.p1	CFAC1_180031800.1-p1	110
CbWHA1_7837.1.p1	CFAC1_050027000.1-p1	322
CbWHA1_7839.1.p1	CFAC1_050026600.1-p1	2723
CbWHA1_784.1.p1	CFAC1_300021600.1-p1	586
CbWHA1_7841.1.p1	CFAC1_050026400.1-p1	208
CbWHA1_7844.1.p1	CFAC1_050025900.1-p1	179
CbWHA1_7845.1.p1	CFAC1_240039400.1-p1	235
CbWHA1_7846.1.p1	CFAC1_050025500.1-p1	407
CbWHA1_7847.1.p1	CFAC1_050025300.1-p1	681
CbWHA1_7848.1.p1	CFAC1_050025000.1-p1	1020
CbWHA1_7849.1.p1	CFAC1_050024900.1-p1	542
CbWHA1_785.1.p1	CFAC1_300021700.1-p1	1126
CbWHA1_7850.1.p1	CFAC1_050024800.1-p1	187
CbWHA1_7851.1.p1	CFAC1_050024600.1-p1	296
CbWHA1_7852.1.p1	CFAC1_050024300.1-p1	526
CbWHA1_7854.1.p1	CFAC1_050024200.1-p1	870
CbWHA1_7855.1.p1	CFAC1_050024100.1-p1	106
CbWHA1_7856.1.p1	CFAC1_050023900.1-p1	351
CbWHA1_7857.1.p1	CFAC1_050023800.1-p1	352
CbWHA1_7858.1.p1	CFAC1_050023700.1-p1	320
CbWHA1_7859.1.p1	CFAC1_050023600.1-p1	476
CbWHA1_786.1.p1	CFAC1_300021800.1-p1	669
CbWHA1_7860.1.p1	CFAC1_050023500.1-p1	632
CbWHA1_7861.1.p1	CFAC1_050023400.1-p1	216
CbWHA1_7862.1.p1	CFAC1_050023300.1-p1	525
CbWHA1_7863.1.p1	CFAC1_050023200.1-p1	2050
CbWHA1_7864.1.p1	CFAC1_050023100.1-p1	306
CbWHA1_7865.1.p1	CFAC1_050023000.1-p1	1663
CbWHA1_7866.1.p1	CFAC1_050022900.1-p1	386
CbWHA1_7868.1.p1	CFAC1_050022700.1-p1	155
CbWHA1_787.1.p1	CFAC1_300021900.1-p1	1108
CbWHA1_7870.1.p1	CFAC1_050022300.1-p1	506
CbWHA1_7871.1.p1	CFAC1_050021900.1-p1	600
CbWHA1_7872.1.p1	CFAC1_050021800.1-p1	737
CbWHA1_7873.1.p1	CFAC1_050021700.1-p1	506
CbWHA1_7874.1.p1	CFAC1_050021600.1-p1	268
CbWHA1_7875.1.p1	CFAC1_050021500.1-p1	212
CbWHA1_7876.1.p1	CFAC1_050021400.1-p1	249
CbWHA1_7877.1.p1	CFAC1_050021300.1-p1	387
CbWHA1_7878.1.p1	CFAC1_050021200.1-p1	185
CbWHA1_7879.1.p1	CFAC1_050021100.1-p1	899
CbWHA1_788.1.p1	CFAC1_300022000.1-p1	876
CbWHA1_7880.1.p1	CFAC1_050021000.1-p1	903
CbWHA1_7883.1.p1	CFAC1_050020500.1-p1	859
CbWHA1_7884.1.p1	CFAC1_050020000.1-p1	301
CbWHA1_7885.1.p1	CFAC1_050020000.1-p1	300
CbWHA1_789.1.p1	CFAC1_300022100.1-p1	354
CbWHA1_7892.1.p1	CFAC1_050019500.1-p1	104
CbWHA1_79.1.p1	CFAC1_160020400.1-p1	1976
CbWHA1_790.1.p1	CFAC1_300022200.1-p1	798
CbWHA1_7904.1.p1	CFAC1_050019400.1-p1	140
CbWHA1_7907.1.p1	CFAC1_050019200.1-p1	866
CbWHA1_791.1.p1	CFAC1_300022300.1-p1	545
CbWHA1_7912.1.p1	CFAC1_050018600.1-p1	4237
CbWHA1_7913.1.p1	CFAC1_050018500.1-p1	478
CbWHA1_7914.1.p1	CFAC1_050018300.1-p1	622
CbWHA1_7915.1.p1	CFAC1_050018300.1-p1	702
CbWHA1_7916.1.p1	CFAC1_050018300.1-p1	702
CbWHA1_7917.1.p1	CFAC1_050018300.1-p1	702
CbWHA1_7918.1.p1	CFAC1_050018300.1-p1	702
CbWHA1_7919.1.p1	CFAC1_050018300.1-p1	702
CbWHA1_792.1.p1	CFAC1_300022500.1-p1	1250
CbWHA1_7920.1.p1	CFAC1_050018300.1-p1	702
CbWHA1_7921.1.p1	CFAC1_050017900.1-p1	1382
CbWHA1_7922.1.p1	CFAC1_050018300.1-p1	702
CbWHA1_7923.1.p1	CFAC1_050018300.1-p1	702
CbWHA1_7924.1.p1	CFAC1_050018000.1-p1	723
CbWHA1_7926.1.p1	CFAC1_050017600.1-p1	230
CbWHA1_7927.1.p1	CFAC1_050017500.1-p1	300
CbWHA1_7928.1.p1	CFAC1_050017300.1-p1	2378
CbWHA1_7929.1.p1	CFAC1_050017200.1-p1	192
CbWHA1_793.1.p1	CFAC1_300022600.1-p1	860
CbWHA1_7931.1.p1	CFAC1_050016900.1-p1	364
CbWHA1_7932.1.p1	CFAC1_050016800.1-p1	678
CbWHA1_7933.1.p1	CFAC1_050016700.1-p1	1180
CbWHA1_7934.1.p1	CFAC1_050016600.1-p1	607
CbWHA1_7935.1.p1	CFAC1_050016500.1-p1	258
CbWHA1_7936.1.p1	CFAC1_050016400.1-p1	995
CbWHA1_7937.1.p1	CFAC1_050016300.1-p1	1080
CbWHA1_7938.1.p1	CFAC1_050016200.1-p1	430
CbWHA1_794.1.p1	CFAC1_300022700.1-p1	458
CbWHA1_7940.1.p1	CFAC1_050016100.1-p1	1336
CbWHA1_7942.1.p1	CFAC1_050015500.1-p1	1286
CbWHA1_7948.1.p1	CFAC1_050015000.1-p1	181
CbWHA1_7949.1.p1	CFAC1_100016500.1-p1	472
CbWHA1_795.1.p1	CFAC1_300023500.1-p1	479
CbWHA1_7950.1.p1	CFAC1_100016400.1-p1	240
CbWHA1_7952.1.p1	CFAC1_100016200.1-p1	448
CbWHA1_7953.1.p1	CFAC1_100016100.1-p1	619
CbWHA1_7954.1.p1	CFAC1_100016000.1-p1	763
CbWHA1_7955.1.p1	CFAC1_100015900.1-p1	1082
CbWHA1_7956.1.p1	CFAC1_100015800.1-p1	846
CbWHA1_7957.1.p1	CFAC1_100014500.1-p1	229
CbWHA1_7958.1.p1	CFAC1_100014500.1-p1	229
CbWHA1_796.1.p1	CFAC1_300023900.1-p1	465
CbWHA1_7960.1.p1	CFAC1_100015600.1-p1	535
CbWHA1_7963.1.p1	CFAC1_100015100.1-p1	681
CbWHA1_7964.1.p1	CFAC1_100014400.1-p1	252
CbWHA1_7965.1.p1	CFAC1_100014300.1-p1	273
CbWHA1_7966.1.p1	CFAC1_100014100.1-p1	398
CbWHA1_7967.1.p1	CFAC1_100013900.1-p1	377
CbWHA1_7968.1.p1	CFAC1_100013700.1-p1	1381
CbWHA1_7969.1.p1	CFAC1_100013600.1-p1	479
CbWHA1_797.1.p1	CFAC1_300024100.1-p1	89.4
CbWHA1_7970.1.p1	CFAC1_100012800.1-p1	526
CbWHA1_7971.1.p1	CFAC1_100013500.1-p1	1073
CbWHA1_7972.1.p1	CFAC1_100013200.1-p1	1089
CbWHA1_7973.1.p1	CFAC1_100012900.1-p1	834
CbWHA1_7974.1.p1	CFAC1_100012700.1-p1	700
CbWHA1_7975.1.p1	CFAC1_100012600.1-p1	885
CbWHA1_7976.1.p1	CFAC1_100012500.1-p1	880
CbWHA1_7977.1.p1	CFAC1_100012400.1-p1	1251
CbWHA1_7978.1.p1	CFAC1_100012200.1-p1	454
CbWHA1_7979.1.p1	CFAC1_100012100.1-p1	379
CbWHA1_798.1.p1	CFAC1_300024400.1-p1	637
CbWHA1_7981.1.p1	CFAC1_100011800.1-p1	239
CbWHA1_7982.1.p1	CFAC1_100011600.1-p1	253
CbWHA1_7983.1.p1	CFAC1_100011500.1-p1	145
CbWHA1_7984.1.p1	CFAC1_100011200.1-p1	990
CbWHA1_7985.1.p1	CFAC1_100011100.1-p1	729
CbWHA1_7986.1.p1	CFAC1_100011000.1-p1	202
CbWHA1_7987.1.p1	CFAC1_100010900.1-p1	549
CbWHA1_799.1.p1	CFAC1_300024600.1-p1	375
CbWHA1_7990.1.p1	CFAC1_100010600.1-p1	301
CbWHA1_7991.1.p1	CFAC1_100010500.1-p1	1368
CbWHA1_7992.1.p1	CFAC1_100010300.1-p1	827
CbWHA1_7993.1.p1	CFAC1_100010100.1-p1	467
CbWHA1_7994.1.p1	CFAC1_100010000.1-p1	538
CbWHA1_8.1.p1	CFAC1_160030900.1-p1	489
CbWHA1_8004.1.p1	CFAC1_100008000.1-p1	779
CbWHA1_8006.1.p1	CFAC1_100007800.1-p1	736
CbWHA1_8007.1.p1	CFAC1_100007400.1-p1	243
CbWHA1_8008.1.p1	CFAC1_100007600.1-p1	641
CbWHA1_801.1.p1	CFAC1_300024800.1-p1	443
CbWHA1_8010.1.p1	CFAC1_100007300.1-p1	2244
CbWHA1_8011.1.p1	CFAC1_100007200.1-p1	249
CbWHA1_8012.1.p1	CFAC1_100007100.1-p1	405
CbWHA1_8013.1.p1	CFAC1_100006900.1-p1	315
CbWHA1_8014.1.p1	CFAC1_100006700.1-p1	621
CbWHA1_8016.1.p1	CFAC1_100006300.1-p1	228
CbWHA1_8018.1.p1	CFAC1_100006200.1-p1	673
CbWHA1_802.1.p1	CFAC1_300024900.1-p1	739
CbWHA1_8020.1.p1	CFAC1_030005800.1-p1	263
CbWHA1_8025.1.p1	CFAC1_180005700.1-p1	421
CbWHA1_8026.1.p1	CFAC1_260005700.1-p1	186
CbWHA1_8027.1.p1	CFAC1_180005900.1-p1	2191
CbWHA1_8028.1.p1	CFAC1_180006000.1-p1	620
CbWHA1_8029.1.p1	CFAC1_180006100.1-p1	431
CbWHA1_803.1.p1	CFAC1_300025000.1-p1	266
CbWHA1_8030.1.p1	CFAC1_180006200.1-p1	823
CbWHA1_8031.1.p1	CFAC1_180006300.1-p1	268
CbWHA1_8033.1.p1	CFAC1_180006700.1-p1	991
CbWHA1_8034.1.p1	CFAC1_180007100.1-p1	855
CbWHA1_8035.1.p1	CFAC1_180006800.1-p1	1957
CbWHA1_8036.1.p1	CFAC1_180006900.1-p1	840
CbWHA1_8038.1.p1	CFAC1_180007200.1-p1	840
CbWHA1_8039.1.p1	CFAC1_180007300.1-p1	667
CbWHA1_8040.1.p1	CFAC1_180007400.1-p1	506
CbWHA1_8041.1.p1	CFAC1_180008200.1-p1	1051
CbWHA1_8043.1.p1	CFAC1_180007500.1-p1	1225
CbWHA1_8044.1.p1	CFAC1_180007600.1-p1	651
CbWHA1_8045.1.p1	CFAC1_180007700.1-p1	537
CbWHA1_8047.1.p1	CFAC1_180008000.1-p1	704
CbWHA1_8048.1.p1	CFAC1_180008400.1-p1	418
CbWHA1_805.1.p1	CFAC1_300025200.1-p1	676
CbWHA1_8050.1.p1	CFAC1_180008500.1-p1	573
CbWHA1_8051.1.p1	CFAC1_180008600.1-p1	4251
CbWHA1_8053.1.p1	CFAC1_180008800.1-p1	458
CbWHA1_8054.1.p1	CFAC1_180008900.1-p1	738
CbWHA1_8055.1.p1	CFAC1_180009000.1-p1	979
CbWHA1_8056.1.p1	CFAC1_180009100.1-p1	620
CbWHA1_8058.1.p1	CFAC1_180009300.1-p1	641
CbWHA1_806.1.p1	CFAC1_300025300.1-p1	421
CbWHA1_8060.1.p1	CFAC1_180009600.1-p1	209
CbWHA1_8061.1.p1	CFAC1_180009900.1-p1	206
CbWHA1_8062.1.p1	CFAC1_180010000.1-p1	475
CbWHA1_8063.1.p1	CFAC1_180010100.1-p1	1751
CbWHA1_8064.1.p1	CFAC1_180010200.1-p1	1724
CbWHA1_8065.1.p1	CFAC1_180010500.1-p1	618
CbWHA1_8067.1.p1	CFAC1_180010600.1-p1	695
CbWHA1_8068.1.p1	CFAC1_180010700.1-p1	630
CbWHA1_8069.1.p1	CFAC1_180010800.1-p1	635
CbWHA1_807.1.p1	CFAC1_300025600.1-p1	490
CbWHA1_8070.1.p1	CFAC1_180010900.1-p1	539
CbWHA1_8071.1.p1	CFAC1_180011800.1-p1	85.9
CbWHA1_8072.1.p1	CFAC1_180012000.1-p1	814
CbWHA1_8073.1.p1	CFAC1_180012100.1-p1	736
CbWHA1_8076.1.p1	CFAC1_180012400.1-p1	676
CbWHA1_8077.1.p1	CFAC1_180012500.1-p1	820
CbWHA1_8078.1.p1	CFAC1_180012600.1-p1	466
CbWHA1_8079.1.p1	CFAC1_180012800.1-p1	389
CbWHA1_808.1.p1	CFAC1_300025700.1-p1	299
CbWHA1_8080.1.p1	CFAC1_180012900.1-p1	650
CbWHA1_8081.1.p1	CFAC1_180013200.1-p1	306
CbWHA1_8082.1.p1	CFAC1_180013300.1-p1	460
CbWHA1_8083.1.p1	CFAC1_180013500.1-p1	764
CbWHA1_8084.1.p1	CFAC1_180013600.1-p1	335
CbWHA1_8085.1.p1	CFAC1_180013700.1-p1	1036
CbWHA1_8086.1.p1	CFAC1_180013900.1-p1	1034
CbWHA1_8087.1.p1	CFAC1_180014000.1-p1	404
CbWHA1_809.1.p1	CFAC1_300025800.1-p1	226
CbWHA1_8090.1.p1	CFAC1_180014400.1-p1	1025
CbWHA1_8091.1.p1	CFAC1_180014200.1-p1	729
CbWHA1_8092.1.p1	CFAC1_180014300.1-p1	841
CbWHA1_8094.1.p1	CFAC1_180014500.1-p1	2952
CbWHA1_810.1.p1	CFAC1_300025900.1-p1	238
CbWHA1_8103.1.p1	CFAC1_180014700.1-p1	691
CbWHA1_8105.1.p1	CFAC1_180015400.1-p1	408
CbWHA1_8107.1.p1	CFAC1_180015600.1-p1	488
CbWHA1_8108.1.p1	CFAC1_180015700.1-p1	2013
CbWHA1_8109.1.p1	CFAC1_180015800.1-p1	313
CbWHA1_811.1.p1	CFAC1_300026200.1-p1	92.4
CbWHA1_8110.1.p1	CFAC1_180015900.1-p1	701
CbWHA1_8111.1.p1	CFAC1_180016200.1-p1	632
CbWHA1_8112.1.p1	CFAC1_180016400.1-p1	640
CbWHA1_8113.1.p1	CFAC1_180016500.1-p1	1575
CbWHA1_8114.1.p1	CFAC1_180016600.1-p1	439
CbWHA1_8115.1.p1	CFAC1_180016800.1-p1	1954
CbWHA1_8117.1.p1	CFAC1_180016900.1-p1	2278
CbWHA1_8118.1.p1	CFAC1_180017000.1-p1	601
CbWHA1_8119.1.p1	CFAC1_180017100.1-p1	620
CbWHA1_812.1.p1	CFAC1_300026300.1-p1	531
CbWHA1_8122.1.p1	CFAC1_180017200.1-p1	273
CbWHA1_8123.1.p1	CFAC1_180017300.1-p1	337
CbWHA1_8124.1.p1	CFAC1_180017400.1-p1	98.2
CbWHA1_8125.1.p1	CFAC1_180017500.1-p1	206
CbWHA1_8127.1.p1	CFAC1_180017800.1-p1	254
CbWHA1_8128.1.p1	CFAC1_180017900.1-p1	690
CbWHA1_8129.1.p1	CFAC1_180018000.1-p1	567
CbWHA1_813.1.p1	CFAC1_300026400.1-p1	728
CbWHA1_8130.1.p1	CFAC1_180018100.1-p1	142
CbWHA1_8131.1.p1	CFAC1_180018200.1-p1	354
CbWHA1_8132.1.p1	CFAC1_180018300.1-p1	68.9
CbWHA1_8134.1.p1	CFAC1_180018600.1-p1	1063
CbWHA1_8135.1.p1	CFAC1_180018900.1-p1	286
CbWHA1_8136.1.p1	CFAC1_180019000.1-p1	5195
CbWHA1_8137.1.p1	CFAC1_180019100.1-p1	881
CbWHA1_8138.1.p1	CFAC1_180019200.1-p1	524
CbWHA1_8139.1.p1	CFAC1_180019800.1-p1	205
CbWHA1_814.1.p1	CFAC1_300026600.1-p1	630
CbWHA1_8141.1.p1	CFAC1_180019300.1-p1	329
CbWHA1_8142.1.p1	CFAC1_180019500.1-p1	444
CbWHA1_8143.1.p1	CFAC1_180019600.1-p1	573
CbWHA1_8144.1.p1	CFAC1_180019700.1-p1	675
CbWHA1_8145.1.p1	CFAC1_170025800.1-p1	1391
CbWHA1_8146.1.p1	CFAC1_170025800.1-p1	1404
CbWHA1_8147.1.p1	CFAC1_170025900.1-p1	1375
CbWHA1_8148.1.p1	CFAC1_170026000.1-p1	1336
CbWHA1_8149.1.p1	CFAC1_170026100.1-p1	1061
CbWHA1_8150.1.p1	CFAC1_170026200.1-p1	270
CbWHA1_8151.1.p1	CFAC1_170026300.1-p1	266
CbWHA1_8152.1.p1	CFAC1_170026400.1-p1	2781
CbWHA1_8153.1.p1	CFAC1_170026600.1-p1	570
CbWHA1_8154.1.p1	CFAC1_170026800.1-p1	250
CbWHA1_8156.1.p1	CFAC1_170027000.1-p1	667
CbWHA1_8159.1.p1	CFAC1_110025700.1-p1	60.5
CbWHA1_8160.1.p1	CFAC1_170027400.1-p1	1659
CbWHA1_8161.1.p1	CFAC1_170027500.1-p1	559
CbWHA1_8162.1.p1	CFAC1_170027600.1-p1	202
CbWHA1_8163.1.p1	CFAC1_170027800.1-p1	790
CbWHA1_8164.1.p1	CFAC1_170027900.1-p1	210
CbWHA1_8165.1.p1	CFAC1_170028000.1-p1	541
CbWHA1_8166.1.p1	CFAC1_170028100.1-p1	703
CbWHA1_8167.1.p1	CFAC1_170028600.1-p1	419
CbWHA1_8168.1.p1	CFAC1_170028200.1-p1	795
CbWHA1_817.1.p1	CFAC1_300027800.1-p1	712
CbWHA1_8170.1.p1	CFAC1_170028400.1-p1	514
CbWHA1_8171.1.p1	CFAC1_170028700.1-p1	418
CbWHA1_8172.1.p1	CFAC1_170028800.1-p1	571
CbWHA1_8173.1.p1	CFAC1_170028900.1-p1	298
CbWHA1_8174.1.p1	CFAC1_170029000.1-p1	1231
CbWHA1_8175.1.p1	CFAC1_170029100.1-p1	1417
CbWHA1_8176.1.p1	CFAC1_170029200.1-p1	724
CbWHA1_8177.1.p1	CFAC1_170029300.1-p1	468
CbWHA1_8180.1.p1	CFAC1_170030000.1-p1	714
CbWHA1_8181.1.p1	CFAC1_130024100.1-p1	335
CbWHA1_8182.1.p1	CFAC1_170030300.1-p1	548
CbWHA1_8184.1.p1	CFAC1_170030500.1-p1	1002
CbWHA1_8185.1.p1	CFAC1_170030600.1-p1	499
CbWHA1_8186.1.p1	CFAC1_170030700.1-p1	160
CbWHA1_8187.1.p1	CFAC1_170030800.1-p1	905
CbWHA1_8188.1.p1	CFAC1_170031000.1-p1	694
CbWHA1_8189.1.p1	CFAC1_170031100.1-p1	395
CbWHA1_819.1.p1	CFAC1_300026700.1-p1	437
CbWHA1_8192.1.p1	CFAC1_170031500.1-p1	1706
CbWHA1_8193.1.p1	CFAC1_170031700.1-p1	1434
CbWHA1_8200.1.p1	CFAC1_150006000.1-p1	719
CbWHA1_8202.1.p1	CFAC1_150006200.1-p1	832
CbWHA1_8203.1.p1	CFAC1_150006300.1-p1	417
CbWHA1_8204.1.p1	CFAC1_150006400.1-p1	402
CbWHA1_8205.1.p1	CFAC1_150006700.1-p1	551
CbWHA1_8206.1.p1	CFAC1_150006800.1-p1	385
CbWHA1_8207.1.p1	CFAC1_150006900.1-p1	319
CbWHA1_8209.1.p1	CFAC1_150007100.1-p1	4610
CbWHA1_821.1.p1	CFAC1_300026900.1-p1	166
CbWHA1_8211.1.p1	CFAC1_150007200.1-p1	231
CbWHA1_8212.1.p1	CFAC1_150007300.1-p1	295
CbWHA1_8214.1.p1	CFAC1_150007600.1-p1	685
CbWHA1_8215.1.p1	CFAC1_150007900.1-p1	308
CbWHA1_8216.1.p1	CFAC1_150008200.1-p1	280
CbWHA1_8217.1.p1	CFAC1_140019800.1-p1	1939
CbWHA1_8218.1.p1	CFAC1_150008600.1-p1	1913
CbWHA1_8219.1.p1	CFAC1_150008600.1-p1	2452
CbWHA1_822.1.p1	CFAC1_300027000.1-p1	563
CbWHA1_8222.1.p1	CFAC1_150009100.1-p1	332
CbWHA1_8223.1.p1	CFAC1_150009200.1-p1	834
CbWHA1_8224.1.p1	CFAC1_150009400.1-p1	813
CbWHA1_8225.1.p1	CFAC1_150009400.1-p1	813
CbWHA1_8226.1.p1	CFAC1_150009400.1-p1	812
CbWHA1_8227.1.p1	CFAC1_150009400.1-p1	812
CbWHA1_8228.1.p1	CFAC1_150009400.1-p1	812
CbWHA1_8229.1.p1	CFAC1_150009400.1-p1	813
CbWHA1_823.1.p1	CFAC1_300027000.1-p1	564
CbWHA1_8230.1.p1	CFAC1_150010400.1-p1	2365
CbWHA1_8231.1.p1	CFAC1_150010600.1-p1	741
CbWHA1_8232.1.p1	CFAC1_150010800.1-p1	704
CbWHA1_8233.1.p1	CFAC1_150010900.1-p1	1249
CbWHA1_8234.1.p1	CFAC1_150011000.1-p1	257
CbWHA1_8235.1.p1	CFAC1_150011200.1-p1	67.4
CbWHA1_8236.1.p1	CFAC1_150011300.1-p1	412
CbWHA1_8237.1.p1	CFAC1_150011400.1-p1	194
CbWHA1_8238.1.p1	CFAC1_150011600.1-p1	663
CbWHA1_8239.1.p1	CFAC1_150011700.1-p1	641
CbWHA1_824.1.p1	CFAC1_300027200.1-p1	625
CbWHA1_8241.1.p1	CFAC1_150011800.1-p1	244
CbWHA1_8242.1.p1	CFAC1_150011900.1-p1	1788
CbWHA1_8243.1.p1	CFAC1_150012000.1-p1	1574
CbWHA1_8244.1.p1	CFAC1_150012100.1-p1	382
CbWHA1_8245.1.p1	CFAC1_150012200.1-p1	673
CbWHA1_8246.1.p1	CFAC1_150012300.1-p1	378
CbWHA1_8247.1.p1	CFAC1_150012400.1-p1	1691
CbWHA1_8248.1.p1	CFAC1_150012500.1-p1	369
CbWHA1_8250.1.p1	CFAC1_150012700.1-p1	980
CbWHA1_8251.1.p1	CFAC1_150012900.1-p1	539
CbWHA1_8253.1.p1	CFAC1_150013200.1-p1	157
CbWHA1_8255.1.p1	CFAC1_150013500.1-p1	572
CbWHA1_8256.1.p1	CFAC1_150013600.1-p1	427
CbWHA1_8259.1.p1	CFAC1_150015800.1-p1	512
CbWHA1_826.1.p1	CFAC1_300027300.1-p1	439
CbWHA1_8260.1.p1	CFAC1_150013700.1-p1	1221
CbWHA1_8261.1.p1	CFAC1_150013800.1-p1	224
CbWHA1_8262.1.p1	CFAC1_150014000.1-p1	867
CbWHA1_8263.1.p1	CFAC1_150014100.1-p1	357
CbWHA1_8266.1.p1	CFAC1_150014400.1-p1	630
CbWHA1_8267.1.p1	CFAC1_150014600.1-p1	806
CbWHA1_8268.1.p1	CFAC1_150014700.1-p1	847
CbWHA1_827.1.p1	CFAC1_300027400.1-p1	1242
CbWHA1_8270.1.p1	CFAC1_150016100.1-p1	201
CbWHA1_8271.1.p1	CFAC1_150016200.1-p1	614
CbWHA1_8273.1.p1	CFAC1_150016500.1-p1	288
CbWHA1_8274.1.p1	CFAC1_150016600.1-p1	1769
CbWHA1_8275.1.p1	CFAC1_150016700.1-p1	1203
CbWHA1_8276.1.p1	CFAC1_150016800.1-p1	719
CbWHA1_8277.1.p1	CFAC1_150016900.1-p1	1007
CbWHA1_8278.1.p1	CFAC1_150017000.1-p1	259
CbWHA1_8279.1.p1	CFAC1_150017100.1-p1	192
CbWHA1_828.1.p1	CFAC1_300027500.1-p1	275
CbWHA1_8280.1.p1	CFAC1_150017200.1-p1	204
CbWHA1_8282.1.p1	CFAC1_150017500.1-p1	1607
CbWHA1_8283.1.p1	CFAC1_150017600.1-p1	451
CbWHA1_8284.1.p1	CFAC1_150017700.1-p1	307
CbWHA1_8285.1.p1	CFAC1_150017800.1-p1	473
CbWHA1_8287.1.p1	CFAC1_150018600.1-p1	167
CbWHA1_8289.1.p1	CFAC1_150018200.1-p1	245
CbWHA1_8290.1.p1	CFAC1_150018400.1-p1	441
CbWHA1_8292.1.p1	CFAC1_150019100.1-p1	647
CbWHA1_8294.1.p1	CFAC1_150019000.1-p1	4871
CbWHA1_8295.1.p1	CFAC1_150019200.1-p1	378
CbWHA1_8297.1.p1	CFAC1_150019400.1-p1	167
CbWHA1_8299.1.p1	CFAC1_150019800.1-p1	791
CbWHA1_830.1.p1	CFAC1_300028100.1-p1	852
CbWHA1_8300.1.p1	CFAC1_150019900.1-p1	282
CbWHA1_8301.1.p1	CFAC1_150020000.1-p1	964
CbWHA1_8302.1.p1	CFAC1_150020200.1-p1	2292
CbWHA1_8303.1.p1	CFAC1_150020400.1-p1	305
CbWHA1_8305.1.p1	CFAC1_150020800.1-p1	494
CbWHA1_8307.1.p1	CFAC1_150021100.1-p1	951
CbWHA1_8308.1.p1	CFAC1_150021200.1-p1	586
CbWHA1_831.1.p1	CFAC1_300028200.1-p1	694
CbWHA1_8311.1.p1	CFAC1_150021500.1-p1	846
CbWHA1_8312.1.p1	CFAC1_150021800.1-p1	335
CbWHA1_8314.1.p1	CFAC1_150022200.1-p1	801
CbWHA1_8315.1.p1	CFAC1_150022400.1-p1	353
CbWHA1_8316.1.p1	CFAC1_150022500.1-p1	392
CbWHA1_8317.1.p1	CFAC1_150022600.1-p1	631
CbWHA1_832.1.p1	CFAC1_300028300.1-p1	1593
CbWHA1_8322.1.p1	CFAC1_150023100.1-p1	417
CbWHA1_8323.1.p1	CFAC1_150023900.1-p1	523
CbWHA1_8326.1.p1	CFAC1_150024000.1-p1	856
CbWHA1_8327.1.p1	CFAC1_150024400.1-p1	926
CbWHA1_8328.1.p1	CFAC1_150024300.1-p1	119
CbWHA1_8329.1.p1	CFAC1_150024400.1-p1	929
CbWHA1_833.1.p1	CFAC1_300028400.1-p1	2574
CbWHA1_8330.1.p1	CFAC1_170027600.1-p1	103
CbWHA1_8331.1.p1	CFAC1_150024500.1-p1	979
CbWHA1_8332.1.p1	CFAC1_150024700.1-p1	1019
CbWHA1_8333.1.p1	CFAC1_150025300.1-p1	451
CbWHA1_8336.1.p1	CFAC1_150025800.1-p1	107
CbWHA1_8337.1.p1	CFAC1_150026000.1-p1	807
CbWHA1_834.1.p1	CFAC1_300028500.1-p1	569
CbWHA1_8340.1.p1	CFAC1_150026400.1-p1	543
CbWHA1_8341.1.p1	CFAC1_150026500.1-p1	1021
CbWHA1_8342.1.p1	CFAC1_150026700.1-p1	162
CbWHA1_8343.1.p1	CFAC1_150026900.1-p1	1472
CbWHA1_8344.1.p1	CFAC1_150027000.1-p1	187
CbWHA1_8345.1.p1	CFAC1_150027100.1-p1	2390
CbWHA1_8346.1.p1	CFAC1_150027200.1-p1	157
CbWHA1_8347.1.p1	CFAC1_150027500.1-p1	770
CbWHA1_8348.1.p1	CFAC1_150028000.1-p1	583
CbWHA1_8349.1.p1	CFAC1_150028100.1-p1	239
CbWHA1_835.1.p1	CFAC1_300028800.1-p1	435
CbWHA1_8350.1.p1	CFAC1_150028200.1-p1	598
CbWHA1_8351.1.p1	CFAC1_150028200.1-p1	598
CbWHA1_8352.1.p1	CFAC1_150028200.1-p1	598
CbWHA1_8353.1.p1	CFAC1_150028200.1-p1	598
CbWHA1_8354.1.p1	CFAC1_150028800.1-p1	1025
CbWHA1_8355.1.p1	CFAC1_150028400.1-p1	8477
CbWHA1_8357.1.p1	CFAC1_150029100.1-p1	1161
CbWHA1_8358.1.p1	CFAC1_150029200.1-p1	560
CbWHA1_8359.1.p1	CFAC1_150029300.1-p1	531
CbWHA1_8360.1.p1	CFAC1_150029800.1-p1	710
CbWHA1_8361.1.p1	CFAC1_150029400.1-p1	435
CbWHA1_8362.1.p1	CFAC1_150029600.1-p1	206
CbWHA1_8363.1.p1	CFAC1_150029900.1-p1	449
CbWHA1_8364.1.p1	CFAC1_150030000.1-p1	525
CbWHA1_8365.1.p1	CFAC1_150030100.1-p1	477
CbWHA1_8366.1.p1	CFAC1_150030300.1-p1	2586
CbWHA1_8367.1.p1	CFAC1_150030400.1-p1	276
CbWHA1_8368.1.p1	CFAC1_150030500.1-p1	728
CbWHA1_8369.1.p1	CFAC1_150030600.1-p1	108
CbWHA1_837.1.p1	CFAC1_300029100.1-p1	781
CbWHA1_8370.1.p1	CFAC1_150030700.1-p1	261
CbWHA1_8371.1.p1	CFAC1_150030800.1-p1	379
CbWHA1_8372.1.p1	CFAC1_150030900.1-p1	379
CbWHA1_8373.1.p1	CFAC1_150031000.1-p1	414
CbWHA1_8374.1.p1	CFAC1_150031100.1-p1	432
CbWHA1_8375.1.p1	CFAC1_150031200.1-p1	347
CbWHA1_8376.1.p1	CFAC1_150031500.1-p1	178
CbWHA1_8377.1.p1	CFAC1_150031600.1-p1	806
CbWHA1_8378.1.p1	CFAC1_150031700.1-p1	229
CbWHA1_8379.1.p1	CFAC1_150031900.1-p1	295
CbWHA1_8381.1.p1	CFAC1_150032200.1-p1	1406
CbWHA1_8382.1.p1	CFAC1_150032300.1-p1	666
CbWHA1_8385.1.p1	CFAC1_150032800.1-p1	1162
CbWHA1_8386.1.p1	CFAC1_150032900.1-p1	391
CbWHA1_8387.1.p1	CFAC1_150033100.1-p1	1126
CbWHA1_8388.1.p1	CFAC1_150033300.1-p1	1033
CbWHA1_8389.1.p1	CFAC1_260005700.1-p1	184
CbWHA1_8390.1.p1	CFAC1_020006100.1-p1	95.9
CbWHA1_8396.1.p1	CFAC1_180005700.1-p1	419
CbWHA1_8397.1.p1	CFAC1_280006600.1-p1	900
CbWHA1_8399.1.p1	CFAC1_050005300.1-p1	765
CbWHA1_84.1.p1	CFAC1_160019600.1-p1	87.8
CbWHA1_8400.1.p1	CFAC1_050005400.1-p1	922
CbWHA1_8401.1.p1	CFAC1_050005500.1-p1	201
CbWHA1_8402.1.p1	CFAC1_050005600.1-p1	1213
CbWHA1_8403.1.p1	CFAC1_050005700.1-p1	328
CbWHA1_8404.1.p1	CFAC1_050005800.1-p1	610
CbWHA1_8405.1.p1	CFAC1_050005900.1-p1	360
CbWHA1_8406.1.p1	CFAC1_050006000.1-p1	355
CbWHA1_8407.1.p1	CFAC1_050006200.1-p1	260
CbWHA1_8408.1.p1	CFAC1_050006300.1-p1	377
CbWHA1_8409.1.p1	CFAC1_050006400.1-p1	396
CbWHA1_841.1.p1	CFAC1_300029500.1-p1	1804
CbWHA1_8411.1.p1	CFAC1_050007700.1-p1	548
CbWHA1_8412.1.p1	CFAC1_050007000.1-p1	927
CbWHA1_8413.1.p1	CFAC1_050007200.1-p1	332
CbWHA1_8414.1.p1	CFAC1_050007300.1-p1	757
CbWHA1_8415.1.p1	CFAC1_050007900.1-p1	205
CbWHA1_8416.1.p1	CFAC1_050008250.1-p1	580
CbWHA1_8418.1.p1	CFAC1_050008400.1-p1	565
CbWHA1_842.1.p1	CFAC1_300029600.1-p1	491
CbWHA1_8420.1.p1	CFAC1_050008700.1-p1	197
CbWHA1_8421.1.p1	CFAC1_050008800.1-p1	693
CbWHA1_8422.1.p1	CFAC1_050008900.1-p1	148
CbWHA1_8423.1.p1	CFAC1_050009100.1-p1	1019
CbWHA1_8424.1.p1	CFAC1_050009600.1-p1	589
CbWHA1_8425.1.p1	CFAC1_050009200.1-p1	753
CbWHA1_8426.1.p1	CFAC1_050009300.1-p1	348
CbWHA1_8428.1.p1	CFAC1_050009700.1-p1	578
CbWHA1_8429.1.p1	CFAC1_050009800.1-p1	228
CbWHA1_8430.1.p1	CFAC1_050011200.1-p1	1211
CbWHA1_8431.1.p1	CFAC1_050009900.1-p1	1140
CbWHA1_8432.1.p1	CFAC1_050010100.1-p1	1220
CbWHA1_8433.1.p1	CFAC1_050010200.1-p1	1195
CbWHA1_8434.1.p1	CFAC1_050010300.1-p1	68.6
CbWHA1_8435.1.p1	CFAC1_050010800.1-p1	1318
CbWHA1_8436.1.p1	CFAC1_050010900.1-p1	1353
CbWHA1_8437.1.p1	CFAC1_050010900.1-p1	1026
CbWHA1_8439.1.p1	CFAC1_050010200.1-p1	208
CbWHA1_844.1.p1	CFAC1_300030000.1-p1	293
CbWHA1_8440.1.p1	CFAC1_050011700.1-p1	644
CbWHA1_8441.1.p1	CFAC1_050011900.1-p1	1402
CbWHA1_8442.1.p1	CFAC1_050012000.1-p1	785
CbWHA1_8443.1.p1	CFAC1_050012300.1-p1	254
CbWHA1_8444.1.p1	CFAC1_050012400.1-p1	543
CbWHA1_8445.1.p1	CFAC1_050012900.1-p1	278
CbWHA1_8447.1.p1	CFAC1_050013000.1-p1	93.2
CbWHA1_8448.1.p1	CFAC1_050012500.1-p1	275
CbWHA1_8449.1.p1	CFAC1_050012800.1-p1	796
CbWHA1_8451.1.p1	CFAC1_050013100.1-p1	172
CbWHA1_8452.1.p1	CFAC1_050013200.1-p1	140
CbWHA1_8453.1.p1	CFAC1_050013300.1-p1	275
CbWHA1_8454.1.p1	CFAC1_050013400.1-p1	653
CbWHA1_8455.1.p1	CFAC1_050013500.1-p1	1156
CbWHA1_8456.1.p1	CFAC1_050013600.1-p1	2219
CbWHA1_8457.1.p1	CFAC1_050013700.1-p1	815
CbWHA1_8458.1.p1	CFAC1_050013800.1-p1	1070
CbWHA1_8459.1.p1	CFAC1_050013900.1-p1	245
CbWHA1_846.1.p1	CFAC1_300030200.1-p1	883
CbWHA1_8460.1.p1	CFAC1_050014000.1-p1	764
CbWHA1_8461.1.p1	CFAC1_050014100.1-p1	249
CbWHA1_8462.1.p1	CFAC1_050014200.1-p1	311
CbWHA1_8464.1.p1	CFAC1_050014300.1-p1	1692
CbWHA1_8465.1.p1	CFAC1_050014400.1-p1	1133
CbWHA1_8468.1.p1	CFAC1_170025000.1-p1	848
CbWHA1_8469.1.p1	CFAC1_170024800.1-p1	894
CbWHA1_847.1.p1	CFAC1_300030300.1-p1	1164
CbWHA1_8477.1.p1	CFAC1_010005700.1-p1	394
CbWHA1_8478.1.p1	CFAC1_010005900.1-p1	973
CbWHA1_8479.1.p1	CFAC1_010006200.1-p1	361
CbWHA1_848.1.p1	CFAC1_300030500.1-p1	715
CbWHA1_8480.1.p1	CFAC1_010006300.1-p1	478
CbWHA1_8481.1.p1	CFAC1_010006500.1-p1	524
CbWHA1_8482.1.p1	CFAC1_010006700.1-p1	509
CbWHA1_8483.1.p1	CFAC1_010006800.1-p1	701
CbWHA1_8484.1.p1	CFAC1_010007000.1-p1	631
CbWHA1_8485.1.p1	CFAC1_010007100.1-p1	327
CbWHA1_8486.1.p1	CFAC1_010007200.1-p1	596
CbWHA1_8487.1.p1	CFAC1_010007300.1-p1	995
CbWHA1_8488.1.p1	CFAC1_010007400.1-p1	135
CbWHA1_8489.1.p1	CFAC1_010007500.1-p1	689
CbWHA1_849.1.p1	CFAC1_300030600.1-p1	548
CbWHA1_8490.1.p1	CFAC1_010007600.1-p1	892
CbWHA1_8491.1.p1	CFAC1_010007700.1-p1	215
CbWHA1_8492.1.p1	CFAC1_010007800.1-p1	744
CbWHA1_8493.1.p1	CFAC1_010007900.1-p1	480
CbWHA1_8494.1.p1	CFAC1_010008000.1-p1	551
CbWHA1_8495.1.p1	CFAC1_010008200.1-p1	1407
CbWHA1_8496.1.p1	CFAC1_010008300.1-p1	660
CbWHA1_8498.1.p1	CFAC1_010008700.1-p1	1063
CbWHA1_8499.1.p1	CFAC1_010008800.1-p1	316
CbWHA1_85.1.p1	CFAC1_160019500.1-p1	1183
CbWHA1_850.1.p1	CFAC1_300030700.1-p1	987
CbWHA1_8500.1.p1	CFAC1_010008900.1-p1	1125
CbWHA1_8501.1.p1	CFAC1_010009000.1-p1	524
CbWHA1_8503.1.p1	CFAC1_170029000.1-p1	55.1
CbWHA1_8504.1.p1	CFAC1_010009300.1-p1	400
CbWHA1_8505.1.p1	CFAC1_010009700.1-p1	260
CbWHA1_8506.1.p1	CFAC1_010009400.1-p1	570
CbWHA1_8507.1.p1	CFAC1_010009500.1-p1	597
CbWHA1_8508.1.p1	CFAC1_010009600.1-p1	605
CbWHA1_8509.1.p1	CFAC1_010009800.1-p1	873
CbWHA1_8510.1.p1	CFAC1_010009900.1-p1	370
CbWHA1_8512.1.p1	CFAC1_010010000.1-p1	581
CbWHA1_8514.1.p1	CFAC1_010010200.1-p1	179
CbWHA1_8515.1.p1	CFAC1_010010600.1-p1	293
CbWHA1_8516.1.p1	CFAC1_010010700.1-p1	376
CbWHA1_8518.1.p1	CFAC1_010010500.1-p1	260
CbWHA1_852.1.p1	CFAC1_300008000.1-p1	65.1
CbWHA1_8520.1.p1	CFAC1_010010900.1-p1	94.4
CbWHA1_8522.1.p1	CFAC1_010011200.1-p1	72.4
CbWHA1_8523.1.p1	CFAC1_010011300.1-p1	109
CbWHA1_8525.1.p1	CFAC1_010011800.1-p1	972
CbWHA1_853.1.p1	CFAC1_300031200.1-p1	853
CbWHA1_8531.1.p1	CFAC1_010011700.1-p1	597
CbWHA1_8532.1.p1	CFAC1_010012600.1-p1	278
CbWHA1_8534.1.p1	CFAC1_010012500.1-p1	199
CbWHA1_8536.1.p1	CFAC1_010012700.1-p1	1610
CbWHA1_8537.1.p1	CFAC1_010012800.1-p1	2500
CbWHA1_8538.1.p1	CFAC1_010012900.1-p1	2053
CbWHA1_8539.1.p1	CFAC1_010013000.1-p1	810
CbWHA1_854.1.p1	CFAC1_300031300.1-p1	166
CbWHA1_8540.1.p1	CFAC1_010013600.1-p1	846
CbWHA1_8541.1.p1	CFAC1_010013100.1-p1	1096
CbWHA1_8542.1.p1	CFAC1_010013300.1-p1	874
CbWHA1_8543.1.p1	CFAC1_010013500.1-p1	828
CbWHA1_8544.1.p1	CFAC1_010013700.1-p1	314
CbWHA1_8545.1.p1	CFAC1_010013900.1-p1	635
CbWHA1_8546.1.p1	CFAC1_010014000.1-p1	632
CbWHA1_8547.1.p1	CFAC1_010014200.1-p1	964
CbWHA1_8548.1.p1	CFAC1_010014500.1-p1	206
CbWHA1_8549.1.p1	CFAC1_010014700.1-p1	483
CbWHA1_8550.1.p1	CFAC1_010014800.1-p1	304
CbWHA1_8551.1.p1	CFAC1_010015200.1-p1	730
CbWHA1_8552.1.p1	CFAC1_010015200.1-p1	698
CbWHA1_8553.1.p1	CFAC1_010015400.1-p1	623
CbWHA1_8554.1.p1	CFAC1_010016100.1-p1	640
CbWHA1_8555.1.p1	CFAC1_010016200.1-p1	518
CbWHA1_8556.1.p1	CFAC1_010016600.1-p1	209
CbWHA1_8558.1.p1	CFAC1_010017100.1-p1	1702
CbWHA1_8559.1.p1	CFAC1_010017200.1-p1	629
CbWHA1_856.1.p1	CFAC1_300031600.1-p1	400
CbWHA1_8560.1.p1	CFAC1_010017300.1-p1	244
CbWHA1_8561.1.p1	CFAC1_010017400.1-p1	1334
CbWHA1_8562.1.p1	CFAC1_010017600.1-p1	289
CbWHA1_8563.1.p1	CFAC1_010017800.1-p1	483
CbWHA1_8564.1.p1	CFAC1_010017900.1-p1	1779
CbWHA1_8565.1.p1	CFAC1_010018000.1-p1	577
CbWHA1_8566.1.p1	CFAC1_010018100.1-p1	642
CbWHA1_8567.1.p1	CFAC1_010018200.1-p1	105
CbWHA1_857.1.p1	CFAC1_300032600.1-p1	599
CbWHA1_8570.1.p1	CFAC1_010018900.1-p1	338
CbWHA1_8571.1.p1	CFAC1_010018600.1-p1	1355
CbWHA1_8572.1.p1	CFAC1_010018700.1-p1	1152
CbWHA1_8573.1.p1	CFAC1_010018800.1-p1	1008
CbWHA1_8575.1.p1	CFAC1_010019200.1-p1	155
CbWHA1_8581.1.p1	CFAC1_070005000.1-p1	767
CbWHA1_8582.1.p1	CFAC1_070005200.1-p1	217
CbWHA1_8583.1.p1	CFAC1_070005300.1-p1	1028
CbWHA1_8584.1.p1	CFAC1_070005500.1-p1	1549
CbWHA1_8585.1.p1	CFAC1_070005600.1-p1	703
CbWHA1_8586.1.p1	CFAC1_070005800.1-p1	283
CbWHA1_8587.1.p1	CFAC1_070005870.1-p1	1021
CbWHA1_8588.1.p1	CFAC1_070006200.1-p1	344
CbWHA1_8589.1.p1	CFAC1_070006400.1-p1	613
CbWHA1_859.1.p1	CFAC1_300032800.1-p1	485
CbWHA1_8590.1.p1	CFAC1_070006700.1-p1	914
CbWHA1_8591.1.p1	CFAC1_070006500.1-p1	596
CbWHA1_8592.1.p1	CFAC1_070006600.1-p1	1286
CbWHA1_8593.1.p1	CFAC1_070006800.1-p1	828
CbWHA1_8594.1.p1	CFAC1_070006900.1-p1	94.7
CbWHA1_8595.1.p1	CFAC1_070006900.1-p1	429
CbWHA1_8596.1.p1	CFAC1_070007000.1-p1	990
CbWHA1_8597.1.p1	CFAC1_070007100.1-p1	517
CbWHA1_8598.1.p1	CFAC1_070007200.1-p1	61.2
CbWHA1_8599.1.p1	CFAC1_070007300.1-p1	918
CbWHA1_86.1.p1	CFAC1_160019300.1-p1	352
CbWHA1_8600.1.p1	CFAC1_070007400.1-p1	585
CbWHA1_8601.1.p1	CFAC1_070007500.1-p1	447
CbWHA1_8602.1.p1	CFAC1_070007600.1-p1	1470
CbWHA1_8603.1.p1	CFAC1_070007700.1-p1	335
CbWHA1_8604.1.p1	CFAC1_070007800.1-p1	799
CbWHA1_8605.1.p1	CFAC1_070007900.1-p1	550
CbWHA1_8606.1.p1	CFAC1_070008000.1-p1	293
CbWHA1_8608.1.p1	CFAC1_070008500.1-p1	279
CbWHA1_8609.1.p1	CFAC1_070008600.1-p1	440
CbWHA1_8610.1.p1	CFAC1_070008900.1-p1	3646
CbWHA1_8617.1.p1	CFAC1_060013300.1-p1	650
CbWHA1_8618.1.p1	CFAC1_060013200.1-p1	839
CbWHA1_862.1.p1	CFAC1_300033000.1-p1	1172
CbWHA1_8620.1.p1	CFAC1_060012800.1-p1	707
CbWHA1_8625.1.p1	CFAC1_060012700.1-p1	611
CbWHA1_8626.1.p1	CFAC1_060012600.1-p1	696
CbWHA1_8627.1.p1	CFAC1_060012500.1-p1	988
CbWHA1_8628.1.p1	CFAC1_060012400.1-p1	261
CbWHA1_8629.1.p1	CFAC1_060012300.1-p1	573
CbWHA1_863.1.p1	CFAC1_300033100.1-p1	259
CbWHA1_8630.1.p1	CFAC1_060012100.1-p1	207
CbWHA1_8632.1.p1	CFAC1_060011800.1-p1	735
CbWHA1_8633.1.p1	CFAC1_060011700.1-p1	1900
CbWHA1_8634.1.p1	CFAC1_060011600.1-p1	811
CbWHA1_8635.1.p1	CFAC1_060011400.1-p1	892
CbWHA1_8636.1.p1	CFAC1_060011500.1-p1	646
CbWHA1_8638.1.p1	CFAC1_060011400.1-p1	894
CbWHA1_8639.1.p1	CFAC1_060011400.1-p1	892
CbWHA1_864.1.p1	CFAC1_300033200.1-p1	1371
CbWHA1_8640.1.p1	CFAC1_060011400.1-p1	893
CbWHA1_8641.1.p1	CFAC1_060010700.1-p1	397
CbWHA1_8642.1.p1	CFAC1_060011400.1-p1	892
CbWHA1_8643.1.p1	CFAC1_060011000.1-p1	573
CbWHA1_8644.1.p1	CFAC1_060010900.1-p1	603
CbWHA1_8645.1.p1	CFAC1_060010800.1-p1	509
CbWHA1_8646.1.p1	CFAC1_060010600.1-p1	77.8
CbWHA1_8647.1.p1	CFAC1_060010500.1-p1	1162
CbWHA1_8648.1.p1	CFAC1_060010100.1-p1	954
CbWHA1_865.1.p1	CFAC1_300033400.1-p1	877
CbWHA1_8651.1.p1	CFAC1_060010200.1-p1	383
CbWHA1_8652.1.p1	CFAC1_060009400.1-p1	924
CbWHA1_8655.1.p1	CFAC1_060009800.1-p1	454
CbWHA1_8658.1.p1	CFAC1_060009600.1-p1	474
CbWHA1_8659.1.p1	CFAC1_060009500.1-p1	446
CbWHA1_8660.1.p1	CFAC1_060009400.1-p1	975
CbWHA1_8662.1.p1	CFAC1_060009100.1-p1	920
CbWHA1_8663.1.p1	CFAC1_060009000.1-p1	265
CbWHA1_8664.1.p1	CFAC1_060008900.1-p1	648
CbWHA1_8665.1.p1	CFAC1_060008800.1-p1	992
CbWHA1_8667.1.p1	CFAC1_060008600.1-p1	806
CbWHA1_8668.1.p1	CFAC1_060008500.1-p1	213
CbWHA1_8669.1.p1	CFAC1_060008400.1-p1	255
CbWHA1_867.1.p1	CFAC1_300033600.1-p1	181
CbWHA1_8672.1.p1	CFAC1_060008100.1-p1	255
CbWHA1_8674.1.p1	CFAC1_060007900.1-p1	580
CbWHA1_8675.1.p1	CFAC1_060007800.1-p1	697
CbWHA1_8676.1.p1	CFAC1_060007600.1-p1	414
CbWHA1_8677.1.p1	CFAC1_060007500.1-p1	197
CbWHA1_8678.1.p1	CFAC1_060007400.1-p1	72.4
CbWHA1_8679.1.p1	CFAC1_060007300.1-p1	1340
CbWHA1_868.1.p1	CFAC1_300033800.1-p1	614
CbWHA1_8680.1.p1	CFAC1_060007200.1-p1	624
CbWHA1_8682.1.p1	CFAC1_060007000.1-p1	297
CbWHA1_8683.1.p1	CFAC1_060006800.1-p1	434
CbWHA1_8685.1.p1	CFAC1_060006600.1-p1	944
CbWHA1_8688.1.p1	CFAC1_060006300.1-p1	534
CbWHA1_869.1.p1	CFAC1_300033900.1-p1	345
CbWHA1_8690.1.p1	CFAC1_060006000.1-p1	746
CbWHA1_8693.1.p1	CFAC1_060005700.1-p1	417
CbWHA1_8697.1.p1	CFAC1_220029100.1-p1	343
CbWHA1_8698.1.p1	CFAC1_220029200.1-p1	318
CbWHA1_8699.1.p1	CFAC1_220029400.1-p1	335
CbWHA1_87.1.p1	CFAC1_160019200.1-p1	338
CbWHA1_8700.1.p1	CFAC1_220029500.1-p1	167
CbWHA1_8701.1.p1	CFAC1_220030200.1-p1	855
CbWHA1_8702.1.p1	CFAC1_220030300.1-p1	348
CbWHA1_8703.1.p1	CFAC1_220030400.1-p1	618
CbWHA1_8704.1.p1	CFAC1_220030500.1-p1	164
CbWHA1_8706.1.p1	CFAC1_220030700.1-p1	931
CbWHA1_8708.1.p1	CFAC1_220030900.1-p1	585
CbWHA1_871.1.p1	CFAC1_300034100.1-p1	334
CbWHA1_8710.1.p1	CFAC1_220031100.1-p1	715
CbWHA1_8711.1.p1	CFAC1_220031200.1-p1	288
CbWHA1_8712.1.p1	CFAC1_220031300.1-p1	322
CbWHA1_8713.1.p1	CFAC1_220031400.1-p1	989
CbWHA1_8714.1.p1	CFAC1_220031500.1-p1	877
CbWHA1_8715.1.p1	CFAC1_220031700.1-p1	114
CbWHA1_8716.1.p1	CFAC1_220031800.1-p1	478
CbWHA1_8717.1.p1	CFAC1_220031900.1-p1	639
CbWHA1_8718.1.p1	CFAC1_220032000.1-p1	353
CbWHA1_8719.1.p1	CFAC1_220032000.1-p1	357
CbWHA1_872.1.p1	CFAC1_300034400.1-p1	259
CbWHA1_8720.1.p1	CFAC1_220032100.1-p1	1200
CbWHA1_8722.1.p1	CFAC1_140025500.1-p1	911
CbWHA1_8725.1.p1	CFAC1_140025500.1-p1	911
CbWHA1_8727.1.p1	CFAC1_140025500.1-p1	911
CbWHA1_873.1.p1	CFAC1_300034500.1-p1	672
CbWHA1_8730.1.p1	CFAC1_220032300.1-p1	2099
CbWHA1_8731.1.p1	CFAC1_220032400.1-p1	1329
CbWHA1_8732.1.p1	CFAC1_220032500.1-p1	1259
CbWHA1_8733.1.p1	CFAC1_220032600.1-p1	863
CbWHA1_8734.1.p1	CFAC1_220032700.1-p1	1814
CbWHA1_8736.1.p1	CFAC1_220032900.1-p1	177
CbWHA1_8738.1.p1	CFAC1_220033000.1-p1	469
CbWHA1_8739.1.p1	CFAC1_220033100.1-p1	573
CbWHA1_874.1.p1	CFAC1_300034700.1-p1	1061
CbWHA1_8740.1.p1	CFAC1_220033500.1-p1	255
CbWHA1_8741.1.p1	CFAC1_220033200.1-p1	598
CbWHA1_8742.1.p1	CFAC1_220033300.1-p1	699
CbWHA1_8743.1.p1	CFAC1_220033400.1-p1	3844
CbWHA1_8744.1.p1	CFAC1_220033600.1-p1	370
CbWHA1_8745.1.p1	CFAC1_220033800.1-p1	302
CbWHA1_8747.1.p1	CFAC1_220034200.1-p1	1824
CbWHA1_8748.1.p1	CFAC1_220035300.1-p1	774
CbWHA1_8749.1.p1	CFAC1_220034600.1-p1	263
CbWHA1_8750.1.p1	CFAC1_220034700.1-p1	315
CbWHA1_8751.1.p1	CFAC1_220034900.1-p1	1903
CbWHA1_8752.1.p1	CFAC1_220035000.1-p1	671
CbWHA1_8753.1.p1	CFAC1_220035100.1-p1	1046
CbWHA1_8755.1.p1	CFAC1_220035400.1-p1	567
CbWHA1_8756.1.p1	CFAC1_220035500.1-p1	1238
CbWHA1_8757.1.p1	CFAC1_220035600.1-p1	530
CbWHA1_8758.1.p1	CFAC1_220036300.1-p1	936
CbWHA1_8759.1.p1	CFAC1_220036400.1-p1	153
CbWHA1_8760.1.p1	CFAC1_220035700.1-p1	562
CbWHA1_8761.1.p1	CFAC1_220035900.1-p1	1357
CbWHA1_8762.1.p1	CFAC1_220036000.1-p1	291
CbWHA1_8763.1.p1	CFAC1_220036100.1-p1	1889
CbWHA1_8764.1.p1	CFAC1_220036200.1-p1	187
CbWHA1_8765.1.p1	CFAC1_220036600.1-p1	529
CbWHA1_8766.1.p1	CFAC1_220036700.1-p1	159
CbWHA1_8767.1.p1	CFAC1_220036800.1-p1	1974
CbWHA1_8768.1.p1	CFAC1_220037000.1-p1	1222
CbWHA1_8769.1.p1	CFAC1_220037100.1-p1	195
CbWHA1_877.1.p1	CFAC1_280067600.1-p1	47.0
CbWHA1_8770.1.p1	CFAC1_220037600.1-p1	315
CbWHA1_8771.1.p1	CFAC1_220037300.1-p1	311
CbWHA1_8772.1.p1	CFAC1_220037400.1-p1	913
CbWHA1_8774.1.p1	CFAC1_220037700.1-p1	475
CbWHA1_8775.1.p1	CFAC1_220037900.1-p1	1092
CbWHA1_8776.1.p1	CFAC1_220038000.1-p1	487
CbWHA1_8777.1.p1	CFAC1_220038200.1-p1	729
CbWHA1_8778.1.p1	CFAC1_220038300.1-p1	823
CbWHA1_8779.1.p1	CFAC1_220038400.1-p1	647
CbWHA1_8780.1.p1	CFAC1_220038600.1-p1	397
CbWHA1_8781.1.p1	CFAC1_220038700.1-p1	285
CbWHA1_8782.1.p1	CFAC1_220038800.1-p1	341
CbWHA1_8784.1.p1	CFAC1_220038900.1-p1	1222
CbWHA1_8785.1.p1	CFAC1_220039000.1-p1	259
CbWHA1_8786.1.p1	CFAC1_220039100.1-p1	777
CbWHA1_8787.1.p1	CFAC1_220039200.1-p1	383
CbWHA1_8788.1.p1	CFAC1_220039300.1-p1	367
CbWHA1_8789.1.p1	CFAC1_220039600.1-p1	1968
CbWHA1_8790.1.p1	CFAC1_220039700.1-p1	835
CbWHA1_8791.1.p1	CFAC1_220039800.1-p1	1914
CbWHA1_8793.1.p1	CFAC1_220040100.1-p1	794
CbWHA1_8794.1.p1	CFAC1_220040200.1-p1	613
CbWHA1_8796.1.p1	CFAC1_220040500.1-p1	260
CbWHA1_8797.1.p1	CFAC1_220041400.1-p1	169
CbWHA1_8799.1.p1	CFAC1_220041100.1-p1	508
CbWHA1_880.1.p1	CFAC1_300035100.1-p1	1185
CbWHA1_8800.1.p1	CFAC1_220041500.1-p1	172
CbWHA1_8802.1.p1	CFAC1_220041700.1-p1	155
CbWHA1_8803.1.p1	CFAC1_220041800.1-p1	435
CbWHA1_8804.1.p1	CFAC1_220041900.1-p1	179
CbWHA1_8805.1.p1	CFAC1_220042000.1-p1	501
CbWHA1_8806.1.p1	CFAC1_220042100.1-p1	312
CbWHA1_8807.1.p1	CFAC1_220042200.1-p1	323
CbWHA1_8808.1.p1	CFAC1_220042600.1-p1	766
CbWHA1_8810.1.p1	CFAC1_220042500.1-p1	463
CbWHA1_8811.1.p1	CFAC1_220042700.1-p1	1248
CbWHA1_8812.1.p1	CFAC1_220042800.1-p1	1249
CbWHA1_8813.1.p1	CFAC1_220042900.1-p1	878
CbWHA1_8814.1.p1	CFAC1_220043000.1-p1	872
CbWHA1_8816.1.p1	CFAC1_220043200.1-p1	666
CbWHA1_8817.1.p1	CFAC1_220043300.1-p1	996
CbWHA1_8818.1.p1	CFAC1_220043400.1-p1	233
CbWHA1_8819.1.p1	CFAC1_220043500.1-p1	1766
CbWHA1_882.1.p1	CFAC1_300035300.1-p1	317
CbWHA1_8820.1.p1	CFAC1_220043600.1-p1	223
CbWHA1_8821.1.p1	CFAC1_220043800.1-p1	574
CbWHA1_8822.1.p1	CFAC1_220043800.1-p1	574
CbWHA1_8823.1.p1	CFAC1_220043900.1-p1	311
CbWHA1_8824.1.p1	CFAC1_220044000.1-p1	1184
CbWHA1_8825.1.p1	CFAC1_220044100.1-p1	309
CbWHA1_8826.1.p1	CFAC1_220044200.1-p1	365
CbWHA1_8827.1.p1	CFAC1_220044400.1-p1	288
CbWHA1_8829.1.p1	CFAC1_220044700.1-p1	905
CbWHA1_883.1.p1	CFAC1_300035500.1-p1	593
CbWHA1_8830.1.p1	CFAC1_220044800.1-p1	236
CbWHA1_8831.1.p1	CFAC1_220044900.1-p1	1353
CbWHA1_8833.1.p1	CFAC1_220045200.1-p1	928
CbWHA1_8835.1.p1	CFAC1_220045400.1-p1	783
CbWHA1_8838.1.p1	CFAC1_220045600.1-p1	669
CbWHA1_8839.1.p1	CFAC1_220045700.1-p1	932
CbWHA1_884.1.p1	CFAC1_300035600.1-p1	818
CbWHA1_8840.1.p1	CFAC1_220045800.1-p1	1217
CbWHA1_8843.1.p1	CFAC1_220046100.1-p1	972
CbWHA1_8844.1.p1	CFAC1_220046700.1-p1	1338
CbWHA1_8845.1.p1	CFAC1_220046800.1-p1	359
CbWHA1_8846.1.p1	CFAC1_220046200.1-p1	8583
CbWHA1_885.1.p1	CFAC1_300035800.1-p1	868
CbWHA1_8851.1.p1	CFAC1_200005700.1-p1	1025
CbWHA1_8857.1.p1	CFAC1_250054300.1-p1	627
CbWHA1_8859.1.p1	CFAC1_250054100.1-p1	685
CbWHA1_886.1.p1	CFAC1_300036400.1-p1	723
CbWHA1_8860.1.p1	CFAC1_250053800.1-p1	1229
CbWHA1_8861.1.p1	CFAC1_250053700.1-p1	1504
CbWHA1_8862.1.p1	CFAC1_250053600.1-p1	393
CbWHA1_8863.1.p1	CFAC1_250053500.1-p1	709
CbWHA1_8864.1.p1	CFAC1_250052600.1-p1	166
CbWHA1_8865.1.p1	CFAC1_250053400.1-p1	819
CbWHA1_8866.1.p1	CFAC1_250053300.1-p1	402
CbWHA1_8867.1.p1	CFAC1_250052500.1-p1	963
CbWHA1_8869.1.p1	CFAC1_250052300.1-p1	630
CbWHA1_887.1.p1	CFAC1_300035900.1-p1	387
CbWHA1_8871.1.p1	CFAC1_250052100.1-p1	172
CbWHA1_8872.1.p1	CFAC1_250052000.1-p1	389
CbWHA1_8873.1.p1	CFAC1_250051900.1-p1	295
CbWHA1_8874.1.p1	CFAC1_250051800.1-p1	1511
CbWHA1_8875.1.p1	CFAC1_250051700.1-p1	942
CbWHA1_8878.1.p1	CFAC1_250051300.1-p1	404
CbWHA1_8879.1.p1	CFAC1_250050900.1-p1	362
CbWHA1_8881.1.p1	CFAC1_250050700.1-p1	363
CbWHA1_8882.1.p1	CFAC1_250050600.1-p1	1814
CbWHA1_8883.1.p1	CFAC1_250050500.1-p1	1314
CbWHA1_8884.1.p1	CFAC1_250050400.1-p1	785
CbWHA1_8885.1.p1	CFAC1_250050100.1-p1	804
CbWHA1_8886.1.p1	CFAC1_250050000.1-p1	160
CbWHA1_8887.1.p1	CFAC1_250049900.1-p1	658
CbWHA1_8888.1.p1	CFAC1_250049700.1-p1	749
CbWHA1_8889.1.p1	CFAC1_250049600.1-p1	505
CbWHA1_8891.1.p1	CFAC1_250049400.1-p1	429
CbWHA1_8892.1.p1	CFAC1_250049300.1-p1	1132
CbWHA1_8893.1.p1	CFAC1_250049200.1-p1	849
CbWHA1_8894.1.p1	CFAC1_250049100.1-p1	1220
CbWHA1_8895.1.p1	CFAC1_250049000.1-p1	639
CbWHA1_8897.1.p1	CFAC1_250048700.1-p1	241
CbWHA1_8898.1.p1	CFAC1_250048500.1-p1	439
CbWHA1_8899.1.p1	CFAC1_250048400.1-p1	746
CbWHA1_89.1.p1	CFAC1_160018900.1-p1	286
CbWHA1_890.1.p1	CFAC1_300036200.1-p1	52.8
CbWHA1_8900.1.p1	CFAC1_250048300.1-p1	739
CbWHA1_8901.1.p1	CFAC1_250048100.1-p1	244
CbWHA1_8904.1.p1	CFAC1_250047800.1-p1	220
CbWHA1_8905.1.p1	CFAC1_250047600.1-p1	499
CbWHA1_8906.1.p1	CFAC1_250047500.1-p1	503
CbWHA1_8907.1.p1	CFAC1_250047000.1-p1	644
CbWHA1_8908.1.p1	CFAC1_250047400.1-p1	1418
CbWHA1_8909.1.p1	CFAC1_250047300.1-p1	1031
CbWHA1_891.1.p1	CFAC1_300037000.1-p1	1162
CbWHA1_8910.1.p1	CFAC1_250047100.1-p1	619
CbWHA1_8911.1.p1	CFAC1_250046900.1-p1	495
CbWHA1_8912.1.p1	CFAC1_250046700.1-p1	557
CbWHA1_8913.1.p1	CFAC1_250046600.1-p1	527
CbWHA1_8916.1.p1	CFAC1_250046000.1-p1	967
CbWHA1_8918.1.p1	CFAC1_250045900.1-p1	1218
CbWHA1_8919.1.p1	CFAC1_250045200.1-p1	655
CbWHA1_892.1.p1	CFAC1_300036500.1-p1	115
CbWHA1_8920.1.p1	CFAC1_250045700.1-p1	611
CbWHA1_8924.1.p1	CFAC1_250045000.1-p1	362
CbWHA1_8926.1.p1	CFAC1_250044500.1-p1	890
CbWHA1_8929.1.p1	CFAC1_250044200.1-p1	1534
CbWHA1_893.1.p1	CFAC1_300036800.1-p1	726
CbWHA1_8930.1.p1	CFAC1_250044000.1-p1	561
CbWHA1_8931.1.p1	CFAC1_250043800.1-p1	325
CbWHA1_8932.1.p1	CFAC1_250043700.1-p1	594
CbWHA1_8933.1.p1	CFAC1_250043600.1-p1	524
CbWHA1_8934.1.p1	CFAC1_250043500.1-p1	1801
CbWHA1_8935.1.p1	CFAC1_250043400.1-p1	514
CbWHA1_8936.1.p1	CFAC1_290035700.1-p1	76.3
CbWHA1_8937.1.p1	CFAC1_250043000.1-p1	760
CbWHA1_8938.1.p1	CFAC1_250042900.1-p1	583
CbWHA1_8939.1.p1	CFAC1_250042700.1-p1	87.8
CbWHA1_894.1.p1	CFAC1_300036900.1-p1	2219
CbWHA1_8941.1.p1	CFAC1_250042100.1-p1	303
CbWHA1_8942.1.p1	CFAC1_250041900.1-p1	474
CbWHA1_8944.1.p1	CFAC1_250041800.1-p1	797
CbWHA1_8946.1.p1	CFAC1_210023600.1-p1	1110
CbWHA1_8947.1.p1	CFAC1_250041600.1-p1	1358
CbWHA1_8948.1.p1	CFAC1_250041500.1-p1	872
CbWHA1_8949.1.p1	CFAC1_250041400.1-p1	1194
CbWHA1_895.1.p1	CFAC1_300037100.1-p1	447
CbWHA1_8951.1.p1	CFAC1_250041000.1-p1	341
CbWHA1_8953.1.p1	CFAC1_210023500.1-p1	1587
CbWHA1_8954.1.p1	CFAC1_210023400.1-p1	372
CbWHA1_8957.1.p1	CFAC1_210022400.1-p1	344
CbWHA1_8959.1.p1	CFAC1_210022300.1-p1	618
CbWHA1_8961.1.p1	CFAC1_210022200.1-p1	1018
CbWHA1_8962.1.p1	CFAC1_210022100.1-p1	619
CbWHA1_8963.1.p1	CFAC1_210022000.1-p1	725
CbWHA1_8965.1.p1	CFAC1_210021700.1-p1	491
CbWHA1_8966.1.p1	CFAC1_210021600.1-p1	275
CbWHA1_897.1.p1	CFAC1_300037300.1-p1	123
CbWHA1_8983.1.p1	CFAC1_210021500.1-p1	693
CbWHA1_8984.1.p1	CFAC1_210021400.1-p1	423
CbWHA1_8986.1.p1	CFAC1_210021200.1-p1	1946
CbWHA1_8987.1.p1	CFAC1_210021100.1-p1	442
CbWHA1_8988.1.p1	CFAC1_210021000.1-p1	573
CbWHA1_8989.1.p1	CFAC1_210020900.1-p1	536
CbWHA1_8990.1.p1	CFAC1_210020800.1-p1	691
CbWHA1_8992.1.p1	CFAC1_210020600.1-p1	74.3
CbWHA1_8993.1.p1	CFAC1_210020400.1-p1	1443
CbWHA1_8996.1.p1	CFAC1_210020100.1-p1	2334
CbWHA1_8997.1.p1	CFAC1_210019900.1-p1	1279
CbWHA1_8998.1.p1	CFAC1_210019500.1-p1	587
CbWHA1_8999.1.p1	CFAC1_210019400.1-p1	281
CbWHA1_9.1.p1	CFAC1_160030800.1-p1	2095
CbWHA1_90.1.p1	CFAC1_160018800.1-p1	637
CbWHA1_9000.1.p1	CFAC1_210019200.1-p1	934
CbWHA1_9001.1.p1	CFAC1_210019000.1-p1	518
CbWHA1_9002.1.p1	CFAC1_210018800.1-p1	585
CbWHA1_9004.1.p1	CFAC1_210018600.1-p1	723
CbWHA1_9005.1.p1	CFAC1_210018500.1-p1	436
CbWHA1_9006.1.p1	CFAC1_210018400.1-p1	1330
CbWHA1_9007.1.p1	CFAC1_210018300.1-p1	731
CbWHA1_9008.1.p1	CFAC1_210018200.1-p1	847
CbWHA1_9009.1.p1	CFAC1_210018000.1-p1	354
CbWHA1_9011.1.p1	CFAC1_210017700.1-p1	454
CbWHA1_9012.1.p1	CFAC1_210017600.1-p1	374
CbWHA1_9013.1.p1	CFAC1_210017500.1-p1	1538
CbWHA1_9014.1.p1	CFAC1_210017400.1-p1	2166
CbWHA1_9016.1.p1	CFAC1_210017200.1-p1	211
CbWHA1_9017.1.p1	CFAC1_210017100.1-p1	409
CbWHA1_9018.1.p1	CFAC1_210017000.1-p1	184
CbWHA1_9019.1.p1	CFAC1_210016900.1-p1	1065
CbWHA1_9020.1.p1	CFAC1_210016800.1-p1	1039
CbWHA1_9021.1.p1	CFAC1_210016700.1-p1	1801
CbWHA1_9022.1.p1	CFAC1_210016600.1-p1	229
CbWHA1_9023.1.p1	CFAC1_210016400.1-p1	470
CbWHA1_9024.1.p1	CFAC1_210016300.1-p1	853
CbWHA1_9031.1.p1	CFAC1_210015600.1-p1	943
CbWHA1_9033.1.p1	CFAC1_210015500.1-p1	867
CbWHA1_9035.1.p1	CFAC1_210015200.1-p1	929
CbWHA1_9036.1.p1	CFAC1_210015000.1-p1	1926
CbWHA1_9037.1.p1	CFAC1_210014300.1-p1	783
CbWHA1_9038.1.p1	CFAC1_210014300.1-p1	817
CbWHA1_9039.1.p1	CFAC1_210014200.1-p1	501
CbWHA1_9041.1.p1	CFAC1_210014000.1-p1	91.3
CbWHA1_9042.1.p1	CFAC1_210013900.1-p1	661
CbWHA1_9043.1.p1	CFAC1_210013700.1-p1	306
CbWHA1_9044.1.p1	CFAC1_210013600.1-p1	1173
CbWHA1_9046.1.p1	CFAC1_210013400.1-p1	167
CbWHA1_9047.1.p1	CFAC1_210013300.1-p1	1751
CbWHA1_9048.1.p1	CFAC1_210013100.1-p1	224
CbWHA1_9049.1.p1	CFAC1_210013000.1-p1	453
CbWHA1_9050.1.p1	CFAC1_210012900.1-p1	2029
CbWHA1_9051.1.p1	CFAC1_210012800.1-p1	410
CbWHA1_9052.1.p1	CFAC1_210012700.1-p1	538
CbWHA1_9053.1.p1	CFAC1_210012900.1-p1	1996
CbWHA1_9054.1.p1	CFAC1_210012800.1-p1	410
CbWHA1_9056.1.p1	CFAC1_210012600.1-p1	883
CbWHA1_9057.1.p1	CFAC1_210012500.1-p1	990
CbWHA1_9058.1.p1	CFAC1_210012400.1-p1	561
CbWHA1_9060.1.p1	CFAC1_210012200.1-p1	749
CbWHA1_9061.1.p1	CFAC1_210012100.1-p1	532
CbWHA1_9062.1.p1	CFAC1_210011900.1-p1	676
CbWHA1_9064.1.p1	CFAC1_210011500.1-p1	1704
CbWHA1_9065.1.p1	CFAC1_210011400.1-p1	1036
CbWHA1_9066.1.p1	CFAC1_210011300.1-p1	729
CbWHA1_9067.1.p1	CFAC1_210011200.1-p1	421
CbWHA1_9069.1.p1	CFAC1_210007900.1-p1	565
CbWHA1_9070.1.p1	CFAC1_210007800.1-p1	1163
CbWHA1_9071.1.p1	CFAC1_210007700.1-p1	779
CbWHA1_9072.1.p1	CFAC1_210007600.1-p1	4859
CbWHA1_9073.1.p1	CFAC1_210007400.1-p1	742
CbWHA1_9074.1.p1	CFAC1_210007300.1-p1	673
CbWHA1_9075.1.p1	CFAC1_210007200.1-p1	556
CbWHA1_9076.1.p1	CFAC1_210007100.1-p1	314
CbWHA1_9077.1.p1	CFAC1_210007000.1-p1	264
CbWHA1_9078.1.p1	CFAC1_210006900.1-p1	1102
CbWHA1_9080.1.p1	CFAC1_210006800.1-p1	681
CbWHA1_9081.1.p1	CFAC1_210006700.1-p1	348
CbWHA1_9083.1.p1	CFAC1_210006300.1-p1	913
CbWHA1_9084.1.p1	CFAC1_210006200.1-p1	609
CbWHA1_9086.1.p1	CFAC1_210005800.1-p1	655
CbWHA1_9087.1.p1	CFAC1_210005700.1-p1	452
CbWHA1_9088.1.p1	CFAC1_210005600.1-p1	613
CbWHA1_9089.1.p1	CFAC1_190010400.1-p1	325
CbWHA1_9091.1.p1	CFAC1_210005300.1-p1	665
CbWHA1_9096.1.p1	CFAC1_210005200.1-p1	767
CbWHA1_9100.1.p1	CFAC1_010019200.1-p1	155
CbWHA1_9101.1.p1	CFAC1_160012800.1-p1	407
CbWHA1_9102.1.p1	CFAC1_160012800.1-p1	410
CbWHA1_9103.1.p1	CFAC1_160012800.1-p1	409
CbWHA1_9107.1.p1	CFAC1_160006700.1-p1	891
CbWHA1_9109.1.p1	CFAC1_160007000.1-p1	282
CbWHA1_9110.1.p1	CFAC1_160007100.1-p1	387
CbWHA1_9111.1.p1	CFAC1_160007200.1-p1	209
CbWHA1_9112.1.p1	CFAC1_160007300.1-p1	550
CbWHA1_9113.1.p1	CFAC1_160007400.1-p1	1155
CbWHA1_9114.1.p1	CFAC1_160007500.1-p1	1646
CbWHA1_9117.1.p1	CFAC1_160007800.1-p1	405
CbWHA1_9118.1.p1	CFAC1_160007900.1-p1	486
CbWHA1_9119.1.p1	CFAC1_160008000.1-p1	1573
CbWHA1_9120.1.p1	CFAC1_290074900.1-p1	124
CbWHA1_9121.1.p1	CFAC1_160008400.1-p1	333
CbWHA1_9122.1.p1	CFAC1_160008500.1-p1	1028
CbWHA1_9123.1.p1	CFAC1_160008600.1-p1	763
CbWHA1_9124.1.p1	CFAC1_160008700.1-p1	866
CbWHA1_9125.1.p1	CFAC1_160008800.1-p1	749
CbWHA1_9126.1.p1	CFAC1_160008700.1-p1	570
CbWHA1_9127.1.p1	CFAC1_160008700.1-p1	551
CbWHA1_9132.1.p1	CFAC1_160012800.1-p1	397
CbWHA1_9133.1.p1	CFAC1_160012800.1-p1	396
CbWHA1_9134.1.p1	CFAC1_160012800.1-p1	396
CbWHA1_9135.1.p1	CFAC1_160012800.1-p1	405
CbWHA1_9136.1.p1	CFAC1_160012800.1-p1	388
CbWHA1_9137.1.p1	CFAC1_160012800.1-p1	473
CbWHA1_9138.1.p1	CFAC1_160011800.1-p1	891
CbWHA1_9139.1.p1	CFAC1_160013000.1-p1	855
CbWHA1_9140.1.p1	CFAC1_160013000.1-p1	949
CbWHA1_9141.1.p1	CFAC1_160013300.1-p1	942
CbWHA1_9142.1.p1	CFAC1_160013400.1-p1	367
CbWHA1_9147.1.p1	CFAC1_160013900.1-p1	407
CbWHA1_9148.1.p1	CFAC1_160014500.1-p1	747
CbWHA1_9149.1.p1	CFAC1_160014600.1-p1	823
CbWHA1_9150.1.p1	CFAC1_160014800.1-p1	321
CbWHA1_9151.1.p1	CFAC1_160015000.1-p1	1069
CbWHA1_9152.1.p1	CFAC1_160015200.1-p1	461
CbWHA1_9153.1.p1	CFAC1_160015400.1-p1	850
CbWHA1_9154.1.p1	CFAC1_160015400.1-p1	850
CbWHA1_9155.1.p1	CFAC1_160015600.1-p1	653
CbWHA1_9156.1.p1	CFAC1_160015800.1-p1	531
CbWHA1_9158.1.p1	CFAC1_160016200.1-p1	92.4
CbWHA1_9161.1.p1	CFAC1_160016600.1-p1	424
CbWHA1_9162.1.p1	CFAC1_160016700.1-p1	99.4
CbWHA1_9166.1.p1	CFAC1_160017000.1-p1	622
CbWHA1_9170.1.p1	CFAC1_240005400.1-p1	1082
CbWHA1_9171.1.p1	CFAC1_300005500.1-p1	307
CbWHA1_9173.1.p1	CFAC1_040022300.1-p1	616
CbWHA1_9174.1.p1	CFAC1_040022300.1-p1	271
CbWHA1_9175.1.p1	CFAC1_040022100.1-p1	602
CbWHA1_9177.1.p1	CFAC1_040021900.1-p1	624
CbWHA1_9180.1.p1	CFAC1_040021000.1-p1	493
CbWHA1_9181.1.p1	CFAC1_040020800.1-p1	1658
CbWHA1_9182.1.p1	CFAC1_040020600.1-p1	606
CbWHA1_9183.1.p1	CFAC1_040020300.1-p1	416
CbWHA1_9185.1.p1	CFAC1_040020100.1-p1	345
CbWHA1_9187.1.p1	CFAC1_040019900.1-p1	322
CbWHA1_9188.1.p1	CFAC1_040019800.1-p1	595
CbWHA1_9191.1.p1	CFAC1_040019500.1-p1	309
CbWHA1_9192.1.p1	CFAC1_040019400.1-p1	1161
CbWHA1_9193.1.p1	CFAC1_040019200.1-p1	292
CbWHA1_9195.1.p1	CFAC1_040019000.1-p1	761
CbWHA1_9196.1.p1	CFAC1_040018900.1-p1	284
CbWHA1_9197.1.p1	CFAC1_040018800.1-p1	577
CbWHA1_9198.1.p1	CFAC1_040018600.1-p1	75.5
CbWHA1_9200.1.p1	CFAC1_040018000.1-p1	761
CbWHA1_9201.1.p1	CFAC1_040017900.1-p1	804
CbWHA1_9203.1.p1	CFAC1_040017700.1-p1	1301
CbWHA1_9204.1.p1	CFAC1_040017600.1-p1	1548
CbWHA1_9205.1.p1	CFAC1_040017500.1-p1	332
CbWHA1_9206.1.p1	CFAC1_040017400.1-p1	409
CbWHA1_9208.1.p1	CFAC1_040017100.1-p1	305
CbWHA1_9209.1.p1	CFAC1_040015800.1-p1	539
CbWHA1_9210.1.p1	CFAC1_040015700.1-p1	446
CbWHA1_9213.1.p1	CFAC1_040016500.1-p1	687
CbWHA1_9215.1.p1	CFAC1_040015900.1-p1	309
CbWHA1_9216.1.p1	CFAC1_040015600.1-p1	870
CbWHA1_9217.1.p1	CFAC1_040015500.1-p1	204
CbWHA1_9219.1.p1	CFAC1_040015200.1-p1	822
CbWHA1_9220.1.p1	CFAC1_040015100.1-p1	848
CbWHA1_9222.1.p1	CFAC1_040015000.1-p1	1051
CbWHA1_9223.1.p1	CFAC1_040014900.1-p1	1575
CbWHA1_9224.1.p1	CFAC1_040014800.1-p1	236
CbWHA1_9225.1.p1	CFAC1_040014700.1-p1	393
CbWHA1_9226.1.p1	CFAC1_040014300.1-p1	482
CbWHA1_9227.1.p1	CFAC1_040014000.1-p1	783
CbWHA1_9228.1.p1	CFAC1_040014200.1-p1	976
CbWHA1_9229.1.p1	CFAC1_040014100.1-p1	699
CbWHA1_9231.1.p1	CFAC1_040013700.1-p1	1033
CbWHA1_9232.1.p1	CFAC1_040013500.1-p1	714
CbWHA1_9233.1.p1	CFAC1_040013400.1-p1	738
CbWHA1_9234.1.p1	CFAC1_040013300.1-p1	640
CbWHA1_9235.1.p1	CFAC1_040013200.1-p1	689
CbWHA1_9237.1.p1	CFAC1_040012900.1-p1	1022
CbWHA1_9238.1.p1	CFAC1_040012800.1-p1	758
CbWHA1_9239.1.p1	CFAC1_040012700.1-p1	743
CbWHA1_9243.1.p1	CFAC1_040012400.1-p1	5651
CbWHA1_9244.1.p1	CFAC1_210024100.1-p1	283
CbWHA1_9245.1.p1	CFAC1_040012100.1-p1	70.5
CbWHA1_9246.1.p1	CFAC1_040011600.1-p1	845
CbWHA1_9247.1.p1	CFAC1_040011600.1-p1	837
CbWHA1_9248.1.p1	CFAC1_040011600.1-p1	832
CbWHA1_9249.1.p1	CFAC1_040011600.1-p1	830
CbWHA1_9250.1.p1	CFAC1_040011600.1-p1	836
CbWHA1_9251.1.p1	CFAC1_040011600.1-p1	832
CbWHA1_9252.1.p1	CFAC1_040011900.1-p1	803
CbWHA1_9253.1.p1	CFAC1_040011900.1-p1	806
CbWHA1_9255.1.p1	CFAC1_040011600.1-p1	772
CbWHA1_9256.1.p1	CFAC1_040011700.1-p1	796
CbWHA1_9258.1.p1	CFAC1_040011300.1-p1	768
CbWHA1_9260.1.p1	CFAC1_040010900.1-p1	985
CbWHA1_9261.1.p1	CFAC1_040010800.1-p1	1084
CbWHA1_9264.1.p1	CFAC1_040010200.1-p1	1092
CbWHA1_9265.1.p1	CFAC1_040010000.1-p1	1097
CbWHA1_9267.1.p1	CFAC1_040009800.1-p1	1091
CbWHA1_9268.1.p1	CFAC1_040009700.1-p1	209
CbWHA1_9269.1.p1	CFAC1_040009600.1-p1	196
CbWHA1_9270.1.p1	CFAC1_040009400.1-p1	1056
CbWHA1_9271.1.p1	CFAC1_040009200.1-p1	1441
CbWHA1_9272.1.p1	CFAC1_040008900.1-p1	581
CbWHA1_9275.1.p1	CFAC1_040008500.1-p1	686
CbWHA1_9279.1.p1	CFAC1_040007900.1-p1	427
CbWHA1_9280.1.p1	CFAC1_040007700.1-p1	166
CbWHA1_9281.1.p1	CFAC1_040007400.1-p1	796
CbWHA1_9282.1.p1	CFAC1_040007300.1-p1	721
CbWHA1_9286.1.p1	CFAC1_040006800.1-p1	655
CbWHA1_9287.1.p1	CFAC1_040006700.1-p1	171
CbWHA1_9289.1.p1	CFAC1_040006400.1-p1	489
CbWHA1_9290.1.p1	CFAC1_040006200.1-p1	540
CbWHA1_9294.1.p1	CFAC1_240005400.1-p1	1081
CbWHA1_9298.1.p1	CFAC1_200005900.1-p1	1806
CbWHA1_93.1.p1	CFAC1_160018700.1-p1	233
CbWHA1_9300.1.p1	CFAC1_040005900.1-p1	353
CbWHA1_9301.1.p1	CFAC1_040005700.1-p1	538
CbWHA1_9302.1.p1	CFAC1_040005500.1-p1	1588
CbWHA1_9303.1.p1	CFAC1_040005400.1-p1	588
CbWHA1_9304.1.p1	CFAC1_300005500.1-p1	305
CbWHA1_9305.1.p1	CFAC1_200006000.1-p1	370
CbWHA1_9306.1.p1	CFAC1_200006100.1-p1	338
CbWHA1_9309.1.p1	CFAC1_200006800.1-p1	480
CbWHA1_9310.1.p1	CFAC1_090005500.1-p1	1178
CbWHA1_9311.1.p1	CFAC1_090005600.1-p1	246
CbWHA1_9313.1.p1	CFAC1_090005900.1-p1	246
CbWHA1_9314.1.p1	CFAC1_090006000.1-p1	410
CbWHA1_9315.1.p1	CFAC1_090006100.1-p1	281
CbWHA1_9316.1.p1	CFAC1_090006200.1-p1	823
CbWHA1_9317.1.p1	CFAC1_090006300.1-p1	357
CbWHA1_9318.1.p1	CFAC1_090006400.1-p1	877
CbWHA1_9319.1.p1	CFAC1_090006400.1-p1	877
CbWHA1_9320.1.p1	CFAC1_090006400.1-p1	877
CbWHA1_9321.1.p1	CFAC1_090006400.1-p1	877
CbWHA1_9322.1.p1	CFAC1_090006400.1-p1	877
CbWHA1_9323.1.p1	CFAC1_090006400.1-p1	877
CbWHA1_9324.1.p1	CFAC1_090006400.1-p1	877
CbWHA1_9325.1.p1	CFAC1_090006400.1-p1	877
CbWHA1_9326.1.p1	CFAC1_090006400.1-p1	877
CbWHA1_9327.1.p1	CFAC1_090006400.1-p1	877
CbWHA1_9328.1.p1	CFAC1_090006400.1-p1	877
CbWHA1_9329.1.p1	CFAC1_090006400.1-p1	877
CbWHA1_9330.1.p1	CFAC1_090006400.1-p1	877
CbWHA1_9331.1.p1	CFAC1_090006400.1-p1	877
CbWHA1_9332.1.p1	CFAC1_090006800.1-p1	529
CbWHA1_9333.1.p1	CFAC1_090007600.1-p1	426
CbWHA1_9335.1.p1	CFAC1_090006400.1-p1	877
CbWHA1_9336.1.p1	CFAC1_090006400.1-p1	877
CbWHA1_9337.1.p1	CFAC1_090007250.1-p1	300
CbWHA1_9339.1.p1	CFAC1_090007300.1-p1	763
CbWHA1_9340.1.p1	CFAC1_090007400.1-p1	776
CbWHA1_9341.1.p1	CFAC1_090007900.1-p1	900
CbWHA1_9342.1.p1	CFAC1_090008000.1-p1	365
CbWHA1_9344.1.p1	CFAC1_090008200.1-p1	1002
CbWHA1_9345.1.p1	CFAC1_090008300.1-p1	653
CbWHA1_9346.1.p1	CFAC1_090008400.1-p1	335
CbWHA1_9347.1.p1	CFAC1_090008500.1-p1	484
CbWHA1_9349.1.p1	CFAC1_090008700.1-p1	471
CbWHA1_9350.1.p1	CFAC1_090008800.1-p1	172
CbWHA1_9351.1.p1	CFAC1_090008900.1-p1	327
CbWHA1_9352.1.p1	CFAC1_090009000.1-p1	163
CbWHA1_9353.1.p1	CFAC1_090009100.1-p1	1124
CbWHA1_9354.1.p1	CFAC1_090009200.1-p1	196
CbWHA1_9355.1.p1	CFAC1_090009300.1-p1	69.3
CbWHA1_9357.1.p1	CFAC1_090009400.1-p1	893
CbWHA1_9358.1.p1	CFAC1_090009600.1-p1	595
CbWHA1_9359.1.p1	CFAC1_090009700.1-p1	324
CbWHA1_9360.1.p1	CFAC1_090010200.1-p1	1281
CbWHA1_9361.1.p1	CFAC1_090010200.1-p1	1304
CbWHA1_9362.1.p1	CFAC1_090010300.1-p1	747
CbWHA1_9363.1.p1	CFAC1_090010400.1-p1	1048
CbWHA1_9364.1.p1	CFAC1_090010500.1-p1	649
CbWHA1_9365.1.p1	CFAC1_090010600.1-p1	252
CbWHA1_9367.1.p1	CFAC1_090010700.1-p1	630
CbWHA1_9368.1.p1	CFAC1_090010800.1-p1	420
CbWHA1_9371.1.p1	CFAC1_090011200.1-p1	3392
CbWHA1_9373.1.p1	CFAC1_090011400.1-p1	793
CbWHA1_9374.1.p1	CFAC1_090011500.1-p1	1101
CbWHA1_9375.1.p1	CFAC1_090011600.1-p1	386
CbWHA1_9376.1.p1	CFAC1_090011700.1-p1	239
CbWHA1_9377.1.p1	CFAC1_090011800.1-p1	610
CbWHA1_9378.1.p1	CFAC1_090011900.1-p1	1116
CbWHA1_9379.1.p1	CFAC1_090012000.1-p1	312
CbWHA1_9381.1.p1	CFAC1_090012200.1-p1	581
CbWHA1_9382.1.p1	CFAC1_090012300.1-p1	659
CbWHA1_9383.1.p1	CFAC1_090012500.1-p1	582
CbWHA1_9384.1.p1	CFAC1_090012600.1-p1	179
CbWHA1_9385.1.p1	CFAC1_090012700.1-p1	658
CbWHA1_9388.1.p1	CFAC1_090013000.1-p1	517
CbWHA1_9389.1.p1	CFAC1_090013100.1-p1	1439
CbWHA1_9391.1.p1	CFAC1_090013400.1-p1	456
CbWHA1_9395.1.p1	CFAC1_090014000.1-p1	1243
CbWHA1_9396.1.p1	CFAC1_090014100.1-p1	764
CbWHA1_9397.1.p1	CFAC1_090014300.1-p1	645
CbWHA1_9398.1.p1	CFAC1_090014500.1-p1	341
CbWHA1_9399.1.p1	CFAC1_090014800.1-p1	478
CbWHA1_94.1.p1	CFAC1_160018600.1-p1	151
CbWHA1_9400.1.p1	CFAC1_090014900.1-p1	785
CbWHA1_9401.1.p1	CFAC1_090015000.1-p1	678
CbWHA1_9402.1.p1	CFAC1_090015100.1-p1	889
CbWHA1_9403.1.p1	CFAC1_090015200.1-p1	508
CbWHA1_9404.1.p1	CFAC1_090015300.1-p1	1325
CbWHA1_9405.1.p1	CFAC1_090015400.1-p1	290
CbWHA1_9406.1.p1	CFAC1_090015500.1-p1	184
CbWHA1_9407.1.p1	CFAC1_090015600.1-p1	618
CbWHA1_9408.1.p1	CFAC1_090015700.1-p1	660
CbWHA1_9409.1.p1	CFAC1_090015800.1-p1	704
CbWHA1_941.1.p1	CFAC1_300039500.1-p1	803
CbWHA1_9412.1.p1	CFAC1_090016500.1-p1	802
CbWHA1_9414.1.p1	CFAC1_090016600.1-p1	764
CbWHA1_9415.1.p1	CFAC1_090016700.1-p1	3542
CbWHA1_9416.1.p1	CFAC1_090016900.1-p1	1289
CbWHA1_9417.1.p1	CFAC1_090017000.1-p1	627
CbWHA1_9418.1.p1	CFAC1_090017100.1-p1	1326
CbWHA1_9419.1.p1	CFAC1_090017200.1-p1	607
CbWHA1_942.1.p1	CFAC1_300039800.1-p1	865
CbWHA1_9420.1.p1	CFAC1_090017500.1-p1	4564
CbWHA1_9421.1.p1	CFAC1_090018000.1-p1	558
CbWHA1_9422.1.p1	CFAC1_090018200.1-p1	868
CbWHA1_9426.1.p1	CFAC1_090018600.1-p1	1090
CbWHA1_9427.1.p1	CFAC1_090018700.1-p1	593
CbWHA1_9428.1.p1	CFAC1_090018800.1-p1	545
CbWHA1_9429.1.p1	CFAC1_090018900.1-p1	809
CbWHA1_943.1.p1	CFAC1_300039900.1-p1	2439
CbWHA1_9430.1.p1	CFAC1_090019000.1-p1	303
CbWHA1_9431.1.p1	CFAC1_090019100.1-p1	267
CbWHA1_9432.1.p1	CFAC1_090019300.1-p1	539
CbWHA1_9433.1.p1	CFAC1_090019400.1-p1	2133
CbWHA1_9435.1.p1	CFAC1_090019600.1-p1	1176
CbWHA1_9436.1.p1	CFAC1_090019900.1-p1	1067
CbWHA1_9437.1.p1	CFAC1_090020000.1-p1	274
CbWHA1_9438.1.p1	CFAC1_090020100.1-p1	355
CbWHA1_9439.1.p1	CFAC1_090020200.1-p1	188
CbWHA1_944.1.p1	CFAC1_300040000.1-p1	2398
CbWHA1_9440.1.p1	CFAC1_090020300.1-p1	109
CbWHA1_9441.1.p1	CFAC1_090020400.1-p1	332
CbWHA1_9442.1.p1	CFAC1_090020500.1-p1	727
CbWHA1_9444.1.p1	CFAC1_090020700.1-p1	2175
CbWHA1_9445.1.p1	CFAC1_090020800.1-p1	1254
CbWHA1_9446.1.p1	CFAC1_090020900.1-p1	1740
CbWHA1_9447.1.p1	CFAC1_090021000.1-p1	469
CbWHA1_9449.1.p1	CFAC1_090021300.1-p1	1226
CbWHA1_945.1.p1	CFAC1_300040100.1-p1	1446
CbWHA1_9450.1.p1	CFAC1_090021400.1-p1	366
CbWHA1_9451.1.p1	CFAC1_090021500.1-p1	1092
CbWHA1_9452.1.p1	CFAC1_090021600.1-p1	357
CbWHA1_9453.1.p1	CFAC1_090021700.1-p1	759
CbWHA1_9454.1.p1	CFAC1_090021900.1-p1	325
CbWHA1_9456.1.p1	CFAC1_090022000.1-p1	185
CbWHA1_9457.1.p1	CFAC1_090022100.1-p1	803
CbWHA1_9458.1.p1	CFAC1_090022200.1-p1	1206
CbWHA1_9459.1.p1	CFAC1_090022400.1-p1	703
CbWHA1_946.1.p1	CFAC1_300040200.1-p1	1090
CbWHA1_9460.1.p1	CFAC1_090022500.1-p1	489
CbWHA1_9461.1.p1	CFAC1_090022600.1-p1	394
CbWHA1_9462.1.p1	CFAC1_090022800.1-p1	787
CbWHA1_9465.1.p1	CFAC1_090023000.1-p1	263
CbWHA1_9466.1.p1	CFAC1_090023100.1-p1	720
CbWHA1_9467.1.p1	CFAC1_090023200.1-p1	1978
CbWHA1_947.1.p1	CFAC1_300040300.1-p1	595
CbWHA1_9471.1.p1	CFAC1_030005800.1-p1	272
CbWHA1_9473.1.p1	CFAC1_090023500.1-p1	572
CbWHA1_9475.1.p1	CFAC1_080005700.1-p1	996
CbWHA1_9476.1.p1	CFAC1_080005800.1-p1	723
CbWHA1_9477.1.p1	CFAC1_080005900.1-p1	713
CbWHA1_948.1.p1	CFAC1_300040500.1-p1	657
CbWHA1_9481.1.p1	CFAC1_080006500.1-p1	1491
CbWHA1_9482.1.p1	CFAC1_080006600.1-p1	553
CbWHA1_9483.1.p1	CFAC1_080006700.1-p1	325
CbWHA1_9485.1.p1	CFAC1_080006900.1-p1	2360
CbWHA1_9486.1.p1	CFAC1_080007000.1-p1	1770
CbWHA1_9487.1.p1	CFAC1_080007100.1-p1	1462
CbWHA1_9488.1.p1	CFAC1_080007200.1-p1	585
CbWHA1_949.1.p1	CFAC1_300040600.1-p1	960
CbWHA1_9490.1.p1	CFAC1_080007700.1-p1	1141
CbWHA1_9491.1.p1	CFAC1_080007800.1-p1	337
CbWHA1_9493.1.p1	CFAC1_080007900.1-p1	791
CbWHA1_9494.1.p1	CFAC1_080008000.1-p1	1031
CbWHA1_9495.1.p1	CFAC1_080008100.1-p1	910
CbWHA1_9496.1.p1	CFAC1_080008200.1-p1	89.7
CbWHA1_9497.1.p1	CFAC1_080008300.1-p1	389
CbWHA1_9498.1.p1	CFAC1_080008500.1-p1	949
CbWHA1_9499.1.p1	CFAC1_080008800.1-p1	229
CbWHA1_95.1.p1	CFAC1_160018400.1-p1	658
CbWHA1_950.1.p1	CFAC1_300040700.1-p1	825
CbWHA1_9501.1.p1	CFAC1_080009100.1-p1	587
CbWHA1_9502.1.p1	CFAC1_080009200.1-p1	695
CbWHA1_9503.1.p1	CFAC1_080009500.1-p1	3397
CbWHA1_9504.1.p1	CFAC1_080009600.1-p1	389
CbWHA1_9506.1.p1	CFAC1_080009900.1-p1	840
CbWHA1_9507.1.p1	CFAC1_080010000.1-p1	1189
CbWHA1_9508.1.p1	CFAC1_080010100.1-p1	801
CbWHA1_9509.1.p1	CFAC1_080010200.1-p1	573
CbWHA1_951.1.p1	CFAC1_300040800.1-p1	508
CbWHA1_9511.1.p1	CFAC1_080010400.1-p1	498
CbWHA1_9516.1.p1	CFAC1_080011300.1-p1	280
CbWHA1_9517.1.p1	CFAC1_080011500.1-p1	328
CbWHA1_9519.1.p1	CFAC1_080011600.1-p1	906
CbWHA1_9520.1.p1	CFAC1_080012900.1-p1	558
CbWHA1_9522.1.p1	CFAC1_080012400.1-p1	4688
CbWHA1_9525.1.p1	CFAC1_080013600.1-p1	404
CbWHA1_9526.1.p1	CFAC1_080013800.1-p1	1030
CbWHA1_9527.1.p1	CFAC1_080013900.1-p1	1061
CbWHA1_9528.1.p1	CFAC1_080014000.1-p1	1096
CbWHA1_953.1.p1	CFAC1_300041000.1-p1	526
CbWHA1_9532.1.p1	CFAC1_080014400.1-p1	47.4
CbWHA1_9533.1.p1	CFAC1_080014500.1-p1	1911
CbWHA1_9535.1.p1	CFAC1_080014700.1-p1	1981
CbWHA1_9536.1.p1	CFAC1_080014800.1-p1	462
CbWHA1_9537.1.p1	CFAC1_010013800.1-p1	211
CbWHA1_9538.1.p1	CFAC1_080015400.1-p1	218
CbWHA1_9539.1.p1	CFAC1_250020900.1-p1	354
CbWHA1_954.1.p1	CFAC1_300041100.1-p1	93.6
CbWHA1_9541.1.p1	CFAC1_140025500.1-p1	907
CbWHA1_9542.1.p1	CFAC1_140025500.1-p1	907
CbWHA1_9543.1.p1	CFAC1_140025500.1-p1	907
CbWHA1_9544.1.p1	CFAC1_140025500.1-p1	907
CbWHA1_9545.1.p1	CFAC1_140025500.1-p1	907
CbWHA1_9546.1.p1	CFAC1_080016200.1-p1	255
CbWHA1_9548.1.p1	CFAC1_080017000.1-p1	726
CbWHA1_9549.1.p1	CFAC1_080016400.1-p1	1300
CbWHA1_9550.1.p1	CFAC1_080016600.1-p1	1844
CbWHA1_9552.1.p1	CFAC1_080016800.1-p1	2696
CbWHA1_9554.1.p1	CFAC1_080017300.1-p1	257
CbWHA1_9555.1.p1	CFAC1_080017400.1-p1	599
CbWHA1_9556.1.p1	CFAC1_080017500.1-p1	155
CbWHA1_9557.1.p1	CFAC1_080017600.1-p1	1080
CbWHA1_956.1.p1	CFAC1_300041400.1-p1	1090
CbWHA1_9560.1.p1	CFAC1_080018250.1-p1	125
CbWHA1_9561.1.p1	CFAC1_080018800.1-p1	2496
CbWHA1_9562.1.p1	CFAC1_080018900.1-p1	1423
CbWHA1_9563.1.p1	CFAC1_080018900.1-p1	1417
CbWHA1_9564.1.p1	CFAC1_080018900.1-p1	1415
CbWHA1_9566.1.p1	CFAC1_080018900.1-p1	1421
CbWHA1_9567.1.p1	CFAC1_080018900.1-p1	1410
CbWHA1_9568.1.p1	CFAC1_080018900.1-p1	1415
CbWHA1_9569.1.p1	CFAC1_080019500.1-p1	236
CbWHA1_957.1.p1	CFAC1_300041500.1-p1	712
CbWHA1_9570.1.p1	CFAC1_080019600.1-p1	998
CbWHA1_9571.1.p1	CFAC1_080019700.1-p1	468
CbWHA1_9572.1.p1	CFAC1_080019800.1-p1	572
CbWHA1_9573.1.p1	CFAC1_080019900.1-p1	965
CbWHA1_9574.1.p1	CFAC1_080020100.1-p1	530
CbWHA1_9576.1.p1	CFAC1_080020300.1-p1	1155
CbWHA1_9577.1.p1	CFAC1_080020400.1-p1	603
CbWHA1_9579.1.p1	CFAC1_080020700.1-p1	216
CbWHA1_958.1.p1	CFAC1_300041600.1-p1	1051
CbWHA1_9581.1.p1	CFAC1_080021100.1-p1	1171
CbWHA1_9583.1.p1	CFAC1_080021600.1-p1	2244
CbWHA1_9584.1.p1	CFAC1_080021700.1-p1	124
CbWHA1_9585.1.p1	CFAC1_080021900.1-p1	425
CbWHA1_9586.1.p1	CFAC1_080022100.1-p1	778
CbWHA1_9587.1.p1	CFAC1_080022300.1-p1	142
CbWHA1_9588.1.p1	CFAC1_080022500.1-p1	534
CbWHA1_959.1.p1	CFAC1_300041800.1-p1	1195
CbWHA1_9593.1.p1	CFAC1_020006100.1-p1	69.3
CbWHA1_9594.1.p1	CFAC1_020005900.1-p1	138
CbWHA1_9599.1.p1	CFAC1_080022900.1-p1	325
CbWHA1_960.1.p1	CFAC1_300041900.1-p1	1140
CbWHA1_9600.1.p1	CFAC1_080023100.1-p1	794
CbWHA1_962.1.p1	CFAC1_300042000.1-p1	243
CbWHA1_963.1.p1	CFAC1_300042200.1-p1	139
CbWHA1_964.1.p1	CFAC1_300042400.1-p1	1746
CbWHA1_9645.1.p1	CFAC1_170024800.1-p1	895
CbWHA1_9646.1.p1	CFAC1_170025000.1-p1	848
CbWHA1_9648.1.p1	CFAC1_050014500.1-p1	1730
CbWHA1_9649.1.p1	CFAC1_050014400.1-p1	1133
CbWHA1_965.1.p1	CFAC1_300042800.1-p1	1439
CbWHA1_9650.1.p1	CFAC1_050014300.1-p1	1692
CbWHA1_9651.1.p1	CFAC1_050014200.1-p1	311
CbWHA1_9652.1.p1	CFAC1_050014100.1-p1	249
CbWHA1_9654.1.p1	CFAC1_050013800.1-p1	1073
CbWHA1_9655.1.p1	CFAC1_050013700.1-p1	815
CbWHA1_9656.1.p1	CFAC1_050013600.1-p1	2219
CbWHA1_9657.1.p1	CFAC1_050013500.1-p1	1152
CbWHA1_9658.1.p1	CFAC1_050013400.1-p1	653
CbWHA1_9659.1.p1	CFAC1_050013300.1-p1	276
CbWHA1_9660.1.p1	CFAC1_050013200.1-p1	140
CbWHA1_9661.1.p1	CFAC1_050013200.1-p1	60.1
CbWHA1_9663.1.p1	CFAC1_050013000.1-p1	93.2
CbWHA1_9665.1.p1	CFAC1_050012900.1-p1	278
CbWHA1_9666.1.p1	CFAC1_050012800.1-p1	795
CbWHA1_9667.1.p1	CFAC1_050012700.1-p1	934
CbWHA1_9669.1.p1	CFAC1_050012500.1-p1	275
CbWHA1_967.1.p1	CFAC1_300043000.1-p1	453
CbWHA1_9670.1.p1	CFAC1_050012400.1-p1	543
CbWHA1_9672.1.p1	CFAC1_050012000.1-p1	785
CbWHA1_9673.1.p1	CFAC1_050011900.1-p1	1402
CbWHA1_9674.1.p1	CFAC1_050011800.1-p1	583
CbWHA1_9675.1.p1	CFAC1_050011700.1-p1	644
CbWHA1_9676.1.p1	CFAC1_050011600.1-p1	185
CbWHA1_9678.1.p1	CFAC1_050010200.1-p1	208
CbWHA1_9679.1.p1	CFAC1_050011200.1-p1	1211
CbWHA1_968.1.p1	CFAC1_300043500.1-p1	753
CbWHA1_9680.1.p1	CFAC1_050010900.1-p1	1026
CbWHA1_9681.1.p1	CFAC1_050010900.1-p1	1353
CbWHA1_9682.1.p1	CFAC1_050010800.1-p1	1318
CbWHA1_9683.1.p1	CFAC1_050010600.1-p1	1217
CbWHA1_9684.1.p1	CFAC1_050009600.1-p1	590
CbWHA1_9685.1.p1	CFAC1_050010400.1-p1	592
CbWHA1_9686.1.p1	CFAC1_050010200.1-p1	1195
CbWHA1_9687.1.p1	CFAC1_050010100.1-p1	1220
CbWHA1_9689.1.p1	CFAC1_050009800.1-p1	228
CbWHA1_969.1.p1	CFAC1_300043800.1-p1	747
CbWHA1_9690.1.p1	CFAC1_050009700.1-p1	578
CbWHA1_9691.1.p1	CFAC1_050009400.1-p1	368
CbWHA1_9692.1.p1	CFAC1_050008700.1-p1	197
CbWHA1_9693.1.p1	CFAC1_050009300.1-p1	348
CbWHA1_9694.1.p1	CFAC1_050009200.1-p1	751
CbWHA1_9695.1.p1	CFAC1_050009100.1-p1	1019
CbWHA1_9696.1.p1	CFAC1_050009000.1-p1	271
CbWHA1_9699.1.p1	CFAC1_050008400.1-p1	565
CbWHA1_97.1.p1	CFAC1_290027400.1-p1	250
CbWHA1_970.1.p1	CFAC1_300043900.1-p1	444
CbWHA1_9700.1.p1	CFAC1_050007800.1-p1	297
CbWHA1_9705.1.p1	CFAC1_050007700.1-p1	548
CbWHA1_9706.1.p1	CFAC1_050007600.1-p1	751
CbWHA1_9707.1.p1	CFAC1_050007400.1-p1	477
CbWHA1_9708.1.p1	CFAC1_050007300.1-p1	757
CbWHA1_9709.1.p1	CFAC1_050007200.1-p1	332
CbWHA1_971.1.p1	CFAC1_300044000.1-p1	308
CbWHA1_9711.1.p1	CFAC1_050007000.1-p1	927
CbWHA1_9712.1.p1	CFAC1_050006800.1-p1	270
CbWHA1_9715.1.p1	CFAC1_050006400.1-p1	396
CbWHA1_9716.1.p1	CFAC1_050006300.1-p1	377
CbWHA1_9717.1.p1	CFAC1_050006200.1-p1	260
CbWHA1_9718.1.p1	CFAC1_050006100.1-p1	432
CbWHA1_9719.1.p1	CFAC1_050005900.1-p1	360
CbWHA1_9720.1.p1	CFAC1_050005800.1-p1	609
CbWHA1_9721.1.p1	CFAC1_050005700.1-p1	328
CbWHA1_9722.1.p1	CFAC1_050005600.1-p1	1211
CbWHA1_9724.1.p1	CFAC1_050005400.1-p1	922
CbWHA1_9725.1.p1	CFAC1_050005300.1-p1	765
CbWHA1_9729.1.p1	CFAC1_050005200.1-p1	407
CbWHA1_973.1.p1	CFAC1_300044300.1-p1	782
CbWHA1_9730.1.p1	CFAC1_210026500.1-p1	1214
CbWHA1_9732.1.p1	CFAC1_210027400.1-p1	381
CbWHA1_9733.1.p1	CFAC1_210026900.1-p1	1189
CbWHA1_9735.1.p1	CFAC1_210027300.1-p1	921
CbWHA1_9736.1.p1	CFAC1_210027500.1-p1	824
CbWHA1_9737.1.p1	CFAC1_210027600.1-p1	558
CbWHA1_9738.1.p1	CFAC1_210027700.1-p1	1114
CbWHA1_9739.1.p1	CFAC1_210027800.1-p1	314
CbWHA1_974.1.p1	CFAC1_300044400.1-p1	572
CbWHA1_9740.1.p1	CFAC1_210027900.1-p1	1024
CbWHA1_9741.1.p1	CFAC1_210028000.1-p1	816
CbWHA1_9742.1.p1	CFAC1_210028100.1-p1	427
CbWHA1_9743.1.p1	CFAC1_210028200.1-p1	335
CbWHA1_9744.1.p1	CFAC1_210028300.1-p1	209
CbWHA1_9745.1.p1	CFAC1_210028400.1-p1	385
CbWHA1_9747.1.p1	CFAC1_210028500.1-p1	3940
CbWHA1_977.1.p1	CFAC1_300044900.1-p1	225
CbWHA1_978.1.p1	CFAC1_300045100.1-p1	204
CbWHA1_979.1.p1	CFAC1_300045200.1-p1	1025
CbWHA1_98.1.p1	CFAC1_160018100.1-p1	868
CbWHA1_980.1.p1	CFAC1_300045300.1-p1	331
CbWHA1_981.1.p1	CFAC1_300045400.1-p1	464
CbWHA1_982.1.p1	CFAC1_300045600.1-p1	529
CbWHA1_983.1.p1	CFAC1_300046000.1-p1	764
CbWHA1_984.1.p1	CFAC1_300045800.1-p1	7427
CbWHA1_986.1.p1	CFAC1_300046100.1-p1	798
CbWHA1_987.1.p1	CFAC1_300046300.1-p1	231
CbWHA1_988.1.p1	CFAC1_300046400.1-p1	1299
CbWHA1_989.1.p1	CFAC1_300046500.1-p1	643
CbWHA1_99.1.p1	CFAC1_160017800.1-p1	722
CbWHA1_990.1.p1	CFAC1_300046600.1-p1	534
CbWHA1_991.1.p1	CFAC1_300046700.1-p1	498
CbWHA1_992.1.p1	CFAC1_300046800.1-p1	1403
CbWHA1_994.1.p1	CFAC1_300047700.1-p1	313
CbWHA1_995.1.p1	CFAC1_300047100.1-p1	182
CbWHA1_996.1.p1	CFAC1_300047600.1-p1	302
CbWHA1_997.1.p1	CFAC1_300047800.1-p1	350
CbWHA1_998.1.p1	CFAC1_300047900.1-p1	1055
CbWHA1_999.1.p1	CFAC1_300048000.1-p1	335
